{
"type": "FeatureCollection",
"name": "final_hotspots",
"crs": { "type": "name", "properties": { "name": "urn:ogc:def:crs:OGC:1.3:CRS84" } },
"features": [
{ "type": "Feature", "properties": { "dining_cluster_id": 73, "taxi_hotspot_id": 61, "n_restaurants": 363, "n_taxi_dropoffs": 246900, "taxi_weight": 166776.3, "avg_rating": 4.235403726708074, "dining_area_sqm": 28959073.273352973, "taxi_area_sqm": 474829918.28545582, "intersection_area_sqm": 28959073.273352973, "overlap_ratio_dining": 1.0, "overlap_ratio_taxi": 0.060988307935439537, "min_overlap_ratio": 0.060988307935439537, "restaurant_density": 12.534931507425641, "taxi_density": 5759.0344285450992, "restaurant_score": 5.9694363707417448, "taxi_score": 100.0, "popularity_score": 52.984718185370873, "rank": 2, "restaurant_score_v2": 4.8176893207254778, "taxi_score_v2": 100.00000000000001, "popularity_score_v2": 86.720772800645236, "entropy_weight_restaurant": 0.21044731073303888, "entropy_weight_taxi": 0.78955268926696109, "rank_v2": 1 }, "geometry": { "type": "Polygon", "coordinates": [ [ [ -73.982611086793327, 40.770833829498429 ], [ -73.98264278897291, 40.77082311732994 ], [ -73.98267569718773, 40.770814767947989 ], [ -73.982709507569808, 40.770808858448952 ], [ -73.982743907920991, 40.770805443400029 ], [ -73.982778580595735, 40.77080455433493 ], [ -73.98281320543397, 40.770806199463181 ], [ -73.982847462717345, 40.770810363593988 ], [ -73.982881036121242, 40.770817008276616 ], [ -73.982913615635724, 40.770826072155522 ], [ -73.982944900427839, 40.770837471536673 ], [ -73.982974601619404, 40.770851101160517 ], [ -73.983002444954465, 40.770866835173734 ], [ -73.98302817333159, 40.770884528291496 ], [ -73.983051549177915, 40.770904017138832 ], [ -73.983072356642893, 40.770925121759099 ], [ -73.983090403591333, 40.770947647275797 ], [ -73.983105523377759, 40.770971385691929 ], [ -73.983117576385126, 40.770996117810476 ], [ -73.98407218703808, 40.773287214987526 ], [ -73.984080307813528, 40.77331009121567 ], [ -73.98408580304617, 40.773333414658701 ], [ -73.984088631780466, 40.773357011500629 ], [ -73.984088772932665, 40.773380705887789 ], [ -73.983768806961706, 40.779670806879537 ], [ -73.98376525078497, 40.779700050439196 ], [ -73.983757604557923, 40.779728837770598 ], [ -73.983745955814612, 40.779756839296567 ], [ -73.983730437913081, 40.779783734435973 ], [ -73.968481120971987, 40.802773876659437 ], [ -73.968479580141064, 40.802776171873766 ], [ -73.966967988015483, 40.805001876037899 ], [ -73.966960365079231, 40.805012516777353 ], [ -73.966198068272192, 40.806022818827387 ], [ -73.966177586881471, 40.806046944341944 ], [ -73.966153900997838, 40.806069312249591 ], [ -73.965905101168346, 40.806280612824366 ], [ -73.965879750122014, 40.806300092399702 ], [ -73.96585196973939, 40.806317554676376 ], [ -73.965822036778533, 40.806332825687839 ], [ -73.965790249443003, 40.806345753297784 ], [ -73.965756924411011, 40.806356208715812 ], [ -73.965722393680494, 40.806364087780409 ], [ -73.965687001261514, 40.806369311996896 ], [ -73.965651099748953, 40.806371829319325 ], [ -73.965615046809646, 40.806371614668983 ], [ -73.965579201619178, 40.80636867018432 ], [ -73.965543921283285, 40.806363025199587 ], [ -73.9655095572802, 40.806354735952645 ], [ -73.965476451958878, 40.806343885024638 ], [ -73.965444935128346, 40.806330580517212 ], [ -73.964108232264522, 40.80569797832662 ], [ -73.964077855544502, 40.805681904143732 ], [ -73.964049803351443, 40.805663552082365 ], [ -73.96402437028317, 40.805643114873149 ], [ -73.964001823431147, 40.805620807144301 ], [ -73.963982399575585, 40.8055968631678 ], [ -73.960886213884237, 40.801301654749743 ], [ -73.960871129395144, 40.801278130321791 ], [ -73.960859061608346, 40.801253621179107 ], [ -73.96085012021652, 40.801228350109618 ], [ -73.960844386493122, 40.801202546826786 ], [ -73.960841912553803, 40.80117644588173 ], [ -73.960842720882738, 40.801150284530962 ], [ -73.960846804128366, 40.801124300579723 ], [ -73.961318915226059, 40.798990002023054 ], [ -73.961326868483638, 40.79896266189531 ], [ -73.961338445762152, 40.798936079795595 ], [ -73.961353526573504, 40.798910532361781 ], [ -73.978519517601896, 40.77339017976017 ], [ -73.978536614044856, 40.773367488702824 ], [ -73.978556473325455, 40.773346137486975 ], [ -73.978578915183391, 40.773326319912407 ], [ -73.978603735917389, 40.773308215858172 ], [ -73.981208133977105, 40.771581921167396 ], [ -73.981212030641174, 40.771579375075753 ], [ -73.981657330245852, 40.771292575968673 ], [ -73.981698185235885, 40.771269804079303 ], [ -73.982580883381061, 40.770846805539406 ], [ -73.982611086793327, 40.770833829498429 ] ] ] } },
{ "type": "Feature", "properties": { "dining_cluster_id": 110, "taxi_hotspot_id": 61, "n_restaurants": 753, "n_taxi_dropoffs": 246900, "taxi_weight": 166776.3, "avg_rating": 4.2811518324607327, "dining_area_sqm": 32270057.456567984, "taxi_area_sqm": 474829918.28545582, "intersection_area_sqm": 32270057.456567988, "overlap_ratio_dining": 1.0000000000000002, "overlap_ratio_taxi": 0.067961297748656266, "min_overlap_ratio": 0.067961297748656266, "restaurant_density": 23.334324737830315, "taxi_density": 5168.1438815057227, "restaurant_score": 11.112367602023726, "taxi_score": 89.739763594560543, "popularity_score": 50.426065598292134, "rank": 3, "restaurant_score_v2": 11.82307443525572, "taxi_score_v2": 95.728502969255018, "popularity_score_v2": 86.600183840850093, "entropy_weight_restaurant": 0.21044731073303888, "entropy_weight_taxi": 0.78955268926696109, "rank_v2": 2 }, "geometry": { "type": "Polygon", "coordinates": [ [ [ -73.994222880202457, 40.712172925535818 ], [ -73.994261354046841, 40.712174595827136 ], [ -73.994299374158985, 40.712179379790399 ], [ -73.998695857342256, 40.71291797684664 ], [ -73.998728950413167, 40.712924805596245 ], [ -73.99876104187976, 40.712933994423103 ], [ -73.99879184177459, 40.712945460300368 ], [ -73.998821071799995, 40.712959099626381 ], [ -73.998848467842663, 40.712974789160917 ], [ -73.998873782359979, 40.712992387138776 ], [ -73.998896786616768, 40.713011734550541 ], [ -73.998917272752067, 40.713032656579308 ], [ -73.99893505565727, 40.713054964180458 ], [ -74.002936774439235, 40.718658853260614 ], [ -74.002951917426941, 40.718682740574323 ], [ -74.002963959758844, 40.718707628338443 ], [ -74.002972789003891, 40.718733284200098 ], [ -74.002978322728126, 40.718759468635184 ], [ -74.002980509264574, 40.718785937184485 ], [ -74.002979328195579, 40.718812442736073 ], [ -74.002974790543689, 40.718838737832208 ], [ -74.002966938668891, 40.718864576979719 ], [ -74.002955845873188, 40.718889718941895 ], [ -74.002941615716466, 40.718913928990773 ], [ -74.002924381049795, 40.718936981098622 ], [ -74.002904302775107, 40.718958660048067 ], [ -73.989797624176944, 40.731746692141087 ], [ -73.989777710973001, 40.731764497491739 ], [ -73.987818904006403, 40.733371858430047 ], [ -73.987793147018877, 40.733390984587324 ], [ -73.987765013103086, 40.733408063487445 ], [ -73.987734782227861, 40.733422925172306 ], [ -73.987702755230174, 40.733435421747863 ], [ -73.987669250821497, 40.733445428856228 ], [ -73.987634602416065, 40.733452846912947 ], [ -73.987599154812784, 40.73345760209812 ], [ -73.987563260764034, 40.733459647091166 ], [ -73.987527277465048, 40.733458961541551 ], [ -73.98749156299931, 40.733455552271444 ], [ -73.985964664862863, 40.733250494968722 ], [ -73.985948393855921, 40.733248014950512 ], [ -73.982010978828029, 40.73257581227373 ], [ -73.981976701428835, 40.732568593083052 ], [ -73.981943524901837, 40.732558841844742 ], [ -73.981911771608097, 40.732546653307196 ], [ -73.981881750079268, 40.732532145900969 ], [ -73.981853752019688, 40.73251546058799 ], [ -73.981828049472, 40.732496759491639 ], [ -73.981804892173741, 40.732476224321758 ], [ -73.981784505130932, 40.732454054608787 ], [ -73.98176708643166, 40.732430465764942 ], [ -73.980393494063719, 40.730334561948482 ], [ -73.980373900742194, 40.730298425605902 ], [ -73.978117524447029, 40.725117318955604 ], [ -73.978108084616139, 40.725091473187383 ], [ -73.978102006110717, 40.725065049814596 ], [ -73.978099346985658, 40.725038301220351 ], [ -73.97810013263549, 40.725011482893834 ], [ -73.97810435555192, 40.724984850989934 ], [ -73.978111975395791, 40.724958659882709 ], [ -73.978612482130643, 40.723564961381882 ], [ -73.978625003102763, 40.723536371772404 ], [ -73.978641568126918, 40.723508998752934 ], [ -73.978661977524979, 40.72348317227538 ], [ -73.987552201614932, 40.713514695120338 ], [ -73.987572771570285, 40.713493833034995 ], [ -73.987595850894053, 40.713474550707801 ], [ -73.987621231204997, 40.713457022235566 ], [ -73.987648683347174, 40.713441405879671 ], [ -73.989299180289649, 40.712592408750503 ], [ -73.989329462880875, 40.712578428583235 ], [ -73.989361401378574, 40.712566775761346 ], [ -73.989394687827854, 40.712557562642459 ], [ -73.989429001277188, 40.712550878060384 ], [ -73.989464010872936, 40.712546786468423 ], [ -73.994184391746515, 40.712174387980291 ], [ -73.994222880202457, 40.712172925535818 ] ] ] } },
{ "type": "Feature", "properties": { "dining_cluster_id": 11, "taxi_hotspot_id": 6, "n_restaurants": 36, "n_taxi_dropoffs": 272, "taxi_weight": 166.9, "avg_rating": 2.5863636363636364, "dining_area_sqm": 3082135.3952319995, "taxi_area_sqm": 924222.83309791505, "intersection_area_sqm": 171440.67298604472, "overlap_ratio_dining": 0.055623991486960615, "overlap_ratio_taxi": 0.18549711914321615, "min_overlap_ratio": 0.055623991486960615, "restaurant_density": 209.98517663851214, "taxi_density": 973.51461058243547, "restaurant_score": 100.0, "taxi_score": 16.90412902824708, "popularity_score": 58.452064514123542, "rank": 1, "restaurant_score_v2": 100.0, "taxi_score_v2": 17.978208484488587, "popularity_score_v2": 22.728402517777003, "entropy_weight_restaurant": 0.21044731073303888, "entropy_weight_taxi": 0.78955268926696109, "rank_v2": 3 }, "geometry": { "type": "Polygon", "coordinates": [ [ [ -73.790219425122672, 40.645649653439179 ], [ -73.79060880206822, 40.645577844401558 ], [ -73.790662059455542, 40.645570152666743 ], [ -73.790716060444041, 40.645566562598574 ], [ -73.790770261959466, 40.645567110301478 ], [ -73.790824118911218, 40.645571790267354 ], [ -73.790877089673515, 40.645580555430968 ], [ -73.790928641532361, 40.645593317643268 ], [ -73.790978256042564, 40.645609948557833 ], [ -73.791025434241305, 40.645630280921559 ], [ -73.791069701666032, 40.645654110256572 ], [ -73.791110613125753, 40.645681196916556 ], [ -73.79114775717828, 40.645711268496626 ], [ -73.79118076026792, 40.645744022572906 ], [ -73.791209290482371, 40.645779129743637 ], [ -73.791233060890846, 40.645816236941933 ], [ -73.791251832429865, 40.645854970986392 ], [ -73.791265416307752, 40.645894942333911 ], [ -73.791424420775442, 40.646482941607438 ], [ -73.79143272177356, 40.646524053780304 ], [ -73.791435534302124, 40.646565594106953 ], [ -73.791432829643696, 40.646607138589253 ], [ -73.791424635394293, 40.64664826318581 ], [ -73.791411035182065, 40.646688548140283 ], [ -73.791392167814237, 40.646727582265719 ], [ -73.79136822586058, 40.646764967141685 ], [ -73.791339453688238, 40.646800321180841 ], [ -73.791306144967734, 40.646833283524167 ], [ -73.791268639675678, 40.646863517724043 ], [ -73.79122732062477, 40.646890715178756 ], [ -73.791195320563659, 40.646909715270532 ], [ -73.791169142380923, 40.646924318044896 ], [ -73.790208893186389, 40.647426942538885 ], [ -73.790219425122672, 40.645649653439179 ] ] ] } },
{ "type": "Feature", "properties": { "dining_cluster_id": 10, "taxi_hotspot_id": 7, "n_restaurants": 48, "n_taxi_dropoffs": 577, "taxi_weight": 380.4, "avg_rating": 2.5538461538461537, "dining_area_sqm": 5377422.2834379142, "taxi_area_sqm": 2147894.7632301003, "intersection_area_sqm": 378430.05999460776, "overlap_ratio_dining": 0.070373878049366886, "overlap_ratio_taxi": 0.17618649967073233, "min_overlap_ratio": 0.070373878049366886, "restaurant_density": 126.839818170586, "taxi_density": 1005.205559001894, "restaurant_score": 60.404177190535584, "taxi_score": 17.454411350963888, "popularity_score": 38.929294270749736, "rank": 4, "restaurant_score_v2": 78.965350625782378, "taxi_score_v2": 18.565621677162014, "popularity_score_v2": 21.630728564503183, "entropy_weight_restaurant": 0.21044731073303888, "entropy_weight_taxi": 0.78955268926696109, "rank_v2": 4 }, "geometry": { "type": "Polygon", "coordinates": [ [ [ -73.782424883905904, 40.645515252774139 ], [ -73.781200104720895, 40.645390059392852 ], [ -73.781148373912728, 40.645382804380304 ], [ -73.781097813853449, 40.645371753764515 ], [ -73.78104890335004, 40.645357012195646 ], [ -73.781002105587177, 40.645338719277447 ], [ -73.780957863740838, 40.645317048244976 ], [ -73.780916596781097, 40.6452922043241 ], [ -73.78087869550447, 40.645264422787911 ], [ -73.780844518832907, 40.645233966728462 ], [ -73.780814390415031, 40.645201124565375 ], [ -73.780788595561049, 40.645166207314141 ], [ -73.7807673785411, 40.645129545640977 ], [ -73.780750940272284, 40.645091486731161 ], [ -73.780739436416113, 40.645052391001187 ], [ -73.780732975904755, 40.645012628685542 ], [ -73.780731619909787, 40.644972576330645 ], [ -73.78073538126317, 40.644932613228804 ], [ -73.780758382412287, 40.644787613335353 ], [ -73.780767628301817, 40.644746741259759 ], [ -73.780782225699454, 40.644706785099821 ], [ -73.780802026468692, 40.644668150310743 ], [ -73.781034028785157, 40.644275151297833 ], [ -73.781058794029079, 40.644238279629626 ], [ -73.78108829723692, 40.644203489750623 ], [ -73.781122239847022, 40.644171133713222 ], [ -73.781160278375026, 40.644141538940502 ], [ -73.781202027890131, 40.644115004912742 ], [ -73.781247065910136, 40.644091800137112 ], [ -73.782277062466179, 40.643616802625743 ], [ -73.782310446613977, 40.643602610743088 ], [ -73.783378442290413, 40.643185613015888 ], [ -73.783414166520856, 40.643172895519527 ], [ -73.783787911700202, 40.643052293955222 ], [ -73.782424883905904, 40.645515252774139 ] ] ] } },
{ "type": "Feature", "properties": { "dining_cluster_id": 41, "taxi_hotspot_id": 24, "n_restaurants": 72, "n_taxi_dropoffs": 622, "taxi_weight": 358.5, "avg_rating": 3.3018181818181813, "dining_area_sqm": 11814815.280183529, "taxi_area_sqm": 716778.68660057569, "intersection_area_sqm": 716778.68660057615, "overlap_ratio_dining": 0.060667786131434281, "overlap_ratio_taxi": 1.0000000000000007, "min_overlap_ratio": 0.060667786131434281, "restaurant_density": 100.44941534390502, "taxi_density": 500.15438056652704, "restaurant_score": 47.83643157670501, "taxi_score": 8.6846916227392779, "popularity_score": 28.260561599722145, "rank": 5, "restaurant_score_v2": 61.846339290220484, "taxi_score_v2": 9.2041560226335513, "popularity_score_v2": 12.963463644361214, "entropy_weight_restaurant": 0.21044731073303888, "entropy_weight_taxi": 0.78955268926696109, "rank_v2": 5 }, "geometry": { "type": "Polygon", "coordinates": [ [ [ -73.862857662464307, 40.766761886745833 ], [ -73.86290495560398, 40.76676666806074 ], [ -73.863384952775377, 40.766831667669081 ], [ -73.863433781788004, 40.766840066980578 ], [ -73.863481381896548, 40.766851858922863 ], [ -73.863527346261691, 40.766866942710081 ], [ -73.863571282024012, 40.766885189420734 ], [ -73.863612813661817, 40.766906443099892 ], [ -73.863651586200518, 40.766930522091677 ], [ -73.863912585965863, 40.767108521280655 ], [ -73.863951385925546, 40.767137800626976 ], [ -73.863986105447722, 40.767169905014931 ], [ -73.864016390690253, 40.767204507259997 ], [ -73.864041933000536, 40.767241254720844 ], [ -73.864062472061164, 40.767279772893062 ], [ -73.864077798543207, 40.767319669225678 ], [ -73.864087756239911, 40.767360537121817 ], [ -73.864092243658916, 40.767401960082218 ], [ -73.86409121505703, 40.767443515950099 ], [ -73.864084680906856, 40.767484781213327 ], [ -73.863794690876176, 40.76876678254326 ], [ -73.863782908405184, 40.76880681309688 ], [ -73.863765944909858, 40.768845753542543 ], [ -73.863743968779318, 40.768883217315228 ], [ -73.863717198164608, 40.768918832508291 ], [ -73.863685898813344, 40.768952245565529 ], [ -73.863650381431796, 40.768983124791092 ], [ -73.863610998600578, 40.769011163642418 ], [ -73.863568141274854, 40.769036083773329 ], [ -73.863522234902987, 40.769057637797466 ], [ -73.863473735203215, 40.769075611744093 ], [ -73.862694731582749, 40.769328613168106 ], [ -73.862646828758159, 40.769342176075831 ], [ -73.862597457271988, 40.769352244648076 ], [ -73.862547057034917, 40.769358729171508 ], [ -73.862496077124504, 40.769361571867563 ], [ -73.862444971783603, 40.769360747407227 ], [ -73.86239419637279, 40.76935626313653 ], [ -73.862344203312659, 40.769348159011372 ], [ -73.862295438052556, 40.769336507241434 ], [ -73.862248335101242, 40.769321411646551 ], [ -73.862203314155138, 40.769303006731811 ], [ -73.862160776358664, 40.769281456488919 ], [ -73.861487774827552, 40.768904454631276 ], [ -73.861450734851402, 40.768881730067939 ], [ -73.861416462500699, 40.768856620567711 ], [ -73.861266462569233, 40.768736620061738 ], [ -73.861218335808289, 40.768692294370396 ], [ -73.86070633757474, 40.768147292431642 ], [ -73.860678364694678, 40.768114296021082 ], [ -73.860654652455594, 40.76807942407136 ], [ -73.860635416432501, 40.768042993623723 ], [ -73.860620831503596, 40.768005335888098 ], [ -73.860611030260586, 40.767966793231864 ], [ -73.860606101803484, 40.767927716067071 ], [ -73.860599102702921, 40.767816716034531 ], [ -73.860598564254957, 40.767789803959637 ], [ -73.860600564962041, 40.767702803968938 ], [ -73.860606121316309, 40.76765073973931 ], [ -73.860694124939286, 40.767190740144578 ], [ -73.860704134862587, 40.767151739496704 ], [ -73.860719043265306, 40.767113654167581 ], [ -73.860738711266222, 40.767076838924993 ], [ -73.860762955648966, 40.767041636705372 ], [ -73.860791550568862, 40.767008375419017 ], [ -73.86082422965697, 40.766977364896057 ], [ -73.860860688501461, 40.766948894000144 ], [ -73.860900587483286, 40.76692322793788 ], [ -73.860943554939823, 40.766900605788678 ], [ -73.860989190626867, 40.766881238277499 ], [ -73.86103706944688, 40.766865305812374 ], [ -73.861086745408613, 40.766852956803703 ], [ -73.861137755781428, 40.766844306282096 ], [ -73.86118962540526, 40.766839434826906 ], [ -73.862561616994682, 40.766761435302975 ], [ -73.86260200064288, 40.766760288868554 ], [ -73.862809999357069, 40.766760288868554 ], [ -73.862857662464307, 40.766761886745833 ] ] ] } },
{ "type": "Feature", "properties": { "dining_cluster_id": 139, "taxi_hotspot_id": 52, "n_restaurants": 195, "n_taxi_dropoffs": 90, "taxi_weight": 57.9, "avg_rating": 4.1066666666666674, "dining_area_sqm": 14035599.590138623, "taxi_area_sqm": 6058555.3715666672, "intersection_area_sqm": 1677360.6766740314, "overlap_ratio_dining": 0.11950758967593667, "overlap_ratio_taxi": 0.27685819041054449, "min_overlap_ratio": 0.11950758967593667, "restaurant_density": 116.25406670833453, "taxi_density": 34.518515191859329, "restaurant_score": 55.362987316226146, "taxi_score": 0.59938025410589035, "popularity_score": 27.981183785166017, "rank": 6, "restaurant_score_v2": 72.098551340153037, "taxi_score_v2": 0.57327989097944099, "popularity_score_v2": 10.44928488145039, "entropy_weight_restaurant": 0.21044731073303888, "entropy_weight_taxi": 0.78955268926696109, "rank_v2": 6 }, "geometry": { "type": "Polygon", "coordinates": [ [ [ -73.888934584531214, 40.749893672101948 ], [ -73.888919213540873, 40.749895038719906 ], [ -73.883022450219187, 40.750321922041614 ], [ -73.883712219577035, 40.747569912255202 ], [ -73.883724841726959, 40.74753031711662 ], [ -73.883742547789723, 40.747491864622766 ], [ -73.883765164368384, 40.747454931323581 ], [ -73.883792469980236, 40.747419878891407 ], [ -73.883824197226133, 40.747387050579526 ], [ -73.883860035409114, 40.747356767860907 ], [ -73.883899633577073, 40.747329327280212 ], [ -73.883942603959611, 40.747304997550081 ], [ -73.883988525765218, 40.747284016919714 ], [ -73.884036949301901, 40.74726659084201 ], [ -73.884087400380679, 40.747252889961814 ], [ -73.884139384958857, 40.747243048444837 ], [ -73.884192393977798, 40.747237162664014 ], [ -73.884245908347566, 40.747235290255638 ], [ -73.884299404029889, 40.747237449555335 ], [ -73.884352357169462, 40.7472436194182 ], [ -73.886946342118279, 40.747646617001251 ], [ -73.887006125093947, 40.747658645699289 ], [ -73.890089108915816, 40.748424641242288 ], [ -73.890135950498731, 40.748438132562221 ], [ -73.890180952035266, 40.748454858588993 ], [ -73.890223728295936, 40.748474676142266 ], [ -73.89026391309946, 40.748497415577091 ], [ -73.890301162447216, 40.74852288223601 ], [ -73.890335157468087, 40.748550858115458 ], [ -73.890365607148041, 40.748581103731617 ], [ -73.891333446613316, 40.749640609813127 ], [ -73.888934584531214, 40.749893672101948 ] ] ] } },
{ "type": "Feature", "properties": { "dining_cluster_id": 44, "taxi_hotspot_id": 28, "n_restaurants": 171, "n_taxi_dropoffs": 174, "taxi_weight": 122.9, "avg_rating": 4.0109375, "dining_area_sqm": 22499553.337360971, "taxi_area_sqm": 4083988.4255648553, "intersection_area_sqm": 1663474.1454447208, "overlap_ratio_dining": 0.073933651948658363, "overlap_ratio_taxi": 0.40731607735020603, "min_overlap_ratio": 0.073933651948658363, "restaurant_density": 102.79690878771312, "taxi_density": 73.881520994210192, "restaurant_score": 48.954364509584984, "taxi_score": 1.2828803493170786, "popularity_score": 25.11862242945103, "rank": 7, "restaurant_score_v2": 63.369118883189756, "taxi_score_v2": 1.3028998633935229, "popularity_score_v2": 9.4161939669074926, "entropy_weight_restaurant": 0.21044731073303888, "entropy_weight_taxi": 0.78955268926696109, "rank_v2": 7 }, "geometry": { "type": "Polygon", "coordinates": [ [ [ -73.942329372012694, 40.832335471336592 ], [ -73.942358613158078, 40.832320384627565 ], [ -73.942389655085734, 40.832307540127481 ], [ -73.942422200750897, 40.832297060746754 ], [ -73.942455938719846, 40.832289046763854 ], [ -73.942490546149969, 40.832283574865343 ], [ -73.94252569187897, 40.832280697412486 ], [ -73.942561039593755, 40.832280441939908 ], [ -73.9425962510484, 40.832282810892217 ], [ -73.942630989300881, 40.832287781600684 ], [ -73.942664921937109, 40.832295306500114 ], [ -73.942697724251758, 40.832305313583845 ], [ -73.945172516935315, 40.833169310381649 ], [ -73.945205036855654, 40.833182220524456 ], [ -73.945235665402095, 40.833197568969794 ], [ -73.945264086769413, 40.833215197463495 ], [ -73.945290007909392, 40.833234924242106 ], [ -73.945313161552534, 40.833256545907027 ], [ -73.945333308963569, 40.833279839521794 ], [ -73.945834710959105, 40.833929138181873 ], [ -73.945850732432078, 40.833952360082137 ], [ -73.945863763761182, 40.83397663705815 ], [ -73.945873686048657, 40.834001747613129 ], [ -73.945880408762477, 40.834027462644599 ], [ -73.94588387056244, 40.834053547534758 ], [ -73.945884039860076, 40.834079764291097 ], [ -73.945880915106841, 40.834105873717547 ], [ -73.945874524808488, 40.834131637597189 ], [ -73.944820454828658, 40.83749038112704 ], [ -73.943124906306238, 40.836583625739465 ], [ -73.943083465720449, 40.836559098323491 ], [ -73.943045346075792, 40.836531639229484 ], [ -73.943010905446442, 40.836501506395486 ], [ -73.9404134465304, 40.83399289716688 ], [ -73.940881061929559, 40.83336333830394 ], [ -73.940901313820248, 40.833339123617833 ], [ -73.940924782668091, 40.833316646689084 ], [ -73.940951212097175, 40.833296153054818 ], [ -73.942302211462987, 40.832352655887824 ], [ -73.942329372012694, 40.832335471336592 ] ] ] } },
{ "type": "Feature", "properties": { "dining_cluster_id": 139, "taxi_hotspot_id": 51, "n_restaurants": 195, "n_taxi_dropoffs": 81, "taxi_weight": 42.7, "avg_rating": 4.1066666666666674, "dining_area_sqm": 14035599.590138623, "taxi_area_sqm": 1902734.0833480917, "intersection_area_sqm": 1902734.0833480908, "overlap_ratio_dining": 0.13556485928003723, "overlap_ratio_taxi": 0.99999999999999956, "min_overlap_ratio": 0.13556485928003723, "restaurant_density": 102.48410521814688, "taxi_density": 22.441391245204471, "restaurant_score": 48.805399913810334, "taxi_score": 0.38967280928156955, "popularity_score": 24.597536361545952, "rank": 8, "restaurant_score_v2": 63.166208458200153, "taxi_score_v2": 0.34942221900578646, "popularity_score_v2": 9.2443264497525846, "entropy_weight_restaurant": 0.21044731073303888, "entropy_weight_taxi": 0.78955268926696109, "rank_v2": 8 }, "geometry": { "type": "Polygon", "coordinates": [ [ [ -73.890842371531761, 40.744935535376314 ], [ -73.890882539182471, 40.744908869876326 ], [ -73.890925960975395, 40.744885338939476 ], [ -73.890972215693836, 40.744865170827872 ], [ -73.89102085464161, 40.744848561182224 ], [ -73.891071405995405, 40.744835671124349 ], [ -73.891123379381668, 40.744826625694031 ], [ -73.891176270633153, 40.744821512636307 ], [ -73.8912295666793, 40.744820381550291 ], [ -73.891282750523189, 40.744823243408028 ], [ -73.891335306256153, 40.74483007044816 ], [ -73.891386724062215, 40.744840796445132 ], [ -73.891436505163227, 40.744855317351558 ], [ -73.893716494780946, 40.745620313067164 ], [ -73.893774093243223, 40.745642860006072 ], [ -73.893827738096491, 40.745670478228739 ], [ -73.895111735515442, 40.746420474587694 ], [ -73.895151342275156, 40.746445995573815 ], [ -73.89518755284621, 40.746474284396427 ], [ -73.895220034259182, 40.746505080932913 ], [ -73.895248487833939, 40.746538102001402 ], [ -73.895272651926135, 40.746573043964268 ], [ -73.89529230433331, 40.746609585520517 ], [ -73.895307264338228, 40.746647390659689 ], [ -73.895317394370963, 40.746686111751799 ], [ -73.895322601274074, 40.746725392743834 ], [ -73.895322837159597, 40.746764872433687 ], [ -73.895318099849661, 40.746804187791462 ], [ -73.89530843289684, 40.746842977297739 ], [ -73.895293925184077, 40.746880884267931 ], [ -73.894409938430513, 40.74883588815954 ], [ -73.894389625711611, 40.748874384307086 ], [ -73.894364322668139, 40.74891113065987 ], [ -73.89433428613485, 40.748945754217964 ], [ -73.894299820995926, 40.748977903528655 ], [ -73.894261277090465, 40.749007252254032 ], [ -73.894107276962885, 40.749113252735121 ], [ -73.894066324172897, 40.749138784431608 ], [ -73.894022287293268, 40.749161151123872 ], [ -73.893975587678739, 40.749180138800966 ], [ -73.893926672163076, 40.749195565783118 ], [ -73.893876008783607, 40.749207284460276 ], [ -73.89382408230253, 40.749215182704468 ], [ -73.893771389568514, 40.749219184942831 ], [ -73.893148385733028, 40.749243185089576 ], [ -73.893097419316803, 40.749243321456987 ], [ -73.893046661903966, 40.749239812191398 ], [ -73.89299656337414, 40.749232688396511 ], [ -73.89294756776674, 40.749222013212929 ], [ -73.892900109345064, 40.749207881258201 ], [ -73.889502094002623, 40.748052874803498 ], [ -73.889452663801251, 40.748033703333334 ], [ -73.889406073644324, 40.748010784523366 ], [ -73.889362812986064, 40.747984359149221 ], [ -73.889323336300748, 40.747954704824956 ], [ -73.88928805830821, 40.747922133086149 ], [ -73.889257349616997, 40.747886986116967 ], [ -73.88923153283109, 40.747849633155312 ], [ -73.889210879160842, 40.747810466613629 ], [ -73.889195605574329, 40.74776989795614 ], [ -73.889185872518013, 40.747728353376381 ], [ -73.889064878326479, 40.746996352817469 ], [ -73.889060941503899, 40.746958487457135 ], [ -73.889061609874076, 40.746920507309589 ], [ -73.889066877740376, 40.746882735640717 ], [ -73.889076700257959, 40.746845493941407 ], [ -73.889090993815771, 40.746809099191168 ], [ -73.889109636748387, 40.746773861160371 ], [ -73.889132470371877, 40.746740079773552 ], [ -73.889756474281, 40.745913082293193 ], [ -73.889783279326863, 40.745881071171446 ], [ -73.889813846167797, 40.745851073253995 ], [ -73.890805847674443, 40.744965076770193 ], [ -73.890842371531761, 40.744935535376314 ] ] ] } },
{ "type": "Feature", "properties": { "dining_cluster_id": 139, "taxi_hotspot_id": 47, "n_restaurants": 195, "n_taxi_dropoffs": 535, "taxi_weight": 354.1, "avg_rating": 4.1066666666666674, "dining_area_sqm": 14035599.590138623, "taxi_area_sqm": 30625059.746332601, "intersection_area_sqm": 2114350.1539870719, "overlap_ratio_dining": 0.15064195443938205, "overlap_ratio_taxi": 0.069039870338220927, "min_overlap_ratio": 0.069039870338220927, "restaurant_density": 92.226918815828412, "taxi_density": 167.47462539838384, "restaurant_score": 43.920680636708148, "taxi_score": 2.9080330648534223, "popularity_score": 23.414356850780784, "rank": 9, "restaurant_score_v2": 56.512543811795631, "taxi_score_v2": 3.0377114424788578, "popularity_score_v2": 8.9755207210935577, "entropy_weight_restaurant": 0.21044731073303888, "entropy_weight_taxi": 0.78955268926696109, "rank_v2": 9 }, "geometry": { "type": "Polygon", "coordinates": [ [ [ -73.9067492579494, 40.743638028188215 ], [ -73.906782321462927, 40.743640374439707 ], [ -73.906814961446401, 40.743645022248117 ], [ -73.906846901537989, 40.743651932260548 ], [ -73.906877871301631, 40.743661045970128 ], [ -73.906907608516732, 40.743672286211371 ], [ -73.907016908244699, 40.743718486046568 ], [ -73.907046910295207, 40.743732672130228 ], [ -73.907074944924318, 40.743749021306549 ], [ -73.907100743483682, 40.743767376906717 ], [ -73.907124058751961, 40.743787563034736 ], [ -73.907144667303726, 40.743809386253204 ], [ -73.907162371650671, 40.743832637436654 ], [ -73.907177002134034, 40.743857093775766 ], [ -73.907450404354265, 40.744380692987079 ], [ -73.907462322995485, 40.744407460197159 ], [ -73.907470559620819, 40.744435017620475 ], [ -73.907475026908031, 40.744463073117068 ], [ -73.907475677493991, 40.74449132926641 ], [ -73.907429783044307, 40.745517729408796 ], [ -73.907427012526057, 40.745543594538319 ], [ -73.907421042566099, 40.745569145063008 ], [ -73.907411926527331, 40.745594152582143 ], [ -73.907399745896257, 40.745618393548888 ], [ -73.907384609554654, 40.74564165126845 ], [ -73.907366652806388, 40.745663717835285 ], [ -73.907346036168036, 40.745684395991525 ], [ -73.907170136368848, 40.745844496410463 ], [ -73.9071476191221, 40.745863167494242 ], [ -73.907122934139664, 40.745880179958142 ], [ -73.907096291744281, 40.74589538885018 ], [ -73.907067918937059, 40.745908664585492 ], [ -73.907038057463225, 40.745919894050125 ], [ -73.907006961752373, 40.745928981565136 ], [ -73.900376208152167, 40.747603808563532 ], [ -73.899752435081197, 40.746776871882929 ], [ -73.899728002334754, 40.746740389960934 ], [ -73.89970845465821, 40.746702242874186 ], [ -73.899693985346971, 40.746662807853134 ], [ -73.89968473747642, 40.746622474863919 ], [ -73.899680802487453, 40.746581642751742 ], [ -73.899682219282582, 40.746540715296788 ], [ -73.899688973841606, 40.74650009722135 ], [ -73.899700999360689, 40.746460190187641 ], [ -73.899718176913311, 40.746421388825866 ], [ -73.89974033662665, 40.746384076831703 ], [ -73.899767259361738, 40.746348623172516 ], [ -73.901907269387124, 40.743828631541653 ], [ -73.9019421562639, 40.743792109882037 ], [ -73.901982090586984, 40.743758712707283 ], [ -73.902026592250948, 40.743728841524693 ], [ -73.90207512624329, 40.743702855450898 ], [ -73.902500124885862, 40.743500856499494 ], [ -73.902531718534021, 40.743487052277871 ], [ -73.9067492579494, 40.743638028188215 ] ] ] } },
{ "type": "Feature", "properties": { "dining_cluster_id": 41, "taxi_hotspot_id": 26, "n_restaurants": 72, "n_taxi_dropoffs": 690, "taxi_weight": 413.5, "avg_rating": 3.3018181818181813, "dining_area_sqm": 11814815.280183529, "taxi_area_sqm": 1145745.4132582287, "intersection_area_sqm": 1145745.4132582291, "overlap_ratio_dining": 0.096975313289911325, "overlap_ratio_taxi": 1.0000000000000004, "min_overlap_ratio": 0.096975313289911325, "restaurant_density": 62.841185456068303, "taxi_density": 360.90041925117004, "restaurant_score": 29.926486460636657, "taxi_score": 6.2666827873495459, "popularity_score": 18.096584623993103, "rank": 12, "restaurant_score_v2": 37.450511837772936, "taxi_score_v2": 6.6229895354087738, "popularity_score_v2": 8.7036358399783982, "entropy_weight_restaurant": 0.21044731073303888, "entropy_weight_taxi": 0.78955268926696109, "rank_v2": 10 }, "geometry": { "type": "Polygon", "coordinates": [ [ [ -73.863226953244549, 40.768406810350271 ], [ -73.863276220599417, 40.768394132384415 ], [ -73.863326860485628, 40.768385106451611 ], [ -73.863378405735773, 40.768379815818619 ], [ -73.863430380830692, 40.768378309292913 ], [ -73.863482306285974, 40.768380600772716 ], [ -73.863533703075177, 40.768386669118414 ], [ -73.863584097048602, 40.768396458347915 ], [ -73.866721080262366, 40.769129454059509 ], [ -73.866768389195656, 40.769142362946603 ], [ -73.866813920083999, 40.769158551064635 ], [ -73.86685728067674, 40.769177878952739 ], [ -73.866898097419508, 40.769200180100803 ], [ -73.866936018672192, 40.769225262383721 ], [ -73.867323018520153, 40.769506261139973 ], [ -73.867358815626446, 40.769534871518367 ], [ -73.867390843004017, 40.769565957527639 ], [ -73.867418806040249, 40.769599233220028 ], [ -73.867442447507585, 40.76963439250504 ], [ -73.86746154992997, 40.769671111965422 ], [ -73.867475937583322, 40.769709053831846 ], [ -73.867653941847479, 40.7702800530259 ], [ -73.867663471364281, 40.770318806442873 ], [ -73.86766808161812, 40.770358075147975 ], [ -73.867667730325778, 40.77039749906006 ], [ -73.867662420699702, 40.770436716674048 ], [ -73.867652201418906, 40.770475368375919 ], [ -73.867637166182917, 40.770513099740405 ], [ -73.867617452852869, 40.770549564780737 ], [ -73.867593242187624, 40.770584429121563 ], [ -73.86674924713661, 40.771670432502745 ], [ -73.866719529414766, 40.771704655912828 ], [ -73.866685480819015, 40.771736462001662 ], [ -73.866647439144884, 40.771765535216048 ], [ -73.866605781805347, 40.77179158711575 ], [ -73.866560922086535, 40.771814359235087 ], [ -73.866513305047363, 40.771833625647496 ], [ -73.866463403103978, 40.771849195207011 ], [ -73.866411711342693, 40.771860913444741 ], [ -73.866358742607858, 40.771868664101575 ], [ -73.866305022413712, 40.771872370281542 ], [ -73.866251083730248, 40.771871995214781 ], [ -73.866197461695265, 40.771867542622431 ], [ -73.866144688304857, 40.771859056679581 ], [ -73.866093287135072, 40.771846621577254 ], [ -73.865780285576207, 40.771757621067046 ], [ -73.865720203695517, 40.771737296085156 ], [ -73.865663805301736, 40.771711584523693 ], [ -73.863938800639147, 40.770812579985332 ], [ -73.86388736013717, 40.770782155574715 ], [ -73.863549359781786, 40.770556154536024 ], [ -73.863538655735411, 40.77054880280734 ], [ -73.862876655318345, 40.770081800712042 ], [ -73.862839541121559, 40.770052917372197 ], [ -73.862806326951087, 40.770021408923931 ], [ -73.862777332281283, 40.769987578440386 ], [ -73.862752835998734, 40.769951751329337 ], [ -73.862733073719895, 40.769914272203131 ], [ -73.862718235524937, 40.769875501563888 ], [ -73.862708464129739, 40.769835812335785 ], [ -73.862703853513381, 40.769795586278079 ], [ -73.862658860840213, 40.768892586068823 ], [ -73.862659351733996, 40.768853552595644 ], [ -73.862664702708486, 40.768814729910837 ], [ -73.862674865653432, 40.768776467005061 ], [ -73.862689749202573, 40.768739107836502 ], [ -73.862709219555128, 40.768702988238566 ], [ -73.86273310167887, 40.768668432901379 ], [ -73.862761180883723, 40.768635752452894 ], [ -73.862793204752066, 40.768605240666759 ], [ -73.862828885407637, 40.768577171821448 ], [ -73.862867902103673, 40.768551798234959 ], [ -73.862909904106047, 40.768529347996612 ], [ -73.862954513846233, 40.768510022916765 ], [ -73.863179512927104, 40.768423023391378 ], [ -73.863226953244549, 40.768406810350271 ] ] ] } },
{ "type": "Feature", "properties": { "dining_cluster_id": 53, "taxi_hotspot_id": 59, "n_restaurants": 99, "n_taxi_dropoffs": 161, "taxi_weight": 111.2, "avg_rating": 4.0745098039215684, "dining_area_sqm": 11081971.416148929, "taxi_area_sqm": 2435449.5010763886, "intersection_area_sqm": 1090152.4582325222, "overlap_ratio_dining": 0.098371708182167353, "overlap_ratio_taxi": 0.44761858447514952, "min_overlap_ratio": 0.098371708182167353, "restaurant_density": 90.812986066655242, "taxi_density": 102.00408131931377, "restaurant_score": 43.247331797610222, "taxi_score": 1.7712011029786983, "popularity_score": 22.509266450294461, "rank": 10, "restaurant_score_v2": 55.595349371082293, "taxi_score_v2": 1.8241705659319456, "popularity_score_v2": 8.4864926994736098, "entropy_weight_restaurant": 0.21044731073303888, "entropy_weight_taxi": 0.78955268926696109, "rank_v2": 11 }, "geometry": { "type": "Polygon", "coordinates": [ [ [ -73.949192619778657, 40.801403109239544 ], [ -73.949230238680428, 40.801397473014092 ], [ -73.949268431867438, 40.801394898916399 ], [ -73.94930676893901, 40.801395415954033 ], [ -73.95116102187967, 40.801495398004796 ], [ -73.951167865064207, 40.801525513496934 ], [ -73.951171690259159, 40.801566972667004 ], [ -73.951169995428586, 40.801608513651225 ], [ -73.951091001351429, 40.802343514017345 ], [ -73.951084204845543, 40.802383041982054 ], [ -73.951072409429699, 40.802421885175256 ], [ -73.951055725679879, 40.802459679433376 ], [ -73.951034310002086, 40.802496070426201 ], [ -73.951008363166181, 40.802530716978985 ], [ -73.949354371279668, 40.804509723471469 ], [ -73.949326017087955, 40.804540456896497 ], [ -73.949294097297354, 40.80456910046334 ], [ -73.949258877191809, 40.804595416112612 ], [ -73.949220649485554, 40.80461918513226 ], [ -73.949179731890311, 40.804640209975332 ], [ -73.949136464474847, 40.80465831590174 ], [ -73.949091206838446, 40.804673352430946 ], [ -73.948001201472167, 40.804991354247633 ], [ -73.947952994283497, 40.805003481211813 ], [ -73.947903504699482, 40.805012125577363 ], [ -73.947853167430054, 40.805017211413301 ], [ -73.94780242463149, 40.805018694046289 ], [ -73.947751722022431, 40.805016560452991 ], [ -73.947701504968421, 40.805010829374659 ], [ -73.947652214569743, 40.805001551152415 ], [ -73.947604283786617, 40.804988807284936 ], [ -73.947558133635908, 40.804972709712693 ], [ -73.946993131361722, 40.804750708505971 ], [ -73.946964040347211, 40.80473840281195 ], [ -73.946517038821639, 40.804535401745618 ], [ -73.946473066298537, 40.804513151939346 ], [ -73.946432154488818, 40.804487753814854 ], [ -73.946394692348491, 40.804459448838941 ], [ -73.946361036035327, 40.804428506114412 ], [ -73.946331505522735, 40.804395219821416 ], [ -73.946306381557889, 40.804359906420551 ], [ -73.946285902992685, 40.804322901644049 ], [ -73.946270264513146, 40.804284557303902 ], [ -73.946259614788801, 40.804245237946972 ], [ -73.94623506126338, 40.804125207794428 ], [ -73.948332658053928, 40.801700051785758 ], [ -73.948355317749815, 40.801676651920602 ], [ -73.948381105359516, 40.80165520319688 ], [ -73.948409731959984, 40.801635945922612 ], [ -73.948440876821422, 40.801619095852985 ], [ -73.94847419100077, 40.80160484177312 ], [ -73.948509301251022, 40.80159334338299 ], [ -73.949155999091332, 40.80141174407796 ], [ -73.949192619778657, 40.801403109239544 ] ] ] } },
{ "type": "Feature", "properties": { "dining_cluster_id": 159, "taxi_hotspot_id": 44, "n_restaurants": 49, "n_taxi_dropoffs": 3442, "taxi_weight": 2358.5, "avg_rating": 4.33, "dining_area_sqm": 5531594.835045618, "taxi_area_sqm": 89013159.860153601, "intersection_area_sqm": 5521918.8508079397, "overlap_ratio_dining": 0.99825077856816702, "overlap_ratio_taxi": 0.062034859334094999, "min_overlap_ratio": 0.062034859334094999, "restaurant_density": 8.8737269278831512, "taxi_density": 427.1160195798451, "restaurant_score": 4.2258825455852076, "taxi_score": 7.4164519222668916, "popularity_score": 5.8211672339260492, "rank": 38, "restaurant_score_v2": 2.4427273654031216, "taxi_score_v2": 7.8503405341555341, "popularity_score_v2": 7.7564749299798814, "entropy_weight_restaurant": 0.21044731073303888, "entropy_weight_taxi": 0.78955268926696109, "rank_v2": 12 }, "geometry": { "type": "Polygon", "coordinates": [ [ [ -73.952467710573075, 40.727548784197197 ], [ -73.952471230383338, 40.727522417438713 ], [ -73.952478076399984, 40.727496431838837 ], [ -73.952488184792941, 40.727471069664283 ], [ -73.952501461316984, 40.72744656736932 ], [ -73.95251778219037, 40.727423153391108 ], [ -73.952536995249133, 40.727401046020226 ], [ -73.952558921365664, 40.727380451365278 ], [ -73.95258335611895, 40.727361561431707 ], [ -73.95261007170032, 40.727344552331417 ], [ -73.952638819037432, 40.727329582641133 ], [ -73.952669330116308, 40.727316791923933 ], [ -73.952701320480102, 40.727306299428164 ], [ -73.95273449188096, 40.727298202975753 ], [ -73.952768535060571, 40.727292578050154 ], [ -73.952803132633306, 40.727289477092654 ], [ -73.952837962045095, 40.727288929013632 ], [ -73.952872698580492, 40.727290938922806 ], [ -73.952907018389936, 40.727295488081744 ], [ -73.957211201963474, 40.728030385155243 ], [ -73.957247964531149, 40.728038236583636 ], [ -73.957283430507573, 40.728048999689619 ], [ -73.957317202664228, 40.728062553923721 ], [ -73.959706597228632, 40.729148150119869 ], [ -73.959731023988184, 40.729160293248469 ], [ -73.959754080977206, 40.729173898269174 ], [ -73.960368780415507, 40.729567897039502 ], [ -73.960393906867409, 40.72958562052834 ], [ -73.960416709908969, 40.72960507733665 ], [ -73.960436983872597, 40.72962609197932 ], [ -73.960454545900419, 40.72964847492058 ], [ -73.960469237593657, 40.729672024283516 ], [ -73.960480926441321, 40.729696527670797 ], [ -73.960489507015424, 40.72972176408021 ], [ -73.960494901921933, 40.72974750589804 ], [ -73.960497062499059, 40.729773520951888 ], [ -73.960495969256144, 40.729799574604684 ], [ -73.960491632049667, 40.729825431870957 ], [ -73.96048408999448, 40.729850859536178 ], [ -73.960473411111082, 40.729875628260423 ], [ -73.959706417722785, 40.731405130485314 ], [ -73.95968746960655, 40.731436744908109 ], [ -73.955385390465239, 40.737555256684864 ], [ -73.955367738451201, 40.73757771479918 ], [ -73.955347355179981, 40.737598792339853 ], [ -73.955324425889842, 40.737618297756725 ], [ -73.955299158957573, 40.737636053786616 ], [ -73.955271784004736, 40.737651899064588 ], [ -73.955242549810947, 40.737665689590216 ], [ -73.955211722052923, 40.737677300036438 ], [ -73.955179580890018, 40.737686624888454 ], [ -73.955146418418167, 40.737693579402787 ], [ -73.955112536015122, 40.737698100377287 ], [ -73.953657419865081, 40.737838259029623 ], [ -73.953644897085013, 40.737831878808755 ], [ -73.95303726886516, 40.737489644405201 ], [ -73.952467549788821, 40.727575286293607 ], [ -73.952467710573075, 40.727548784197197 ] ] ] } },
{ "type": "Feature", "properties": { "dining_cluster_id": 127, "taxi_hotspot_id": 49, "n_restaurants": 88, "n_taxi_dropoffs": 109, "taxi_weight": 72.7, "avg_rating": 4.3147540983606563, "dining_area_sqm": 6036796.6057017418, "taxi_area_sqm": 1928128.8987498961, "intersection_area_sqm": 1175427.0811559763, "overlap_ratio_dining": 0.19471039989086064, "overlap_ratio_taxi": 0.60962059223222331, "min_overlap_ratio": 0.19471039989086064, "restaurant_density": 74.866405080148567, "taxi_density": 61.849859651440923, "restaurant_score": 35.653185752740306, "taxi_score": 1.0739623181427309, "popularity_score": 18.36357403544152, "rank": 11, "restaurant_score_v2": 45.251069957678723, "taxi_score_v2": 1.079884871573904, "popularity_score_v2": 6.8994457129375322, "entropy_weight_restaurant": 0.21044731073303888, "entropy_weight_taxi": 0.78955268926696109, "rank_v2": 13 }, "geometry": { "type": "Polygon", "coordinates": [ [ [ -73.939190642821899, 40.752328322113108 ], [ -73.939157247026458, 40.752336569359272 ], [ -73.939122955464413, 40.752342309826119 ], [ -73.939088092680805, 40.752345489184243 ], [ -73.939052988627068, 40.752346077343319 ], [ -73.939017975538135, 40.752344068736811 ], [ -73.938983384788074, 40.752339482374779 ], [ -73.93894954375358, 40.752332361663804 ], [ -73.938916772715601, 40.752322773996426 ], [ -73.938885381828001, 40.752310810112959 ], [ -73.938855668182043, 40.752296583242916 ], [ -73.938827912994626, 40.752280228033328 ], [ -73.93880237894669, 40.752261899274181 ], [ -73.93877930769716, 40.752241770433542 ], [ -73.938758917595777, 40.752220032015884 ], [ -73.93874140161671, 40.752196889758771 ], [ -73.938726925532151, 40.752172562685928 ], [ -73.938715626343622, 40.752147281034112 ], [ -73.937403642997964, 40.748663877119881 ], [ -73.937395138760536, 40.748635807026915 ], [ -73.937390549600835, 40.748607213694498 ], [ -73.937389926059112, 40.748578412051593 ], [ -73.937393274997959, 40.748549719321169 ], [ -73.937394630337181, 40.748544459895655 ], [ -73.937434305823885, 40.748530109449284 ], [ -73.937483341639577, 40.748516599806941 ], [ -73.937533859250721, 40.748506741371109 ], [ -73.937585389800944, 40.748500625638378 ], [ -73.937637455033268, 40.748498309368983 ], [ -73.937689571728598, 40.748499814060338 ], [ -73.939608560000963, 40.748625813291923 ], [ -73.939660073991888, 40.748631100179459 ], [ -73.939710683797202, 40.748640120055455 ], [ -73.939759922823129, 40.748652789761834 ], [ -73.939807337113038, 40.748668992491083 ], [ -73.939852489532441, 40.748688578863195 ], [ -73.940766486693192, 40.749130576580114 ], [ -73.940775637648713, 40.749135100964644 ], [ -73.941517635516135, 40.749510099052898 ], [ -73.941558661503805, 40.749533018296091 ], [ -73.94159667546684, 40.749558766750944 ], [ -73.941631341293558, 40.749587116757404 ], [ -73.941662352474353, 40.749617817652869 ], [ -73.941689434811749, 40.749650597988563 ], [ -73.941712348845002, 40.749685167929485 ], [ -73.941730891967381, 40.74972122181692 ], [ -73.941744900217799, 40.749758440870941 ], [ -73.94175424973082, 40.749796496009083 ], [ -73.941758857831928, 40.749835050755735 ], [ -73.941765858820531, 40.749957050723125 ], [ -73.941766270423287, 40.749966962656934 ], [ -73.941788277383893, 40.750823962554534 ], [ -73.941786900587147, 40.750862423518413 ], [ -73.94178080870897, 40.750900618797445 ], [ -73.941770054943248, 40.75093821482281 ], [ -73.941754733197612, 40.750974883258529 ], [ -73.941734977273725, 40.75101030386908 ], [ -73.941283877858666, 40.75172428892882 ], [ -73.939190642821899, 40.752328322113108 ] ] ] } },
{ "type": "Feature", "properties": { "dining_cluster_id": 11, "taxi_hotspot_id": 8, "n_restaurants": 36, "n_taxi_dropoffs": 496, "taxi_weight": 337.6, "avg_rating": 2.5863636363636364, "dining_area_sqm": 3082135.3952319995, "taxi_area_sqm": 2587177.7166059986, "intersection_area_sqm": 1040465.829545307, "overlap_ratio_dining": 0.33757953370734017, "overlap_ratio_taxi": 0.40216248882595007, "min_overlap_ratio": 0.33757953370734017, "restaurant_density": 34.599886875412651, "taxi_density": 324.47005025386977, "restaurant_score": 16.477299697671558, "taxi_score": 5.6341050618764994, "popularity_score": 11.055702379774029, "rank": 19, "restaurant_score_v2": 19.130855494958602, "taxi_score_v2": 5.9477279723993357, "popularity_score_v2": 6.5885244903975151, "entropy_weight_restaurant": 0.21044731073303888, "entropy_weight_taxi": 0.78955268926696109, "rank_v2": 14 }, "geometry": { "type": "Polygon", "coordinates": [ [ [ -73.793865981567492, 40.645331132519303 ], [ -73.792252683023719, 40.645556938632467 ], [ -73.792191615143381, 40.645562771936781 ], [ -73.792130072543102, 40.645563279596956 ], [ -73.792068853130417, 40.64555845503115 ], [ -73.790710845073534, 40.645391454021379 ], [ -73.790691052134221, 40.645388731133799 ], [ -73.7902213949925, 40.645317222705849 ], [ -73.79023776895356, 40.642553861755751 ], [ -73.790239747904366, 40.642526346978293 ], [ -73.790245338676598, 40.6424991220076 ], [ -73.790254484916687, 40.642472461243202 ], [ -73.79026709443589, 40.642446633397824 ], [ -73.790283040139627, 40.642421898788804 ], [ -73.790302161308645, 40.642398506714748 ], [ -73.790324265218914, 40.642376692942399 ], [ -73.790349129084291, 40.642356677330859 ], [ -73.790376502301982, 40.642338661615625 ], [ -73.790406108978317, 40.642322827375054 ], [ -73.791483636348829, 40.64180602493277 ], [ -73.792818092630696, 40.642418052524221 ], [ -73.793865981567492, 40.645331132519303 ] ] ] } },
{ "type": "Feature", "properties": { "dining_cluster_id": 171, "taxi_hotspot_id": 44, "n_restaurants": 94, "n_taxi_dropoffs": 3442, "taxi_weight": 2358.5, "avg_rating": 4.2425531914893622, "dining_area_sqm": 7213807.0999147408, "taxi_area_sqm": 89013159.860153601, "intersection_area_sqm": 7213807.0999147417, "overlap_ratio_dining": 1.0000000000000002, "overlap_ratio_taxi": 0.081042029192629247, "min_overlap_ratio": 0.081042029192629247, "restaurant_density": 13.030567451839815, "taxi_density": 326.9424822889809, "restaurant_score": 6.2054701481485219, "taxi_score": 5.6770364259061417, "popularity_score": 5.9412532870273314, "rank": 34, "restaurant_score_v2": 5.139200038332258, "taxi_score_v2": 5.9935561747046018, "popularity_score_v2": 5.9734081699261727, "entropy_weight_restaurant": 0.21044731073303888, "entropy_weight_taxi": 0.78955268926696109, "rank_v2": 15 }, "geometry": { "type": "Polygon", "coordinates": [ [ [ -73.951045074367372, 40.709221089776157 ], [ -73.951081120180987, 40.709216962330061 ], [ -73.951117529366627, 40.709215624425909 ], [ -73.951153930082043, 40.709217089727517 ], [ -73.951189950571532, 40.709221343270038 ], [ -73.951225222962421, 40.70922834161253 ], [ -73.951259387022034, 40.709238013281798 ], [ -73.951292093836472, 40.709250259502326 ], [ -73.95132300937405, 40.709264955204908 ], [ -73.951351817896608, 40.709281950303918 ], [ -73.951378225184044, 40.70930107123025 ], [ -73.953248725758812, 40.710799567017943 ], [ -73.95327291530154, 40.710821063561859 ], [ -73.953294067399909, 40.710844341201224 ], [ -73.953311957182152, 40.710869152470899 ], [ -73.953326394457648, 40.71089523360137 ], [ -73.95333722573892, 40.710922307322953 ], [ -73.953344335873524, 40.710950085813238 ], [ -73.953347649268423, 40.710978273757135 ], [ -73.953347130693814, 40.711006571486159 ], [ -73.952782465902217, 40.717554473236163 ], [ -73.952782417967299, 40.717555020664548 ], [ -73.952768018838114, 40.717717020709159 ], [ -73.952763398794048, 40.717745997277504 ], [ -73.952754760613274, 40.717774436697596 ], [ -73.952742201981494, 40.717802017342791 ], [ -73.952725864921987, 40.717828427298166 ], [ -73.952358666684916, 40.718348328302618 ], [ -73.95233996150445, 40.718371895157247 ], [ -73.952318247521688, 40.718393917736506 ], [ -73.952293743194275, 40.718414174475214 ], [ -73.952266695053595, 40.718432461573826 ], [ -73.952237375224641, 40.718448595048855 ], [ -73.952206078688121, 40.718462412583854 ], [ -73.952173120312736, 40.7184737751627 ], [ -73.952138831687265, 40.718482568468126 ], [ -73.952103557784369, 40.71848870403187 ], [ -73.952067653489848, 40.718492120124914 ], [ -73.952031480031948, 40.718492782378334 ], [ -73.951995401347133, 40.718490684129328 ], [ -73.951959780418264, 40.718485846488086 ], [ -73.951924975622617, 40.718478318125463 ], [ -73.951891337126185, 40.718468174783304 ], [ -73.94424561442284, 40.715817464938262 ], [ -73.944239541057343, 40.7158153069932 ], [ -73.94415574081728, 40.715784806880961 ], [ -73.944121577881461, 40.715770600857077 ], [ -73.944089625975693, 40.715753676222917 ], [ -73.944060257270806, 40.715734230114883 ], [ -73.944033813847895, 40.715712489039134 ], [ -73.943175214868305, 40.714925286987175 ], [ -73.943152122164761, 40.714901638237265 ], [ -73.943132493802423, 40.714876242358635 ], [ -73.943116555930601, 40.714849391956569 ], [ -73.943104492176914, 40.714821396394761 ], [ -73.942120405648154, 40.712041693443624 ], [ -73.942112271391792, 40.712012464273201 ], [ -73.942108360397341, 40.71198273551245 ], [ -73.942108718999847, 40.711952859412236 ], [ -73.942113342944566, 40.711923189968644 ], [ -73.942200644915644, 40.711541890235743 ], [ -73.942208041975718, 40.711516669789361 ], [ -73.942218523161046, 40.71149209044755 ], [ -73.942231995568363, 40.711468370069269 ], [ -73.942248339782083, 40.711445718899604 ], [ -73.942267410932843, 40.711424337706646 ], [ -73.942289039981617, 40.711404416001891 ], [ -73.942313035218078, 40.71138613036058 ], [ -73.942339183959774, 40.711369642856447 ], [ -73.942367254437343, 40.711355099625706 ], [ -73.942396997848689, 40.711342629571291 ], [ -73.942428150564282, 40.711332343220683 ], [ -73.94389984571184, 40.710907844840847 ], [ -73.943920785249432, 40.71090235808407 ], [ -73.951009760057048, 40.709227964611195 ], [ -73.951045074367372, 40.709221089776157 ] ] ] } },
{ "type": "Feature", "properties": { "dining_cluster_id": 10, "taxi_hotspot_id": 5, "n_restaurants": 48, "n_taxi_dropoffs": 176, "taxi_weight": 100.2, "avg_rating": 2.5538461538461537, "dining_area_sqm": 5377422.2834379142, "taxi_area_sqm": 944478.5876035376, "intersection_area_sqm": 825396.8194785876, "overlap_ratio_dining": 0.15349302620713873, "overlap_ratio_taxi": 0.87391798004960508, "min_overlap_ratio": 0.15349302620713873, "restaurant_density": 58.153846570819283, "taxi_density": 121.39615471658526, "restaurant_score": 27.694262757856801, "taxi_score": 2.1079254903369886, "popularity_score": 14.901094124096895, "rank": 13, "restaurant_score_v2": 34.409913782593883, "taxi_score_v2": 2.183615780258644, "popularity_score_v2": 5.7037641842009483, "entropy_weight_restaurant": 0.21044731073303888, "entropy_weight_taxi": 0.78955268926696109, "rank_v2": 16 }, "geometry": { "type": "Polygon", "coordinates": [ [ [ -73.775983247139564, 40.646521473981487 ], [ -73.775965427533762, 40.646500254732416 ], [ -73.775942129457519, 40.646465725826872 ], [ -73.775735131478584, 40.646119724948171 ], [ -73.775716314008321, 40.646083913363299 ], [ -73.775701979175366, 40.646046917566842 ], [ -73.775692252798606, 40.646009062295853 ], [ -73.775687220244933, 40.645970679830697 ], [ -73.775686925680191, 40.645932107078984 ], [ -73.775706928678105, 40.645561107172206 ], [ -73.775708479006312, 40.645542567153065 ], [ -73.775741481337462, 40.645251567306481 ], [ -73.77574190962622, 40.645247974479346 ], [ -73.775751910265555, 40.645167974525776 ], [ -73.77576091418527, 40.645122751661496 ], [ -73.77577644816283, 40.645078568620356 ], [ -73.775801448561111, 40.645020568731162 ], [ -73.775817197368454, 40.64498857683666 ], [ -73.775836374395553, 40.64495768974173 ], [ -73.775858847571314, 40.644928120156536 ], [ -73.775969848113149, 40.644795120593535 ], [ -73.776005964131883, 40.64475687151522 ], [ -73.776173964474069, 40.644598872124241 ], [ -73.776209890099736, 40.644568329848539 ], [ -73.776249626301691, 40.644540661287287 ], [ -73.776411626057666, 40.644438661768817 ], [ -73.776467194936515, 40.644407980035474 ], [ -73.776548194682832, 40.644368980237346 ], [ -73.776555311504737, 40.644365612139531 ], [ -73.776598311362733, 40.644345612244081 ], [ -73.776650032047144, 40.644324404580878 ], [ -73.776704468470555, 40.644307597025524 ], [ -73.776769468135925, 40.644290597124012 ], [ -73.776771223362715, 40.644290140627099 ], [ -73.776829223062876, 40.6442751407141 ], [ -73.776881436544713, 40.644263829942247 ], [ -73.77693487611181, 40.644256565408433 ], [ -73.777089875178348, 40.644241565499577 ], [ -73.77710066990592, 40.644240604736787 ], [ -73.777260668935369, 40.644227604815974 ], [ -73.777315704613855, 40.64422528602136 ], [ -73.777370764162058, 40.644227248686008 ], [ -73.777544763103791, 40.644240248606756 ], [ -73.777599063929543, 40.644246439872212 ], [ -73.77765226002856, 40.64425679527676 ], [ -73.778151257371377, 40.644374794586561 ], [ -73.778156059951996, 40.644375948965198 ], [ -73.77929005397408, 40.644652947349726 ], [ -73.779350519034566, 40.64467082974847 ], [ -73.779513518313166, 40.644727829431211 ], [ -73.779550237165765, 40.644741982717107 ], [ -73.779585435973118, 40.644758222850271 ], [ -73.780597433023487, 40.645266220252424 ], [ -73.780640185933393, 40.645290048988265 ], [ -73.780679671151944, 40.645316951081064 ], [ -73.780715509395336, 40.645346668119679 ], [ -73.780747356409904, 40.64537891465347 ], [ -73.780774906278808, 40.645413380934016 ], [ -73.780797894360873, 40.645449735890189 ], [ -73.780816099832606, 40.645487630308523 ], [ -73.780829347809842, 40.64552670018724 ], [ -73.780837511027684, 40.645566570232944 ], [ -73.780840511063474, 40.645606857465339 ], [ -73.780838319090293, 40.645647174896055 ], [ -73.780830956154347, 40.645687135245986 ], [ -73.780818492973054, 40.645726354665371 ], [ -73.780801049256198, 40.645764456420956 ], [ -73.780778792556248, 40.645801074514893 ], [ -73.780751936659286, 40.645835857200574 ], [ -73.780720739531517, 40.645868470361364 ], [ -73.78068550084167, 40.645898600720301 ], [ -73.780663236048099, 40.645914242624478 ], [ -73.775983247139564, 40.646521473981487 ] ] ] } },
{ "type": "Feature", "properties": { "dining_cluster_id": 53, "taxi_hotspot_id": 57, "n_restaurants": 99, "n_taxi_dropoffs": 132, "taxi_weight": 92.6, "avg_rating": 4.0745098039215684, "dining_area_sqm": 11081971.416148929, "taxi_area_sqm": 1769933.4363198821, "intersection_area_sqm": 1668278.8260272744, "overlap_ratio_dining": 0.15053989614124219, "overlap_ratio_taxi": 0.94256585688105188, "min_overlap_ratio": 0.15053989614124219, "restaurant_density": 59.342598164931374, "taxi_density": 55.506308990632782, "restaurant_score": 28.26037490593405, "taxi_score": 0.9638127654787314, "popularity_score": 14.612093835706391, "rank": 14, "restaurant_score_v2": 35.181036987814451, "taxi_score_v2": 0.96230286370117879, "popularity_score_v2": 5.4508691665348223, "entropy_weight_restaurant": 0.21044731073303888, "entropy_weight_taxi": 0.78955268926696109, "rank_v2": 17 }, "geometry": { "type": "Polygon", "coordinates": [ [ [ -73.943790235803448, 40.806967082965407 ], [ -73.943801207549612, 40.806945786535749 ], [ -73.943814474534321, 40.806925258079396 ], [ -73.943829944645429, 40.8069056401214 ], [ -73.944124515714435, 40.806565116818334 ], [ -73.946040257179305, 40.806017645949595 ], [ -73.946091261948297, 40.806005218772931 ], [ -73.946143632265873, 40.805996678842334 ], [ -73.946196856358327, 40.805992109611665 ], [ -73.946250414109159, 40.805991555732412 ], [ -73.946303782141499, 40.805995022617161 ], [ -73.946356438932341, 40.806002476386816 ], [ -73.946407869908654, 40.806013844201679 ], [ -73.946457572475666, 40.806029014973092 ], [ -73.946505060928146, 40.806047840449018 ], [ -73.947019059128422, 40.806276839240191 ], [ -73.947063547553427, 40.806298957203062 ], [ -73.947104969134685, 40.806324281599991 ], [ -73.947142925078467, 40.806352568618145 ], [ -73.947177049955386, 40.806383545921179 ], [ -73.947207015218694, 40.806416915271598 ], [ -73.947232532367508, 40.806452355401632 ], [ -73.947253355724513, 40.806489525106272 ], [ -73.947269284801536, 40.806528066528188 ], [ -73.947280166229945, 40.806567608603068 ], [ -73.947285895237641, 40.806607770631977 ], [ -73.947286416658059, 40.80664816594647 ], [ -73.947281725461636, 40.806688405631526 ], [ -73.947271866804641, 40.806728102269659 ], [ -73.946823877382442, 40.80814610429514 ], [ -73.946812366347132, 40.808177132064202 ], [ -73.946797695603962, 40.808207380397228 ], [ -73.946748696165116, 40.808297380607748 ], [ -73.946729920417866, 40.808328202355135 ], [ -73.946707865084178, 40.808357743353362 ], [ -73.946682680251854, 40.808385802568502 ], [ -73.943379690075886, 40.811757814888061 ], [ -73.943353649653105, 40.811782374602593 ], [ -73.943325211291565, 40.811805347787541 ], [ -73.942908211235959, 40.812117349147883 ], [ -73.942853708339726, 40.812153034773587 ], [ -73.942776708174392, 40.812197034988785 ], [ -73.942733142708462, 40.812219497905595 ], [ -73.94268691363574, 40.812238642496595 ], [ -73.942638457386153, 40.812254288024604 ], [ -73.942588231416735, 40.812266286785693 ], [ -73.942536709892636, 40.812274525503746 ], [ -73.942484379210597, 40.812278926399898 ], [ -73.942431733406693, 40.81227944792672 ], [ -73.942379269492207, 40.81227608516069 ], [ -73.942327482761101, 40.812268869848559 ], [ -73.942276862113957, 40.812257870107565 ], [ -73.942227885442165, 40.812243189782485 ], [ -73.942181015116105, 40.812224967465106 ], [ -73.942136693619844, 40.812203375185767 ], [ -73.942095339373807, 40.812178616789247 ], [ -73.942057342784338, 40.812150926010297 ], [ -73.942023062558178, 40.812120564266706 ], [ -73.941992822315967, 40.812087818191642 ], [ -73.941966907537221, 40.812052996927221 ], [ -73.941945562865342, 40.812016429206153 ], [ -73.941928989798285, 40.811978460248113 ], [ -73.941917344786518, 40.811939448500574 ], [ -73.941910737756345, 40.811899762255024 ], [ -73.94190923107243, 40.811859776169769 ], [ -73.941912838949492, 40.811819867733142 ], [ -73.941923839515624, 40.811748867783962 ], [ -73.941931684962427, 40.81171240873276 ], [ -73.942386639476723, 40.810065914313967 ], [ -73.943790235803448, 40.806967082965407 ] ] ] } },
{ "type": "Feature", "properties": { "dining_cluster_id": 155, "taxi_hotspot_id": 14, "n_restaurants": 73, "n_taxi_dropoffs": 52, "taxi_weight": 30.3, "avg_rating": 4.3157894736842097, "dining_area_sqm": 6898979.1742040813, "taxi_area_sqm": 20729546.244712669, "intersection_area_sqm": 1232527.7202401594, "overlap_ratio_dining": 0.17865363688133662, "overlap_ratio_taxi": 0.059457534945056074, "min_overlap_ratio": 0.059457534945056074, "restaurant_density": 59.227876826799374, "taxi_density": 24.583625587013987, "restaurant_score": 28.2057418408918, "taxi_score": 0.42687061332995946, "popularity_score": 14.31630622711088, "rank": 15, "restaurant_score_v2": 35.106619181431931, "taxi_score_v2": 0.38912998342864963, "popularity_score_v2": 5.3501344061222547, "entropy_weight_restaurant": 0.21044731073303888, "entropy_weight_taxi": 0.78955268926696109, "rank_v2": 18 }, "geometry": { "type": "Polygon", "coordinates": [ [ [ -73.997972097449846, 40.641890791481778 ], [ -73.997957722407946, 40.641914906954625 ], [ -73.997940363037856, 40.641937854793674 ], [ -73.997920180966759, 40.641959421335493 ], [ -73.997897364104034, 40.641979405777526 ], [ -73.997872124891757, 40.641997622047583 ], [ -73.997844698326716, 40.64201390053671 ], [ -73.997815339772416, 40.642028089678099 ], [ -73.997784322581396, 40.642040057358486 ], [ -73.997751935550014, 40.642049692148319 ], [ -73.997718480229494, 40.642056904339263 ], [ -73.997684268118164, 40.642061626779437 ], [ -73.997649617760899, 40.64206381549873 ], [ -73.997614851783283, 40.642063450118208 ], [ -73.997580293887353, 40.642060534039906 ], [ -73.995748534609419, 40.64183735874591 ], [ -73.994773428182597, 40.640172773757733 ], [ -73.994753774689684, 40.640134096546468 ], [ -73.9947393290158, 40.640094109378381 ], [ -73.994730237735055, 40.640053218012355 ], [ -73.994726593088672, 40.640011837381671 ], [ -73.994728432049428, 40.63997038738345 ], [ -73.994735735946946, 40.639929288617999 ], [ -73.994748430657424, 40.639888958120792 ], [ -73.994766387356307, 40.639849805130886 ], [ -73.994789423825793, 40.639812226938247 ], [ -73.994817306304171, 40.639776604852543 ], [ -73.994849751858141, 40.639743300334075 ], [ -73.994886431253903, 40.639712651326043 ], [ -73.994926972298146, 40.639684968825563 ], [ -73.996822969161855, 40.638515974390941 ], [ -73.996865479286726, 40.638492279191105 ], [ -73.996910815428876, 40.638471848879952 ], [ -73.996958546958211, 40.638454877515841 ], [ -73.997745543213981, 40.63820987890491 ], [ -73.997792801856818, 40.638197081827293 ], [ -73.997841414254466, 40.638187677124705 ], [ -73.997890961767567, 40.638181745788287 ], [ -73.997941017704221, 40.638179338897366 ], [ -73.997991150994295, 40.638180477179439 ], [ -73.998040929901592, 40.638185150831958 ], [ -73.998089925741581, 40.638193319606508 ], [ -73.998137716573012, 40.638204913155434 ], [ -73.999668189220174, 40.638636719458127 ], [ -73.997972097449846, 40.641890791481778 ] ] ] } },
{ "type": "Feature", "properties": { "dining_cluster_id": 136, "taxi_hotspot_id": 42, "n_restaurants": 117, "n_taxi_dropoffs": 2044, "taxi_weight": 1293.3, "avg_rating": 4.3255555555555558, "dining_area_sqm": 4712722.2619599728, "taxi_area_sqm": 78973042.590614885, "intersection_area_sqm": 4712722.26195997, "overlap_ratio_dining": 0.99999999999999944, "overlap_ratio_taxi": 0.059675075283474356, "min_overlap_ratio": 0.059675075283474356, "restaurant_density": 24.826415285364384, "taxi_density": 274.42737511591247, "restaurant_score": 11.822937067649715, "taxi_score": 4.7651629543260237, "popularity_score": 8.2940500109878688, "rank": 27, "restaurant_score_v2": 12.790968527842139, "taxi_score_v2": 5.0201530956986691, "popularity_score_v2": 5.3487393531839409, "entropy_weight_restaurant": 0.21044731073303888, "entropy_weight_taxi": 0.78955268926696109, "rank_v2": 19 }, "geometry": { "type": "Polygon", "coordinates": [ [ [ -73.904397701510362, 40.769929017115025 ], [ -73.904429046335736, 40.769922018561338 ], [ -73.904461094959871, 40.769917202825638 ], [ -73.904493584964712, 40.769914609339736 ], [ -73.904526250318341, 40.769914259339451 ], [ -73.906796940973493, 40.769968059120025 ], [ -73.906831147334898, 40.769970109498026 ], [ -73.906864943174924, 40.769974619469878 ], [ -73.906898023218901, 40.769981548297466 ], [ -73.906930088657589, 40.769990833393322 ], [ -73.906960849846328, 40.770002390886027 ], [ -73.9069900289212, 40.770016116377718 ], [ -73.913493217236081, 40.773409904960914 ], [ -73.913522185071429, 40.773426716699831 ], [ -73.913548775959143, 40.773445662885301 ], [ -73.913572718961703, 40.773466550474069 ], [ -73.913593770120315, 40.773489166641596 ], [ -73.915337075834955, 40.775578162075476 ], [ -73.915354005612542, 40.775600745737812 ], [ -73.915368049250759, 40.775624445586274 ], [ -73.915379080794892, 40.775649049066729 ], [ -73.915387001304126, 40.775674335520499 ], [ -73.915391739738965, 40.775700078163446 ], [ -73.915458542696854, 40.776252577957102 ], [ -73.915460055437194, 40.776278794992798 ], [ -73.915458267718222, 40.77630500202406 ], [ -73.915453195877916, 40.77633095948854 ], [ -73.91544488627494, 40.77635643010489 ], [ -73.915433414865134, 40.776381181041941 ], [ -73.915418886507254, 40.776404986046934 ], [ -73.915401434004565, 40.776427627513804 ], [ -73.915381216890992, 40.776448898472445 ], [ -73.915358419972847, 40.776468604480549 ], [ -73.915333251639453, 40.776486565401299 ], [ -73.915305941958422, 40.776502617049843 ], [ -73.915276740572409, 40.776516612694394 ], [ -73.915245914417071, 40.776528424397483 ], [ -73.915213745281036, 40.776537944185435 ], [ -73.915180527229793, 40.776545085035508 ], [ -73.915146563917588, 40.776549781671477 ], [ -73.911664649942011, 40.776901483093965 ], [ -73.911633010513185, 40.776903607066082 ], [ -73.911601247956142, 40.776903609023009 ], [ -73.911569608074828, 40.776901488949619 ], [ -73.910891505352893, 40.776833088672937 ], [ -73.910889203920036, 40.776832850791564 ], [ -73.90980189956727, 40.776717750326412 ], [ -73.909769090321731, 40.776713093001334 ], [ -73.909736986993153, 40.776706152474766 ], [ -73.909705863910887, 40.776696988054937 ], [ -73.909675987027583, 40.776685678053745 ], [ -73.909647611646491, 40.776672319117345 ], [ -73.909620980239836, 40.776657025400475 ], [ -73.909596320376778, 40.776639927590821 ], [ -73.905178920392558, 40.773279717899023 ], [ -73.905163155774162, 40.773266933890973 ], [ -73.902500057902756, 40.770964127686817 ], [ -73.902477940274423, 40.770942988461393 ], [ -73.902458662819811, 40.770920298815689 ], [ -73.902442412234862, 40.770896278495229 ], [ -73.902429345900359, 40.770871160132543 ], [ -73.902419590357624, 40.770845186994421 ], [ -73.902413240083291, 40.770818610625454 ], [ -73.902410356574322, 40.770791688412366 ], [ -73.902410967752687, 40.770764681090839 ], [ -73.902415067695017, 40.770737850220542 ], [ -73.902422616690188, 40.770711455651956 ], [ -73.902433541624049, 40.770685753009751 ], [ -73.902447736687705, 40.770660991217206 ], [ -73.902465064402293, 40.770637410085449 ], [ -73.902485356950692, 40.770615237991009 ], [ -73.902508417802707, 40.770594689663973 ], [ -73.902534023618628, 40.770575964108723 ], [ -73.902561926412133, 40.770559242676249 ], [ -73.902591855952053, 40.770544687308366 ], [ -73.902623522379443, 40.770532438968942 ], [ -73.904367317139162, 40.769938141181711 ], [ -73.904397701510362, 40.769929017115025 ] ] ] } },
{ "type": "Feature", "properties": { "dining_cluster_id": 140, "taxi_hotspot_id": 41, "n_restaurants": 432, "n_taxi_dropoffs": 152, "taxi_weight": 101.8, "avg_rating": 4.229838709677419, "dining_area_sqm": 77271702.836805746, "taxi_area_sqm": 10747806.016557725, "intersection_area_sqm": 7900047.8540499564, "overlap_ratio_dining": 0.1022372688063377, "overlap_ratio_taxi": 0.73503818750351435, "min_overlap_ratio": 0.1022372688063377, "restaurant_density": 54.683213061619028, "taxi_density": 12.885997892761152, "restaurant_score": 26.041463467564547, "taxi_score": 0.22375274974726159, "popularity_score": 13.132608108655905, "rank": 16, "restaurant_score_v2": 32.158572081757391, "taxi_score_v2": 0.1723065315193634, "popularity_score_v2": 4.9021144944696946, "entropy_weight_restaurant": 0.21044731073303888, "entropy_weight_taxi": 0.78955268926696109, "rank_v2": 20 }, "geometry": { "type": "Polygon", "coordinates": [ [ [ -73.929756377805703, 40.699854461347577 ], [ -73.929781553166819, 40.699869295444842 ], [ -73.929804911389937, 40.699885761601401 ], [ -73.933639411653374, 40.702838453129154 ], [ -73.933664385707729, 40.702859799616597 ], [ -73.933686307540668, 40.702883006824038 ], [ -73.933704939444752, 40.702907823109605 ], [ -73.934489743712007, 40.70409232093278 ], [ -73.934506067697654, 40.704120883201725 ], [ -73.934518034479353, 40.704150669023768 ], [ -73.93452548995333, 40.704181294842847 ], [ -73.934961500474145, 40.706791985121235 ], [ -73.934172326333908, 40.707289939346936 ], [ -73.934130936055354, 40.707313606698548 ], [ -73.934086762518334, 40.707334155020085 ], [ -73.934040210234613, 40.70735139614262 ], [ -73.933991705500091, 40.707365172182449 ], [ -73.933941692490961, 40.707375356986844 ], [ -73.933890629195986, 40.707381857289512 ], [ -73.933838983222401, 40.707384613564543 ], [ -73.933787227513534, 40.707383600571468 ], [ -73.933735836017647, 40.707378827586815 ], [ -73.933685279347586, 40.707370338318718 ], [ -73.933636020470914, 40.707358210506783 ], [ -73.931804011391421, 40.706832207493655 ], [ -73.931779034686272, 40.706824489727317 ], [ -73.925894007679261, 40.704874478780802 ], [ -73.925846346543452, 40.704856514463664 ], [ -73.925801233638126, 40.704835075452429 ], [ -73.921194221562587, 40.702398063200363 ], [ -73.921152511529769, 40.70237362414759 ], [ -73.921114119933293, 40.702346215723921 ], [ -73.921079410261612, 40.702316097432956 ], [ -73.921048711141182, 40.70228355443512 ], [ -73.921022313225251, 40.702248894847585 ], [ -73.921000466442095, 40.702212446826827 ], [ -73.920983377628829, 40.702174555461632 ], [ -73.920645383969457, 40.701286553948876 ], [ -73.920633166931381, 40.701247380666658 ], [ -73.92062603576808, 40.701207486538586 ], [ -73.920624058665055, 40.701167253068505 ], [ -73.920627254519815, 40.701127065004698 ], [ -73.920635592761499, 40.701087306660462 ], [ -73.92064899364361, 40.701048358239106 ], [ -73.921684011089155, 40.698546362839508 ], [ -73.921702052636803, 40.698509120102983 ], [ -73.921724722509623, 40.698473372731215 ], [ -73.921751809988422, 40.698439452988957 ], [ -73.921783063294342, 40.698407676152989 ], [ -73.921818191929304, 40.698378337581744 ], [ -73.921856869376185, 40.698351709970233 ], [ -73.921898736133826, 40.698328040815419 ], [ -73.921943403058549, 40.69830755011597 ], [ -73.922716400076197, 40.697990551824631 ], [ -73.922759579883362, 40.697974681354516 ], [ -73.922804436596607, 40.697961783483137 ], [ -73.922850617762492, 40.697951959552839 ], [ -73.922897760521465, 40.697945286753225 ], [ -73.925654322270518, 40.697650584130649 ], [ -73.929756377805703, 40.699854461347577 ] ] ] } },
{ "type": "Feature", "properties": { "dining_cluster_id": 167, "taxi_hotspot_id": 40, "n_restaurants": 81, "n_taxi_dropoffs": 7091, "taxi_weight": 4920.7, "avg_rating": 4.2788461538461542, "dining_area_sqm": 18190847.380056649, "taxi_area_sqm": 304361572.70917714, "intersection_area_sqm": 18190847.380056649, "overlap_ratio_dining": 1.0, "overlap_ratio_taxi": 0.059767227571262176, "min_overlap_ratio": 0.059767227571262176, "restaurant_density": 4.4527887188368984, "taxi_density": 270.50416603432996, "restaurant_score": 2.1205252628390716, "taxi_score": 4.6970402658743478, "popularity_score": 3.4087827643567099, "rank": 51, "restaurant_score_v2": 0.0, "taxi_score_v2": 4.9474337582514272, "popularity_score_v2": 4.8814419913633715, "entropy_weight_restaurant": 0.21044731073303888, "entropy_weight_taxi": 0.78955268926696109, "rank_v2": 21 }, "geometry": { "type": "Polygon", "coordinates": [ [ [ -73.950073203698111, 40.672207933325204 ], [ -73.950084078079399, 40.672182277032739 ], [ -73.950098205684327, 40.672157556740849 ], [ -73.950115450218632, 40.672134010929234 ], [ -73.950135645319122, 40.672111866747066 ], [ -73.950158596158715, 40.672091337821627 ], [ -73.950184081326029, 40.672072622197334 ], [ -73.950211854961438, 40.672055900425491 ], [ -73.950241649128898, 40.672041333822349 ], [ -73.950273176400685, 40.672029062913019 ], [ -73.95030613263026, 40.672019206075731 ], [ -73.95034019988627, 40.672011858400076 ], [ -73.950375049519636, 40.672007090769455 ], [ -73.950410345333893, 40.672004949177499 ], [ -73.950445746828379, 40.672005454284282 ], [ -73.95048091248303, 40.672008601216952 ], [ -73.950515503052785, 40.672014359616895 ], [ -73.950549184840284, 40.672022673932567 ], [ -73.950581632914961, 40.672033463955188 ], [ -73.950612534247512, 40.672046625592699 ], [ -73.950641590729674, 40.672062031873999 ], [ -73.950668522049995, 40.672079534173392 ], [ -73.950693068398095, 40.672098963644828 ], [ -73.961986778056342, 40.681963537184238 ], [ -73.962008153474869, 40.681984111404958 ], [ -73.962026851394612, 40.682006145055077 ], [ -73.96204270103641, 40.682029436891575 ], [ -73.962055557635367, 40.682053774179529 ], [ -73.962065303762884, 40.682078934635264 ], [ -73.962071850399454, 40.68210468845654 ], [ -73.962075137747703, 40.682130800421298 ], [ -73.962075135778889, 40.682157032036059 ], [ -73.962071844507108, 40.682183143714397 ], [ -73.962065293989369, 40.682208896964887 ], [ -73.960350320454992, 40.687565002142748 ], [ -73.960334343597438, 40.687602780182395 ], [ -73.958609057244175, 40.690854685153326 ], [ -73.958593752627792, 40.690879801611004 ], [ -73.958575201685306, 40.690903616692893 ], [ -73.954904512316659, 40.695115726197109 ], [ -73.954883394814914, 40.69513753751388 ], [ -73.954859554907927, 40.695157657904183 ], [ -73.954833224887963, 40.695175891316197 ], [ -73.954804661311456, 40.695192060084466 ], [ -73.954774142499161, 40.695206006661238 ], [ -73.954741965824113, 40.69521759515154 ], [ -73.954708444814045, 40.695226712637592 ], [ -73.954673906096289, 40.695233270278798 ], [ -73.954638686215077, 40.695237204177651 ], [ -73.95460312835209, 40.695238476002395 ], [ -73.954567578982406, 40.695237073360317 ], [ -73.954532384498407, 40.695233009918802 ], [ -73.95449788783425, 40.695226325271875 ], [ -73.954464425124385, 40.695217084554628 ], [ -73.954432322428062, 40.695205377808307 ], [ -73.954401892552156, 40.695191319103088 ], [ -73.954373432003067, 40.695175045426467 ], [ -73.954347218097624, 40.695156715348361 ], [ -73.95432350626082, 40.695136507476157 ], [ -73.954302527536981, 40.695114618714193 ], [ -73.954284486338594, 40.695091262344938 ], [ -73.950705504454561, 40.689885252492154 ], [ -73.950688836111524, 40.689857302393087 ], [ -73.950676371917496, 40.689828110403319 ], [ -73.950668267747076, 40.689798041604924 ], [ -73.948806718040458, 40.680187235881881 ], [ -73.948803579276955, 40.680164503678704 ], [ -73.948802935849827, 40.680141651479396 ], [ -73.948804792218652, 40.680118837762571 ], [ -73.949571422102025, 40.674500540132541 ], [ -73.949574375787606, 40.674483876602018 ], [ -73.950065687450916, 40.672234278108441 ], [ -73.950073203698111, 40.672207933325204 ] ] ] } },
{ "type": "Feature", "properties": { "dining_cluster_id": 68, "taxi_hotspot_id": 54, "n_restaurants": 39, "n_taxi_dropoffs": 111, "taxi_weight": 73.5, "avg_rating": 4.0952380952380949, "dining_area_sqm": 3703404.514407726, "taxi_area_sqm": 1541062.864267142, "intersection_area_sqm": 767540.75204005232, "overlap_ratio_dining": 0.20725274515760067, "overlap_ratio_taxi": 0.49805933932815849, "min_overlap_ratio": 0.20725274515760067, "restaurant_density": 50.81163429608344, "taxi_density": 95.76038771184956, "restaurant_score": 24.197724386781488, "taxi_score": 1.6627854703768707, "popularity_score": 12.930254928579179, "rank": 17, "restaurant_score_v2": 29.647143923233156, "taxi_score_v2": 1.7084394761743651, "popularity_score_v2": 4.8712068994963298, "entropy_weight_restaurant": 0.21044731073303888, "entropy_weight_taxi": 0.78955268926696109, "rank_v2": 22 }, "geometry": { "type": "Polygon", "coordinates": [ [ [ -73.934132405474543, 40.798118832245542 ], [ -73.934102874990643, 40.798105103906998 ], [ -73.934075209658729, 40.798089290142748 ], [ -73.934049663633445, 40.798071536230708 ], [ -73.934026471599182, 40.798052005272467 ], [ -73.934005846614184, 40.79803087669486 ], [ -73.933987978153183, 40.798008344601534 ], [ -73.933744379316579, 40.797664943936773 ], [ -73.933728841366147, 40.797640143533101 ], [ -73.933716643044761, 40.797614287107599 ], [ -73.933707906516062, 40.797587633615365 ], [ -73.933702719273128, 40.797560449993881 ], [ -73.933701133262304, 40.797533008489658 ], [ -73.933703164363152, 40.797505583931553 ], [ -73.933708792229638, 40.797478450978375 ], [ -73.933717960494008, 40.797451881368197 ], [ -73.933730577331517, 40.797426141196851 ], [ -73.933746516380211, 40.797401488252937 ], [ -73.934733320814175, 40.796050490927989 ], [ -73.935531437985347, 40.794959437683907 ], [ -73.935552116878171, 40.794934437595728 ], [ -73.935576210073378, 40.794911270496989 ], [ -73.936374316912364, 40.794223391272133 ], [ -73.936379478696225, 40.794224169978328 ], [ -73.93642959950661, 40.79423363865282 ], [ -73.936478306136834, 40.794246691559358 ], [ -73.936525155911198, 40.794263210065409 ], [ -73.936569723029379, 40.794283044040824 ], [ -73.936611602436159, 40.794306013222354 ], [ -73.936650413502747, 40.794331908851987 ], [ -73.936685803486142, 40.794360495573983 ], [ -73.936717450735074, 40.794391513573942 ], [ -73.936745067613373, 40.794424680940224 ], [ -73.936768403114428, 40.794459696225829 ], [ -73.936787245142526, 40.794496241188071 ], [ -73.936801422440794, 40.79453398368117 ], [ -73.936810806147932, 40.794572580674689 ], [ -73.93688480942464, 40.794986580333635 ], [ -73.936889737027897, 40.795043391372261 ], [ -73.936883747997527, 40.796391391400128 ], [ -73.936880502187989, 40.796435022935562 ], [ -73.936871189100458, 40.796478147214238 ], [ -73.936855913653446, 40.796520278356546 ], [ -73.936834847944084, 40.796560941671629 ], [ -73.936808229309477, 40.796599679005709 ], [ -73.935259811450209, 40.798588060769895 ], [ -73.934132405474543, 40.798118832245542 ] ] ] } },
{ "type": "Feature", "properties": { "dining_cluster_id": 122, "taxi_hotspot_id": 46, "n_restaurants": 55, "n_taxi_dropoffs": 329, "taxi_weight": 232.7, "avg_rating": 4.3903225806451607, "dining_area_sqm": 1634224.4466890511, "taxi_area_sqm": 4935621.8768048743, "intersection_area_sqm": 1434667.7152854267, "overlap_ratio_dining": 0.87788903059923773, "overlap_ratio_taxi": 0.29067618044803983, "min_overlap_ratio": 0.29067618044803983, "restaurant_density": 38.336403206130392, "taxi_density": 162.19783683757348, "restaurant_score": 18.256718793120434, "taxi_score": 2.8164067926669678, "popularity_score": 10.536562792893701, "rank": 21, "restaurant_score_v2": 21.554670919117239, "taxi_score_v2": 2.9399025926286901, "popularity_score_v2": 4.4386758626873659, "entropy_weight_restaurant": 0.21044731073303888, "entropy_weight_taxi": 0.78955268926696109, "rank_v2": 23 }, "geometry": { "type": "Polygon", "coordinates": [ [ [ -73.954652314123024, 40.741550633253382 ], [ -73.954687408031177, 40.74155214347779 ], [ -73.954722142293036, 40.741556243354133 ], [ -73.954756187372823, 40.741562893985474 ], [ -73.954789220272957, 40.741572032275037 ], [ -73.954820927598533, 40.741583571524679 ], [ -73.954851008530298, 40.741597402257554 ], [ -73.95487917767872, 40.74161339325655 ], [ -73.954905167791452, 40.741631392809268 ], [ -73.95492873228892, 40.741651230147376 ], [ -73.95494964760357, 40.741672717066528 ], [ -73.954967715301152, 40.741695649712135 ], [ -73.954982763963287, 40.741719810513011 ], [ -73.954994650813902, 40.741744970245975 ], [ -73.955003263073849, 40.741770890210184 ], [ -73.955008519031111, 40.74179732449187 ], [ -73.955010368816119, 40.741824022297493 ], [ -73.955015073749877, 40.742734922282914 ], [ -73.955013549469598, 40.742761224179702 ], [ -73.955008718991422, 40.742787294006376 ], [ -73.955000626754341, 40.742812891907192 ], [ -73.953868040795754, 40.745764595281734 ], [ -73.95385567133718, 40.745791535757121 ], [ -73.953839690980303, 40.745817353904918 ], [ -73.953363893278123, 40.746492555206501 ], [ -73.95335593385073, 40.746502605749555 ], [ -73.950042152780469, 40.743914213820162 ], [ -73.950006952611361, 40.743883866360889 ], [ -73.949975839802249, 40.743851037160489 ], [ -73.949949114949519, 40.743816043404884 ], [ -73.949946132431094, 40.743811069519538 ], [ -73.949961407029932, 40.743797001800189 ], [ -73.951539107911785, 40.74248180541769 ], [ -73.951563671548215, 40.74246320652307 ], [ -73.951590467814924, 40.742446485722901 ], [ -73.951619249523944, 40.742431797260835 ], [ -73.952374847829304, 40.742084998472592 ], [ -73.952410768627985, 40.742070544257444 ], [ -73.95366516492075, 40.741632645881616 ], [ -73.953703297690467, 40.741621278840618 ], [ -73.953742878297618, 40.741613271425102 ], [ -73.953783396909884, 40.741608726777287 ], [ -73.954617193516341, 40.741551727008947 ], [ -73.954652314123024, 40.741550633253382 ] ] ] } },
{ "type": "Feature", "properties": { "dining_cluster_id": 158, "taxi_hotspot_id": 42, "n_restaurants": 95, "n_taxi_dropoffs": 2044, "taxi_weight": 1293.3, "avg_rating": 4.255, "dining_area_sqm": 5637515.9499107357, "taxi_area_sqm": 78973042.590614885, "intersection_area_sqm": 5637515.9499107329, "overlap_ratio_dining": 0.99999999999999956, "overlap_ratio_taxi": 0.071385320420473353, "min_overlap_ratio": 0.071385320420473353, "restaurant_density": 16.851393564838478, "taxi_density": 229.40955049900634, "restaurant_score": 8.0250395930794785, "taxi_score": 3.9834724613195602, "popularity_score": 6.0042560271995189, "rank": 33, "restaurant_score_v2": 7.6177058030682909, "taxi_score_v2": 4.1857172266480536, "popularity_score_v2": 4.3045550685921734, "entropy_weight_restaurant": 0.21044731073303888, "entropy_weight_taxi": 0.78955268926696109, "rank_v2": 24 }, "geometry": { "type": "Polygon", "coordinates": [ [ [ -73.917459622061159, 40.760796848520116 ], [ -73.91749065806691, 40.760783544155792 ], [ -73.917523267770946, 40.760772630975239 ], [ -73.917557133497638, 40.760764215291836 ], [ -73.917591925335941, 40.760758379088784 ], [ -73.917627304353232, 40.76075517922078 ], [ -73.917662925896948, 40.760754646860001 ], [ -73.917698442951973, 40.760756787192676 ], [ -73.917733509521071, 40.760761579368186 ], [ -73.917767783995359, 40.760768976702501 ], [ -73.917800932482052, 40.76077890713286 ], [ -73.917832632057014, 40.760791273919679 ], [ -73.917862573910554, 40.76080595658896 ], [ -73.917890466355701, 40.760822812106021 ], [ -73.917916037669684, 40.760841676268619 ], [ -73.917939038741011, 40.760862365306849 ], [ -73.918670140045364, 40.761589963504314 ], [ -73.918691035449498, 40.761613125653504 ], [ -73.91870870828734, 40.761637790258384 ], [ -73.922177828936299, 40.767130580556149 ], [ -73.922190554848925, 40.767153292736637 ], [ -73.922200545147135, 40.767176782414495 ], [ -73.9222077190081, 40.767200859562159 ], [ -73.922212018393424, 40.767225329399338 ], [ -73.922213118444319, 40.767234829395953 ], [ -73.922214492162766, 40.767261583797527 ], [ -73.922212430721103, 40.767288312665663 ], [ -73.922206953731674, 40.767314761651328 ], [ -73.922198113308966, 40.76734067906856 ], [ -73.922185993573777, 40.767365818289448 ], [ -73.922170709852992, 40.767389940091086 ], [ -73.922152407582146, 40.767412814932001 ], [ -73.922131260921631, 40.767434225136469 ], [ -73.922107471099523, 40.767453966965917 ], [ -73.922081264496555, 40.767471852557875 ], [ -73.922052890492267, 40.767487711713557 ], [ -73.922022619091607, 40.767501393517584 ], [ -73.921990738355689, 40.767512767774171 ], [ -73.920759934456584, 40.767897369225693 ], [ -73.920719999075629, 40.76790781728441 ], [ -73.920678732056714, 40.767914647918218 ], [ -73.911381195136528, 40.769024852393429 ], [ -73.911344238063037, 40.769027792099294 ], [ -73.911307079296336, 40.769027828040279 ], [ -73.911270112504155, 40.769024959835598 ], [ -73.911233729320287, 40.76901921787163 ], [ -73.910819927783706, 40.768936817546368 ], [ -73.910787097536527, 40.768928991457308 ], [ -73.910755396302804, 40.76891882482898 ], [ -73.910725112017616, 40.768906410002707 ], [ -73.91069651974577, 40.768891859739632 ], [ -73.910669879183374, 40.768875306196648 ], [ -73.91064543229912, 40.768856899725783 ], [ -73.910623401136434, 40.768836807508748 ], [ -73.910603985796783, 40.768815212038255 ], [ -73.910587362622223, 40.768792309460565 ], [ -73.910573682593807, 40.768768307793835 ], [ -73.910563069960318, 40.768743425038771 ], [ -73.910555621109864, 40.768717887198513 ], [ -73.910551403694541, 40.768691926225891 ], [ -73.910550456016097, 40.768665777916596 ], [ -73.910552786678124, 40.768639679767702 ], [ -73.91055837450817, 40.768613868820275 ], [ -73.910567168750049, 40.768588579506662 ], [ -73.910618969329718, 40.76846397965987 ], [ -73.910630774043312, 40.768439649681184 ], [ -73.913588295788159, 40.763130558130008 ], [ -73.913604314932954, 40.763105439538393 ], [ -73.913623606832644, 40.763081688052715 ], [ -73.913645971924396, 40.763059549363284 ], [ -73.913671178856376, 40.763039252477135 ], [ -73.91369896688083, 40.763021007349039 ], [ -73.917430462099233, 40.760812414460673 ], [ -73.917459622061159, 40.760796848520116 ] ] ] } },
{ "type": "Feature", "properties": { "dining_cluster_id": 128, "taxi_hotspot_id": 50, "n_restaurants": 31, "n_taxi_dropoffs": 90, "taxi_weight": 56.7, "avg_rating": 4.1166666666666663, "dining_area_sqm": 2705986.2007932602, "taxi_area_sqm": 1654392.8112862681, "intersection_area_sqm": 684560.83675240306, "overlap_ratio_dining": 0.25298016543902696, "overlap_ratio_taxi": 0.41378373508536115, "min_overlap_ratio": 0.25298016543902696, "restaurant_density": 45.284506994390483, "taxi_density": 82.8268240832884, "restaurant_score": 21.565573208220986, "taxi_score": 1.4382067881509935, "popularity_score": 11.501889998185989, "rank": 18, "restaurant_score_v2": 26.06178921863901, "taxi_score_v2": 1.4687071146451296, "popularity_score_v2": 4.2845822004089573, "entropy_weight_restaurant": 0.21044731073303888, "entropy_weight_taxi": 0.78955268926696109, "rank_v2": 25 }, "geometry": { "type": "Polygon", "coordinates": [ [ [ -73.936569740801133, 40.752395634476152 ], [ -73.936602193385383, 40.752389450556272 ], [ -73.936635259498033, 40.75238557833864 ], [ -73.936668655033728, 40.752384051093443 ], [ -73.93670209305678, 40.752384881942909 ], [ -73.936735286266412, 40.752388063748278 ], [ -73.936767949465249, 40.752393569171389 ], [ -73.93722060332837, 40.752486793223042 ], [ -73.937580977947889, 40.754406825804978 ], [ -73.937585857897133, 40.754446410825757 ], [ -73.937585694047328, 40.754486169212498 ], [ -73.937580487917486, 40.754525730195958 ], [ -73.93757028804886, 40.754564724847093 ], [ -73.937555189552626, 40.754602789517598 ], [ -73.937535333223195, 40.75463956923123 ], [ -73.937510904225618, 40.75467472099411 ], [ -73.937243905784044, 40.755017722063592 ], [ -73.937233106530428, 40.755031013341259 ], [ -73.936922107996622, 40.755398014558047 ], [ -73.936890691409047, 40.755431321397758 ], [ -73.936855075300059, 40.755462087672001 ], [ -73.936815612682111, 40.755490008433242 ], [ -73.936808623056294, 40.755494047121374 ], [ -73.934271364720829, 40.753879495609965 ], [ -73.934245894332008, 40.753861638613181 ], [ -73.934222792527578, 40.753842006947195 ], [ -73.93420227213052, 40.753820781468463 ], [ -73.934184522182051, 40.753798157716382 ], [ -73.934169706200208, 40.753774344111513 ], [ -73.934157960673446, 40.753749560035907 ], [ -73.934149393803381, 40.753724033811658 ], [ -73.934064295411559, 40.753407833552906 ], [ -73.934058868535899, 40.753380945633701 ], [ -73.934056968253429, 40.753353781259072 ], [ -73.934058613225375, 40.753326607251431 ], [ -73.934063787289702, 40.753299690527506 ], [ -73.934072439619982, 40.753273295476504 ], [ -73.93408448522483, 40.753247681363192 ], [ -73.934099805782878, 40.753223099781358 ], [ -73.934118250805113, 40.753199792182421 ], [ -73.93413963911317, 40.753177987504046 ], [ -73.934163760619015, 40.753157899921206 ], [ -73.934190378388635, 40.753139726742667 ], [ -73.934219230969276, 40.753123646473071 ], [ -73.934250034957628, 40.753109817059297 ], [ -73.934282487783378, 40.753098374339451 ], [ -73.936538180579461, 40.752404076965739 ], [ -73.936569740801133, 40.752395634476152 ] ] ] } },
{ "type": "Feature", "properties": { "dining_cluster_id": 68, "taxi_hotspot_id": 60, "n_restaurants": 39, "n_taxi_dropoffs": 391, "taxi_weight": 257.4, "avg_rating": 4.0952380952380949, "dining_area_sqm": 3703404.514407726, "taxi_area_sqm": 5452344.4332430884, "intersection_area_sqm": 1325328.1486672414, "overlap_ratio_dining": 0.35786750907474041, "overlap_ratio_taxi": 0.24307491298361134, "min_overlap_ratio": 0.24307491298361134, "restaurant_density": 29.426674472445676, "taxi_density": 194.21605151814143, "restaurant_score": 14.013691320270414, "taxi_score": 3.3723717739122128, "popularity_score": 8.693031547091314, "rank": 24, "restaurant_score_v2": 15.775079444502657, "taxi_score_v2": 3.5333818871034266, "popularity_score_v2": 4.2749710273741659, "entropy_weight_restaurant": 0.21044731073303888, "entropy_weight_taxi": 0.78955268926696109, "rank_v2": 26 }, "geometry": { "type": "Polygon", "coordinates": [ [ [ -73.942960148119113, 40.798619481847332 ], [ -73.942979770539438, 40.798642632171877 ], [ -73.942996241724117, 40.798667160159958 ], [ -73.943009395877425, 40.798692818923065 ], [ -73.943019100591187, 40.798719350190431 ], [ -73.943025258177357, 40.798746486908833 ], [ -73.943027806651685, 40.798773955930415 ], [ -73.943026720357693, 40.798801480762116 ], [ -73.942915026034754, 40.799857981107294 ], [ -73.942910519101105, 40.799884430550442 ], [ -73.942902655407821, 40.799910422725084 ], [ -73.942891509198915, 40.799935712216751 ], [ -73.942877185711779, 40.799960060245354 ], [ -73.942859820183699, 40.799983236919687 ], [ -73.942839576574997, 40.80000502340814 ], [ -73.942816646021129, 40.800025214004812 ], [ -73.942791245027962, 40.800043618071982 ], [ -73.942763613427658, 40.800060061839943 ], [ -73.942734012114158, 40.80007439004784 ], [ -73.942702720579902, 40.800086467409791 ], [ -73.942670034276773, 40.800096179892087 ], [ -73.942636261826394, 40.800103435790021 ], [ -73.942601722106119, 40.800108166593816 ], [ -73.942566741238096, 40.800110327635508 ], [ -73.942531649509874, 40.800109898510598 ], [ -73.938511233036891, 40.799911897704497 ], [ -73.938472138105041, 40.799908337257982 ], [ -73.938433785493928, 40.799901564047794 ], [ -73.938396631000046, 40.799891658569351 ], [ -73.938361116180531, 40.799878738542937 ], [ -73.937350164144334, 40.799458022790589 ], [ -73.93782966593065, 40.798759568984963 ], [ -73.937860558510195, 40.798720105621662 ], [ -73.939007563292279, 40.797425110046809 ], [ -73.939043166866455, 40.797389293997227 ], [ -73.939083689530023, 40.797356636335529 ], [ -73.939128649597791, 40.797327525251646 ], [ -73.939177512640853, 40.797302306778157 ], [ -73.940287508892794, 40.796794309441303 ], [ -73.940335201074447, 40.796774879847732 ], [ -73.940385205856359, 40.796759162848083 ], [ -73.940437024351922, 40.796747315246996 ], [ -73.940490139580618, 40.79673945524484 ], [ -73.940544021625371, 40.796735661258907 ], [ -73.940598132919249, 40.796735971140727 ], [ -73.940651933608294, 40.796740381798699 ], [ -73.940704886937155, 40.796748849228891 ], [ -73.941307700441413, 40.796869415647386 ], [ -73.942960148119113, 40.798619481847332 ] ] ] } },
{ "type": "Feature", "properties": { "dining_cluster_id": 128, "taxi_hotspot_id": 45, "n_restaurants": 31, "n_taxi_dropoffs": 57, "taxi_weight": 36.2, "avg_rating": 4.1166666666666663, "dining_area_sqm": 2705986.2007932602, "taxi_area_sqm": 845757.68623925885, "intersection_area_sqm": 721970.92580282991, "overlap_ratio_dining": 0.26680510255048012, "overlap_ratio_taxi": 0.85363803078532052, "min_overlap_ratio": 0.26680510255048012, "restaurant_density": 42.938017158416834, "taxi_density": 50.140523262409339, "restaurant_score": 20.448118217570329, "taxi_score": 0.87064114452735275, "popularity_score": 10.65937968104884, "rank": 20, "restaurant_score_v2": 24.539660649225826, "taxi_score_v2": 0.862844391076803, "popularity_score_v2": 3.888772746117612, "entropy_weight_restaurant": 0.21044731073303888, "entropy_weight_taxi": 0.78955268926696109, "rank_v2": 27 }, "geometry": { "type": "Polygon", "coordinates": [ [ [ -73.942860527010936, 40.753648164229688 ], [ -73.942895318604243, 40.753656788964015 ], [ -73.942928783008583, 40.753668048298437 ], [ -73.942960576247984, 40.753681826500106 ], [ -73.942990371523521, 40.75369798194496 ], [ -73.943017862572447, 40.753716348573597 ], [ -73.943042766816106, 40.753736737597968 ], [ -73.943064828264596, 40.753758939442015 ], [ -73.94308382014799, 40.753782725895668 ], [ -73.943099547247485, 40.75380785246054 ], [ -73.943111847902003, 40.753834060863248 ], [ -73.943120595670109, 40.753861081709886 ], [ -73.943125700629793, 40.75388863725518 ], [ -73.943127110302953, 40.753916444257442 ], [ -73.943124810195016, 40.75394421688992 ], [ -73.942983691918997, 40.754884703119913 ], [ -73.942575865570888, 40.755857995855763 ], [ -73.942558736578931, 40.755893229625215 ], [ -73.942537455763798, 40.755927129549292 ], [ -73.942512200275445, 40.755959413421657 ], [ -73.942483180352625, 40.755989812488785 ], [ -73.942450637572875, 40.756018073687287 ], [ -73.942214637659504, 40.756205074479844 ], [ -73.942175360646544, 40.756233240488804 ], [ -73.942132590073271, 40.756258291998627 ], [ -73.941768589114162, 40.756450292964296 ], [ -73.941720862495515, 40.756472773645022 ], [ -73.941670331072174, 40.756491375317189 ], [ -73.941617538158269, 40.756505897974677 ], [ -73.941563051384819, 40.756516185469131 ], [ -73.941507456596312, 40.75652212718888 ], [ -73.940386449747635, 40.756597127646167 ], [ -73.940333539614059, 40.756598690833108 ], [ -73.940280681706113, 40.756596316469796 ], [ -73.94022838158088, 40.756590027265638 ], [ -73.940177139460246, 40.756579883373476 ], [ -73.940127445446322, 40.756565981813999 ], [ -73.940079774833706, 40.756548455547907 ], [ -73.940034583563218, 40.756527472204134 ], [ -73.939992303861075, 40.756503232476263 ], [ -73.939953340104751, 40.756475968203262 ], [ -73.939918064955251, 40.756445940151757 ], [ -73.939886815792917, 40.756413435521935 ], [ -73.939859891490627, 40.756378765200516 ], [ -73.939837549555449, 40.756342260787171 ], [ -73.939820003665815, 40.756304271423019 ], [ -73.939807421628259, 40.756265160451193 ], [ -73.939799923772611, 40.756225301941548 ], [ -73.939797581801443, 40.756185077113003 ], [ -73.939800418104753, 40.756144870687329 ], [ -73.939808405546017, 40.756105067209681 ], [ -73.939821467722226, 40.756066047370588 ], [ -73.939839479694854, 40.756028184364993 ], [ -73.940435486402706, 40.754944186924483 ], [ -73.940436958944744, 40.754941534758643 ], [ -73.941259967925475, 40.753473538282627 ], [ -73.941283431258469, 40.753436841809588 ], [ -73.941311556050138, 40.753402091769381 ], [ -73.941344066037459, 40.753369629494429 ], [ -73.941377038148005, 40.75334271545789 ], [ -73.942860527010936, 40.753648164229688 ] ] ] } },
{ "type": "Feature", "properties": { "dining_cluster_id": 170, "taxi_hotspot_id": 44, "n_restaurants": 172, "n_taxi_dropoffs": 3442, "taxi_weight": 2358.5, "avg_rating": 4.3763157894736846, "dining_area_sqm": 12241340.287073651, "taxi_area_sqm": 89013159.860153601, "intersection_area_sqm": 12241340.287073646, "overlap_ratio_dining": 0.99999999999999956, "overlap_ratio_taxi": 0.13752281467488309, "min_overlap_ratio": 0.13752281467488309, "restaurant_density": 14.050749016561934, "taxi_density": 192.66681136954256, "restaurant_score": 6.6913051871038443, "taxi_score": 3.3454707340274719, "popularity_score": 5.0183879605656578, "rank": 43, "restaurant_score_v2": 5.8009746950325498, "taxi_score_v2": 3.5046656716761992, "popularity_score_v2": 3.580081401969005, "entropy_weight_restaurant": 0.21044731073303888, "entropy_weight_taxi": 0.78955268926696109, "rank_v2": 28 }, "geometry": { "type": "Polygon", "coordinates": [ [ [ -73.957689198809319, 40.708187607446021 ], [ -73.957708061799636, 40.708165298849828 ], [ -73.957729666687442, 40.708144480141179 ], [ -73.957753811662258, 40.70812534578446 ], [ -73.957780271187602, 40.708108074510641 ], [ -73.957808798107791, 40.708092827647931 ], [ -73.95783912595644, 40.708079747614576 ], [ -73.957870971445587, 40.708068956588839 ], [ -73.957904037111732, 40.708060555367744 ], [ -73.957938014094282, 40.708054622425507 ], [ -73.957972585020542, 40.708051213180596 ], [ -73.958007426970113, 40.708050359478158 ], [ -73.958042214491087, 40.708052069292414 ], [ -73.961250201534327, 40.708328668170594 ], [ -73.96128385457331, 40.708332802988373 ], [ -73.964022544026236, 40.708771201237276 ], [ -73.964058463328513, 40.708778438868471 ], [ -73.964093213554193, 40.708788450141583 ], [ -73.964126425925855, 40.708801128814876 ], [ -73.964157747985524, 40.70881634033946 ], [ -73.964186847335029, 40.70883392328718 ], [ -73.964213415163371, 40.70885369106368 ], [ -73.96423716952394, 40.708875433888466 ], [ -73.965900572758216, 40.710568229750784 ], [ -73.965917589298812, 40.710587144767317 ], [ -73.965932472396318, 40.710607074277171 ], [ -73.965945118245713, 40.710627879280793 ], [ -73.966857925229192, 40.712310676660231 ], [ -73.966870368423798, 40.71233747147955 ], [ -73.966879103930225, 40.712365101695234 ], [ -73.966884038099678, 40.71239327111283 ], [ -73.966885118033247, 40.712421677757362 ], [ -73.966882332149126, 40.712450017110434 ], [ -73.966875710307065, 40.712477985374512 ], [ -73.966865323488449, 40.712505282729907 ], [ -73.965042741491345, 40.716506588078147 ], [ -73.965030644643448, 40.716529701058647 ], [ -73.965015846996124, 40.716551885686584 ], [ -73.964998470116797, 40.716572959704273 ], [ -73.964978656762923, 40.716592749977977 ], [ -73.963742958168694, 40.717717352922129 ], [ -73.963729404275796, 40.717729000612344 ], [ -73.9587798062025, 40.721746711826498 ], [ -73.958756329573546, 40.721764110588978 ], [ -73.958730874457345, 40.721779816586995 ], [ -73.9587036509336, 40.721793700198909 ], [ -73.958674883677148, 40.721805646843265 ], [ -73.958644810103664, 40.721815557924266 ], [ -73.957509506364971, 40.722143959177117 ], [ -73.957475441442554, 40.722152365889002 ], [ -73.957440448839023, 40.722158161616214 ], [ -73.957404873375552, 40.722161289246884 ], [ -73.957369065617087, 40.722161717961001 ], [ -73.957333378417786, 40.72215944353394 ], [ -73.957298163443667, 40.722154488378195 ], [ -73.957263767707275, 40.72214690132251 ], [ -73.957230530147982, 40.722136757130606 ], [ -73.957198778291925, 40.722124155764483 ], [ -73.957168825024524, 40.72210922139945 ], [ -73.957140965507094, 40.722092101200218 ], [ -73.957115474268321, 40.722072963870929 ], [ -73.957092602499017, 40.722051997992523 ], [ -73.954038808388106, 40.718951390403788 ], [ -73.95401909761074, 40.718929196693203 ], [ -73.954002323916299, 40.718905646871441 ], [ -73.95398864704643, 40.718880965216123 ], [ -73.953978197249697, 40.718855386783552 ], [ -73.953971074041149, 40.718829155170354 ], [ -73.953967345254696, 40.7188025201934 ], [ -73.953967046397366, 40.718775735510725 ], [ -73.953970180311202, 40.718749056205709 ], [ -73.954858705914262, 40.713879258938832 ], [ -73.954860637287325, 40.713869869365084 ], [ -73.955199744940089, 40.712389470402641 ], [ -73.955208768909614, 40.712359870171312 ], [ -73.955222037458725, 40.712331210337119 ], [ -73.955332538294357, 40.712129010654017 ], [ -73.955337238638521, 40.712120790943395 ], [ -73.957673253915843, 40.708211197548252 ], [ -73.957689198809319, 40.708187607446021 ] ] ] } },
{ "type": "Feature", "properties": { "dining_cluster_id": 54, "taxi_hotspot_id": 35, "n_restaurants": 76, "n_taxi_dropoffs": 105, "taxi_weight": 71.3, "avg_rating": 4.0941176470588232, "dining_area_sqm": 13418076.556578899, "taxi_area_sqm": 2059007.4547783111, "intersection_area_sqm": 1917686.3302559208, "overlap_ratio_dining": 0.14291812408207472, "overlap_ratio_taxi": 0.93136444251601502, "min_overlap_ratio": 0.14291812408207472, "restaurant_density": 39.631090236669507, "taxi_density": 37.18022018255968, "restaurant_score": 18.873279948181352, "taxi_score": 0.64559815788343, "popularity_score": 9.7594390530323913, "rank": 22, "restaurant_score_v2": 22.394512663760722, "taxi_score_v2": 0.62261639570777749, "popularity_score_v2": 3.5219110266514178, "entropy_weight_restaurant": 0.21044731073303888, "entropy_weight_taxi": 0.78955268926696109, "rank_v2": 29 }, "geometry": { "type": "Polygon", "coordinates": [ [ [ -73.939791387313704, 40.823655115093501 ], [ -73.940237705814567, 40.823012810975165 ], [ -73.940261841653268, 40.822981501213356 ], [ -73.940289512505373, 40.82295192728612 ], [ -73.940320503459205, 40.822924318880965 ], [ -73.940354573818254, 40.822898890419737 ], [ -73.941901572458775, 40.821841895228459 ], [ -73.941956782170507, 40.821808830899322 ], [ -73.942000782052446, 40.821785831015269 ], [ -73.942055032376516, 40.821760893512597 ], [ -73.942267031539686, 40.821675893972539 ], [ -73.942315746021279, 40.821658651091958 ], [ -73.942366469018566, 40.821645158220974 ], [ -73.942418701749958, 40.82163554804076 ], [ -73.942471930588837, 40.821629915052227 ], [ -73.942525632113956, 40.821628314646858 ], [ -73.942579278256162, 40.821630762562094 ], [ -73.942632341490992, 40.821637234726545 ], [ -73.942684300025476, 40.821647667496791 ], [ -73.945651284302755, 40.822364663316009 ], [ -73.94570269811102, 40.822379304310878 ], [ -73.945751897992139, 40.822397822023298 ], [ -73.945798378955885, 40.822420026387221 ], [ -73.94584166391769, 40.822445689496504 ], [ -73.945881308595318, 40.822474547944175 ], [ -73.945916906069058, 40.822506305525714 ], [ -73.945948090958254, 40.822540636279413 ], [ -73.945974543171872, 40.822577187831769 ], [ -73.946461547438844, 40.823339185795412 ], [ -73.94648142296731, 40.823374357568291 ], [ -73.946496912863893, 40.823410779493422 ], [ -73.946507883242802, 40.823448136777685 ], [ -73.946514239279693, 40.82348610654298 ], [ -73.946515926031481, 40.823524360617213 ], [ -73.946512928911517, 40.823562568370299 ], [ -73.946505273815959, 40.823600399571994 ], [ -73.946274280479471, 40.824470400624492 ], [ -73.946273641338976, 40.824472771831815 ], [ -73.946244642147775, 40.824578771963779 ], [ -73.946232242863587, 40.824615509563728 ], [ -73.946215445853213, 40.824651224552063 ], [ -73.94619439364655, 40.824685613856936 ], [ -73.946169264883252, 40.824718385655437 ], [ -73.946140272796995, 40.824749261850336 ], [ -73.946107663406082, 40.824777980429779 ], [ -73.946071713425965, 40.824804297690903 ], [ -73.94603272792105, 40.824827990307931 ], [ -73.945105725734535, 40.825339992841762 ], [ -73.945060034378628, 40.825362649125701 ], [ -73.945011575671884, 40.825381700755443 ], [ -73.944960840767507, 40.825396954632346 ], [ -73.944908343890404, 40.82540825615002 ], [ -73.944854617124932, 40.825415490761294 ], [ -73.943985611874524, 40.825498491265193 ], [ -73.943945701189818, 40.825501169249513 ], [ -73.943905639120814, 40.825501600261902 ], [ -73.941632815884063, 40.825462192029882 ], [ -73.939791387313704, 40.823655115093501 ] ] ] } },
{ "type": "Feature", "properties": { "dining_cluster_id": 38, "taxi_hotspot_id": 1, "n_restaurants": 104, "n_taxi_dropoffs": 119, "taxi_weight": 82.7, "avg_rating": 4.1166666666666663, "dining_area_sqm": 43063884.641953237, "taxi_area_sqm": 11405554.048345385, "intersection_area_sqm": 2722984.6354170162, "overlap_ratio_dining": 0.063231282037298123, "overlap_ratio_taxi": 0.23874198691926257, "min_overlap_ratio": 0.063231282037298123, "restaurant_density": 38.193384805519749, "taxi_density": 30.37108580208157, "restaurant_score": 18.188609985203559, "taxi_score": 0.52736419930995615, "popularity_score": 9.3579870922567583, "rank": 23, "restaurant_score_v2": 21.461897283287314, "taxi_score_v2": 0.49640447825935158, "popularity_score_v2": 3.360915234093703, "entropy_weight_restaurant": 0.21044731073303888, "entropy_weight_taxi": 0.78955268926696109, "rank_v2": 30 }, "geometry": { "type": "Polygon", "coordinates": [ [ [ -73.804963959289424, 40.668975564030227 ], [ -73.801516091338527, 40.670437696864454 ], [ -73.801469545808985, 40.670455259523784 ], [ -73.801421001681405, 40.670469340327564 ], [ -73.801370906990272, 40.670479809317769 ], [ -73.801319724081623, 40.670486569871279 ], [ -73.801267925345755, 40.670489559591907 ], [ -73.794599884231758, 40.67062956044888 ], [ -73.794545545051065, 40.670628618986065 ], [ -73.794491604528105, 40.670623528628653 ], [ -73.794438607684484, 40.670614340810246 ], [ -73.794387090006182, 40.670601148365641 ], [ -73.794337572032802, 40.670584084592804 ], [ -73.794290554097586, 40.670563321905952 ], [ -73.794246511271922, 40.670539070093334 ], [ -73.794205888565031, 40.670511574197384 ], [ -73.794169096427467, 40.670481112038836 ], [ -73.794136506603891, 40.670447991409205 ], [ -73.794108448377045, 40.670412546961074 ], [ -73.794085205240847, 40.670375136826316 ], [ -73.794067012036095, 40.670336138997605 ], [ -73.79322202722075, 40.668188135223282 ], [ -73.793209973034621, 40.668151434076051 ], [ -73.793202394013235, 40.668114045370061 ], [ -73.793199354140782, 40.668076284788306 ], [ -73.793200879075968, 40.668038471153082 ], [ -73.793206955935659, 40.668000923733963 ], [ -73.793400962671427, 40.667132924625776 ], [ -73.793415159661635, 40.667086112955111 ], [ -73.793490921443862, 40.66688944757977 ], [ -73.804963959289424, 40.668975564030227 ] ] ] } },
{ "type": "Feature", "properties": { "dining_cluster_id": 44, "taxi_hotspot_id": 30, "n_restaurants": 171, "n_taxi_dropoffs": 395, "taxi_weight": 230.6, "avg_rating": 4.0109375, "dining_area_sqm": 22499553.337360971, "taxi_area_sqm": 6167534.0842165649, "intersection_area_sqm": 4974823.9264947586, "overlap_ratio_dining": 0.22110767497921663, "overlap_ratio_taxi": 0.80661474400699462, "min_overlap_ratio": 0.22110767497921663, "restaurant_density": 34.373075816672355, "taxi_density": 46.35339931768798, "restaurant_score": 16.369286807251797, "taxi_score": 0.8048814413738139, "popularity_score": 8.5870841243128062, "rank": 25, "restaurant_score_v2": 18.98372696830798, "taxi_score_v2": 0.79264748380933736, "popularity_score_v2": 3.0570257223209012, "entropy_weight_restaurant": 0.21044731073303888, "entropy_weight_taxi": 0.78955268926696109, "rank_v2": 31 }, "geometry": { "type": "Polygon", "coordinates": [ [ [ -73.942138438910249, 40.846034915359638 ], [ -73.941854460983635, 40.846149541101859 ], [ -73.941804537127965, 40.846167282716976 ], [ -73.941752499050594, 40.846181083206133 ], [ -73.941698884648147, 40.846190799918887 ], [ -73.941644248112013, 40.846196332417314 ], [ -73.941589154199534, 40.846197623514044 ], [ -73.940339146467679, 40.846178623397783 ], [ -73.940288591465489, 40.846176056384003 ], [ -73.940238572819069, 40.84616991662503 ], [ -73.940189527402083, 40.846160257746924 ], [ -73.940141883587387, 40.846147164112409 ], [ -73.94009605750523, 40.846130750084043 ], [ -73.940052449408626, 40.846111159025334 ], [ -73.940011440177329, 40.846088562048486 ], [ -73.937781436288915, 40.844734555578391 ], [ -73.937740089622949, 40.84470671137516 ], [ -73.937702690407292, 40.844675815403697 ], [ -73.937669627231642, 40.844642188687551 ], [ -73.937641243630637, 40.844606180623643 ], [ -73.937617834514541, 40.844568165351561 ], [ -73.937599643105244, 40.844528537865898 ], [ -73.937586858409404, 40.844487709912279 ], [ -73.937378865036123, 40.843631708961908 ], [ -73.937372985762039, 40.84360111431414 ], [ -73.937370146459045, 40.843570270874565 ], [ -73.937198179411581, 40.839520270075866 ], [ -73.937198930211707, 40.839481604303501 ], [ -73.937204454385665, 40.839443162585688 ], [ -73.937214703190435, 40.839405284058913 ], [ -73.937229586202278, 40.839368302890719 ], [ -73.937248972114674, 40.839332545331317 ], [ -73.937272689897, 40.839298326835873 ], [ -73.937300530303574, 40.83926594928122 ], [ -73.937332247719837, 40.839235698302979 ], [ -73.937367562329243, 40.839207840775721 ], [ -73.937406162581993, 40.83918262245858 ], [ -73.937447707943505, 40.839160265827338 ], [ -73.942397692720817, 40.836753278229857 ], [ -73.942441901736984, 40.836733944164848 ], [ -73.942488307985798, 40.836717852038099 ], [ -73.942536500478326, 40.83670514436632 ], [ -73.942586052406895, 40.836695933692276 ], [ -73.942636524924964, 40.836690301588483 ], [ -73.942687471033409, 40.836688297934337 ], [ -73.942738439539113, 40.836689940474876 ], [ -73.942788979050562, 40.836695214663223 ], [ -73.942838641975371, 40.836704073789711 ], [ -73.942886988484005, 40.836716439395289 ], [ -73.94293359040492, 40.836732201966598 ], [ -73.942978035016267, 40.836751221905615 ], [ -73.944782644674518, 40.837610854858227 ], [ -73.942138438910249, 40.846034915359638 ] ] ] } },
{ "type": "Feature", "properties": { "dining_cluster_id": 127, "taxi_hotspot_id": 48, "n_restaurants": 88, "n_taxi_dropoffs": 270, "taxi_weight": 173.7, "avg_rating": 4.3147540983606563, "dining_area_sqm": 6036796.6057017418, "taxi_area_sqm": 3760499.4039757103, "intersection_area_sqm": 2654750.7444829475, "overlap_ratio_dining": 0.43976150231325351, "overlap_ratio_taxi": 0.70595696456600077, "min_overlap_ratio": 0.43976150231325351, "restaurant_density": 33.148121413236225, "taxi_density": 65.429871471353763, "restaurant_score": 15.78593400918983, "taxi_score": 1.1361257218231853, "popularity_score": 8.4610298655065073, "rank": 26, "restaurant_score_v2": 18.18911960836391, "taxi_score_v2": 1.1462428153346649, "popularity_score_v2": 3.0551327275607454, "entropy_weight_restaurant": 0.21044731073303888, "entropy_weight_taxi": 0.78955268926696109, "rank_v2": 32 }, "geometry": { "type": "Polygon", "coordinates": [ [ [ -73.946334896714475, 40.744599772146749 ], [ -73.946369812304155, 40.744593380574592 ], [ -73.946405390256146, 40.744589659948772 ], [ -73.946441278256088, 40.744588647113154 ], [ -73.946477120919369, 40.744590352097468 ], [ -73.946512563310392, 40.744594758017925 ], [ -73.946547254457045, 40.744601821244395 ], [ -73.946580850826336, 40.744611471832592 ], [ -73.946613019725987, 40.744623614216437 ], [ -73.946643442598926, 40.744638128154619 ], [ -73.946671818177748, 40.744654869921121 ], [ -73.946697865468067, 40.744673673728364 ], [ -73.946721326530948, 40.744694353369205 ], [ -73.949555295499721, 40.747459208973424 ], [ -73.949313380751661, 40.747827852738546 ], [ -73.949277246760147, 40.747874853808831 ], [ -73.94851324988575, 40.74873285675374 ], [ -73.948483842173346, 40.748762850598737 ], [ -73.948450975551026, 40.748790690293227 ], [ -73.948414921436097, 40.748816145929446 ], [ -73.947374920051075, 40.749486149058789 ], [ -73.947334064727556, 40.7495100251192 ], [ -73.947290409763539, 40.74953083923824 ], [ -73.947244350602148, 40.749548402872648 ], [ -73.947196304465763, 40.749562556923294 ], [ -73.947146706576603, 40.749573173176586 ], [ -73.947096006214096, 40.749580155465594 ], [ -73.947044662644899, 40.749583440541699 ], [ -73.946993140962491, 40.749582998647099 ], [ -73.946941907873793, 40.749578833784753 ], [ -73.946891427471456, 40.749570983681807 ], [ -73.946842157029508, 40.74955951944812 ], [ -73.94679454286107, 40.74954454493178 ], [ -73.940939517367056, 40.747449533327931 ], [ -73.940892876170267, 40.747430676707822 ], [ -73.940848873417892, 40.74740845283641 ], [ -73.940807928048926, 40.747383073302856 ], [ -73.940770429892297, 40.747354779740611 ], [ -73.94073673595534, 40.747323841526594 ], [ -73.940707167024982, 40.747290553216565 ], [ -73.940682004613564, 40.747255231740532 ], [ -73.940425006907276, 40.746848230662025 ], [ -73.940404756478344, 40.746811764328257 ], [ -73.940389204474243, 40.746773987478861 ], [ -73.940378494656258, 40.746735249339253 ], [ -73.940372726021891, 40.746695908020712 ], [ -73.940371951889858, 40.746656327210012 ], [ -73.940376179407693, 40.746616872807174 ], [ -73.940385369485838, 40.746577909543056 ], [ -73.940399437159428, 40.746539797607625 ], [ -73.940418252373959, 40.74650288932024 ], [ -73.940441641187974, 40.746467525872816 ], [ -73.940453099237828, 40.746453695168306 ], [ -73.941010538822653, 40.746242436467348 ], [ -73.941035806032815, 40.746233765227231 ], [ -73.946300989242673, 40.744608771371965 ], [ -73.946334896714475, 40.744599772146749 ] ] ] } },
{ "type": "Feature", "properties": { "dining_cluster_id": 41, "taxi_hotspot_id": 23, "n_restaurants": 72, "n_taxi_dropoffs": 1200, "taxi_weight": 723.7, "avg_rating": 3.3018181818181813, "dining_area_sqm": 11814815.280183529, "taxi_area_sqm": 6490523.0251061004, "intersection_area_sqm": 4721894.8773987498, "overlap_ratio_dining": 0.39965879833251194, "overlap_ratio_taxi": 0.72750606678905683, "min_overlap_ratio": 0.39965879833251194, "restaurant_density": 15.248115824142227, "taxi_density": 153.26474197127402, "restaurant_score": 7.2615201073891704, "taxi_score": 2.6612923376808704, "popularity_score": 4.9614062225350199, "rank": 44, "restaurant_score_v2": 6.5776864446186165, "taxi_score_v2": 2.7743216290547008, "popularity_score_v2": 2.9297474968796431, "entropy_weight_restaurant": 0.21044731073303888, "entropy_weight_taxi": 0.78955268926696109, "rank_v2": 33 }, "geometry": { "type": "Polygon", "coordinates": [ [ [ -73.876373340134009, 40.767733393953151 ], [ -73.876408051858832, 40.767741094561018 ], [ -73.876441576270537, 40.767751396557806 ], [ -73.876473577049481, 40.767764196593184 ], [ -73.876503733160661, 40.767779366256306 ], [ -73.876531742074349, 40.767796753363982 ], [ -73.876557322801062, 40.76781618348727 ], [ -73.876580218710302, 40.76783746170139 ], [ -73.876600200105443, 40.767860374541172 ], [ -73.876617066527785, 40.767884692142459 ], [ -73.876630648767843, 40.767910170548156 ], [ -73.876640810562989, 40.76793655415549 ], [ -73.876647449964523, 40.767963578280352 ], [ -73.876650500360597, 40.767990971812438 ], [ -73.876649931144698, 40.768018459935362 ], [ -73.876645748022867, 40.768045766883219 ], [ -73.87615725953755, 40.770261768377814 ], [ -73.876156290686282, 40.770265963436501 ], [ -73.875149930611769, 40.774433070127728 ], [ -73.875037761715774, 40.774492245120477 ], [ -73.874998392066502, 40.774511161542954 ], [ -73.874957030072096, 40.774527436533404 ], [ -73.874913981632545, 40.774540949726777 ], [ -73.873476974385298, 40.774937952010461 ], [ -73.873415218190715, 40.774951913055155 ], [ -73.873351718081381, 40.774960200021354 ], [ -73.872604713547631, 40.775023200404583 ], [ -73.872541171694152, 40.775025700360608 ], [ -73.87198316824454, 40.775022700342227 ], [ -73.87192850595612, 40.775020302187393 ], [ -73.871874441553814, 40.775013720477006 ], [ -73.871821527646631, 40.775003022484853 ], [ -73.871202524377836, 40.774852021604858 ], [ -73.871158546552849, 40.774839673350435 ], [ -73.871116138305311, 40.774824479978605 ], [ -73.871075617427834, 40.774806555343652 ], [ -73.870632616070793, 40.774590554230876 ], [ -73.870598306593095, 40.774572366516189 ], [ -73.867525300109236, 40.772805357890761 ], [ -73.867483972671636, 40.772779034783852 ], [ -73.867446292919055, 40.772749718106631 ], [ -73.867412634307243, 40.77271769842968 ], [ -73.867383330435217, 40.772683293113829 ], [ -73.867358671738856, 40.772646843164388 ], [ -73.867338902612616, 40.772608709851461 ], [ -73.867324218987363, 40.772569271128937 ], [ -73.867314766388759, 40.772528917888401 ], [ -73.867310638495226, 40.772488050084917 ], [ -73.867311876209911, 40.772447072772813 ], [ -73.867318467255529, 40.772406392091042 ], [ -73.867330346296612, 40.772366411237861 ], [ -73.867347395587288, 40.772327526474555 ], [ -73.867369446138724, 40.772290123198133 ], [ -73.869166460529598, 40.769608130648891 ], [ -73.869191357167111, 40.769574886999393 ], [ -73.869220204786231, 40.76954354367831 ], [ -73.869252754330731, 40.769514371282675 ], [ -73.869288724785562, 40.769487621666883 ], [ -73.869327805603035, 40.7694635257686 ], [ -73.86936965938385, 40.769442291614581 ], [ -73.869413924790052, 40.769424102525392 ], [ -73.873439907575403, 40.767949110658208 ], [ -73.873489752407153, 40.767933128240337 ], [ -73.873541445877336, 40.767921006572045 ], [ -73.875411329369243, 40.767559196312071 ], [ -73.876373340134009, 40.767733393953151 ] ] ] } },
{ "type": "Feature", "properties": { "dining_cluster_id": 54, "taxi_hotspot_id": 37, "n_restaurants": 76, "n_taxi_dropoffs": 107, "taxi_weight": 66.7, "avg_rating": 4.0941176470588232, "dining_area_sqm": 13418076.556578899, "taxi_area_sqm": 2376378.4865485644, "intersection_area_sqm": 2376378.4865485658, "overlap_ratio_dining": 0.17710276704178027, "overlap_ratio_taxi": 1.0000000000000007, "min_overlap_ratio": 0.17710276704178027, "restaurant_density": 31.981437481527543, "taxi_density": 28.06791947391957, "restaurant_score": 15.230331013594991, "taxi_score": 0.48737196872445765, "popularity_score": 7.8588514911597249, "rank": 28, "restaurant_score_v2": 17.432311325326015, "taxi_score_v2": 0.4537137304730578, "popularity_score_v2": 2.7510518092374086, "entropy_weight_restaurant": 0.21044731073303888, "entropy_weight_taxi": 0.78955268926696109, "rank_v2": 34 }, "geometry": { "type": "Polygon", "coordinates": [ [ [ -73.950887855497669, 40.820546062471728 ], [ -73.950939570573254, 40.820533965387021 ], [ -73.9509926158062, 40.820525846325005 ], [ -73.951046462388518, 40.820521786224582 ], [ -73.95110057352403, 40.82052182556091 ], [ -73.951154409779363, 40.820525963941776 ], [ -73.951207434461239, 40.820534160111741 ], [ -73.951259118966561, 40.820546332363207 ], [ -73.95130894805169, 40.820562359350959 ], [ -73.951356424968751, 40.8205820813019 ], [ -73.951401076417397, 40.820605301607593 ], [ -73.951491076230568, 40.820657301354366 ], [ -73.951532013957774, 40.820683475132867 ], [ -73.951569354731362, 40.820712588049098 ], [ -73.951602734567984, 40.820744356325463 ], [ -73.951631828092047, 40.820778470300887 ], [ -73.951656351707399, 40.820814597449058 ], [ -73.951676066361969, 40.820852385619837 ], [ -73.951690779878049, 40.820891466471522 ], [ -73.951700348825909, 40.820931459061228 ], [ -73.951704679922216, 40.82097197355835 ], [ -73.951739686753058, 40.821811973395739 ], [ -73.951737946815797, 40.82186043854631 ], [ -73.951728719048447, 40.821908412262729 ], [ -73.951530724598399, 40.822635413163994 ], [ -73.951518073651158, 40.822672891313445 ], [ -73.95150084729751, 40.822709301816062 ], [ -73.951479197666075, 40.822744323109511 ], [ -73.951453315950843, 40.822777645899897 ], [ -73.947264334827651, 40.827633662185214 ], [ -73.947258840334896, 40.827639906052255 ], [ -73.946724842478432, 40.828234908102964 ], [ -73.946690980971567, 40.82826874294193 ], [ -73.946652707684066, 40.828299745798034 ], [ -73.946610430487411, 40.828327586274668 ], [ -73.9465645999244, 40.828351967676404 ], [ -73.946515704407645, 40.828372630170634 ], [ -73.946464265014541, 40.828389353557078 ], [ -73.946410829933967, 40.828401959614212 ], [ -73.946355968623948, 40.828410313999093 ], [ -73.945613964180311, 40.828493314501564 ], [ -73.945560608036828, 40.828497247376397 ], [ -73.94550700139493, 40.82849715746908 ], [ -73.945453668636048, 40.828493045659073 ], [ -73.945401131462404, 40.828484952168246 ], [ -73.945349903793343, 40.828472956167204 ], [ -73.945300486737906, 40.828457175001013 ], [ -73.945253363692785, 40.828437763041187 ], [ -73.945208995613541, 40.828414910175574 ], [ -73.945167816505347, 40.828388839950627 ], [ -73.945130229177579, 40.828359807384814 ], [ -73.945096601303391, 40.82832809647384 ], [ -73.945067261823354, 40.828294017412411 ], [ -73.945042497727798, 40.828257903559866 ], [ -73.945022551249664, 40.828220108179337 ], [ -73.94500761749525, 40.828181000981715 ], [ -73.944874620681816, 40.827755000380236 ], [ -73.944865311623616, 40.827717529284982 ], [ -73.944860606572163, 40.827679564683315 ], [ -73.944860545882079, 40.827641432256044 ], [ -73.944865130065949, 40.827603459123225 ], [ -73.944874319790486, 40.827565971037806 ], [ -73.945105325395929, 40.826817972083006 ], [ -73.945118751589121, 40.826781950292002 ], [ -73.945136429965316, 40.826747003860788 ], [ -73.946670446041679, 40.824083010393203 ], [ -73.946694638147846, 40.824046139463739 ], [ -73.948024646862237, 40.822250144851765 ], [ -73.948057596164944, 40.82221099779521 ], [ -73.948096142219626, 40.822174920452177 ], [ -73.948139794051173, 40.822142372344736 ], [ -73.950027792013984, 40.82088537812907 ], [ -73.950067759711615, 40.820861200253567 ], [ -73.950110546831951, 40.820839989003879 ], [ -73.950240546377614, 40.820781989309936 ], [ -73.950279988518147, 40.820766015858524 ], [ -73.950837986127837, 40.82056201698331 ], [ -73.950887855497669, 40.820546062471728 ] ] ] } },
{ "type": "Feature", "properties": { "dining_cluster_id": 44, "taxi_hotspot_id": 29, "n_restaurants": 171, "n_taxi_dropoffs": 322, "taxi_weight": 224.0, "avg_rating": 4.0109375, "dining_area_sqm": 22499553.337360971, "taxi_area_sqm": 7364593.9086539913, "intersection_area_sqm": 5463427.4309465745, "overlap_ratio_dining": 0.24282381738994085, "overlap_ratio_taxi": 0.74185046707417324, "min_overlap_ratio": 0.24282381738994085, "restaurant_density": 31.29903383202312, "taxi_density": 40.99990396709461, "restaurant_score": 14.905353955486184, "taxi_score": 0.71192323080889086, "popularity_score": 7.8086385931475375, "rank": 29, "restaurant_score_v2": 16.989647532430659, "taxi_score_v2": 0.69341682165839025, "popularity_score_v2": 2.7372305663689778, "entropy_weight_restaurant": 0.21044731073303888, "entropy_weight_taxi": 0.78955268926696109, "rank_v2": 35 }, "geometry": { "type": "Polygon", "coordinates": [ [ [ -73.940505710062965, 40.851235453774159 ], [ -73.940490754544768, 40.851271733796153 ], [ -73.940324255931458, 40.851595134276401 ], [ -73.940322594522442, 40.851598303112354 ], [ -73.938363909966185, 40.855267408733901 ], [ -73.938348634660585, 40.855292352075587 ], [ -73.938330147768227, 40.855316009202646 ], [ -73.938308634978171, 40.855338142490105 ], [ -73.938284312373895, 40.855358529619025 ], [ -73.938257424262844, 40.855376965809612 ], [ -73.938228240722538, 40.855393265878249 ], [ -73.938197054887837, 40.855407266097622 ], [ -73.933736458091417, 40.857186891810414 ], [ -73.933371256679649, 40.85677811574817 ], [ -73.933354604831706, 40.856758279858738 ], [ -73.933228605551051, 40.856598279356362 ], [ -73.933202715627957, 40.856561242064913 ], [ -73.933181921652647, 40.856522397431931 ], [ -73.933166439305623, 40.856482148380962 ], [ -73.933156429170523, 40.856440912402419 ], [ -73.933151995068798, 40.856399117222985 ], [ -73.933153182983276, 40.856357196368947 ], [ -73.933159980581593, 40.856315584669417 ], [ -73.934811035954624, 40.849197592222779 ], [ -73.934821798552406, 40.849161020384187 ], [ -73.93483689576091, 40.849125343145801 ], [ -73.934856202496263, 40.849090856085603 ], [ -73.934879558800347, 40.849057844920743 ], [ -73.934906771166112, 40.849026583140557 ], [ -73.934937614140907, 40.84899732974079 ], [ -73.937842617661119, 40.846485339881689 ], [ -73.937877663178114, 40.846457739631802 ], [ -73.937915937784041, 40.846432734744127 ], [ -73.937957109539298, 40.846410542073315 ], [ -73.938000821379987, 40.846391354084922 ], [ -73.93804669421435, 40.846375337186181 ], [ -73.938094330210433, 40.846362630283224 ], [ -73.93814331624607, 40.846353343576112 ], [ -73.938193227491595, 40.846347557603437 ], [ -73.938243631093926, 40.846345322543769 ], [ -73.939923620698224, 40.846330322635531 ], [ -73.939974848521572, 40.846331705189705 ], [ -73.940025675433262, 40.846336755512588 ], [ -73.940075647079183, 40.846345428458136 ], [ -73.940124316750229, 40.846357646496735 ], [ -73.940171249375354, 40.846373300408338 ], [ -73.940216025410621, 40.846392250258603 ], [ -73.940258244589373, 40.846414326649906 ], [ -73.940297529500356, 40.846439332235398 ], [ -73.940333528961375, 40.846467043483209 ], [ -73.940365921158573, 40.846497212674464 ], [ -73.94107192331164, 40.847222210037167 ], [ -73.941101892149518, 40.847256435174067 ], [ -73.941568188370695, 40.847851362641478 ], [ -73.940505710062965, 40.851235453774159 ] ] ] } },
{ "type": "Feature", "properties": { "dining_cluster_id": 56, "taxi_hotspot_id": 15, "n_restaurants": 56, "n_taxi_dropoffs": 124, "taxi_weight": 90.7, "avg_rating": 4.2085106382978728, "dining_area_sqm": 2970980.6366491066, "taxi_area_sqm": 27309635.64250771, "intersection_area_sqm": 1924695.9728122251, "overlap_ratio_dining": 0.64783188051438823, "overlap_ratio_taxi": 0.070476808918549516, "min_overlap_ratio": 0.070476808918549516, "restaurant_density": 29.095504324341103, "taxi_density": 47.124325753888179, "restaurant_score": 13.855980117315038, "taxi_score": 0.81826782490330008, "popularity_score": 7.3371239711091691, "rank": 30, "restaurant_score_v2": 15.560254928308833, "taxi_score_v2": 0.80693712743914625, "popularity_score_v2": 2.5598262294577965, "entropy_weight_restaurant": 0.21044731073303888, "entropy_weight_taxi": 0.78955268926696109, "rank_v2": 36 }, "geometry": { "type": "Polygon", "coordinates": [ [ [ -73.909844210742193, 40.885023959764439 ], [ -73.90987809295828, 40.885017528234265 ], [ -73.909912634619801, 40.885013607140586 ], [ -73.90994751357573, 40.885012233053317 ], [ -73.909982404529416, 40.885013418787821 ], [ -73.910016982072335, 40.885017153285403 ], [ -73.910050923718813, 40.885023401716431 ], [ -73.910083912913677, 40.885032105805294 ], [ -73.910115641984376, 40.885043184373671 ], [ -73.910145815010466, 40.885056534097835 ], [ -73.910174150583416, 40.885072030472045 ], [ -73.911297149258772, 40.885751028306473 ], [ -73.911323994121176, 40.885768976230054 ], [ -73.911348371062886, 40.88578884926671 ], [ -73.91137004153363, 40.885810452942792 ], [ -73.911388793467566, 40.885833575848814 ], [ -73.911404443358464, 40.885857991708079 ], [ -73.911416838055615, 40.885883461591099 ], [ -73.91142585626271, 40.885909736253659 ], [ -73.911431409724827, 40.885936558575644 ], [ -73.911433444092296, 40.885963666077437 ], [ -73.911431939452783, 40.885990793488361 ], [ -73.911426910526188, 40.886017675342536 ], [ -73.911418406520852, 40.886044048576785 ], [ -73.911406510652199, 40.886069655105004 ], [ -73.911391339328432, 40.886094244343568 ], [ -73.911373041011615, 40.886117575663825 ], [ -73.911351794764911, 40.88613942074678 ], [ -73.911327808500346, 40.88615956581733 ], [ -73.911301316944332, 40.886177813736616 ], [ -73.911272579340562, 40.886193985930987 ], [ -73.91006777704655, 40.886804288000917 ], [ -73.910042084439709, 40.886816161073455 ], [ -73.902374949166443, 40.890035094323068 ], [ -73.901956851081849, 40.887813019027455 ], [ -73.904180383680696, 40.886792822422201 ], [ -73.904204721301525, 40.886782603980002 ], [ -73.904230021684839, 40.886773835181344 ], [ -73.909811303972489, 40.885032841747858 ], [ -73.909844210742193, 40.885023959764439 ] ] ] } },
{ "type": "Feature", "properties": { "dining_cluster_id": 105, "taxi_hotspot_id": 22, "n_restaurants": 87, "n_taxi_dropoffs": 317, "taxi_weight": 210.0, "avg_rating": 4.1117647058823534, "dining_area_sqm": 3288199.6441907352, "taxi_area_sqm": 36488837.508325219, "intersection_area_sqm": 3222451.6464000843, "overlap_ratio_dining": 0.98000486439234069, "overlap_ratio_taxi": 0.088313354616048154, "min_overlap_ratio": 0.088313354616048154, "restaurant_density": 26.998077720480556, "taxi_density": 65.167773808056523, "restaurant_score": 12.857135038135352, "taxi_score": 1.1315746522550276, "popularity_score": 6.9943548451951898, "rank": 31, "restaurant_score_v2": 14.199689496897664, "taxi_score_v2": 1.1413846576313396, "popularity_score_v2": 2.4945776480157922, "entropy_weight_restaurant": 0.21044731073303888, "entropy_weight_taxi": 0.78955268926696109, "rank_v2": 37 }, "geometry": { "type": "Polygon", "coordinates": [ [ [ -73.840567073794631, 40.717703639692132 ], [ -73.84057628931869, 40.71770548238635 ], [ -73.845290272044565, 40.718698778479286 ], [ -73.845325233888886, 40.718707630180432 ], [ -73.845358826637977, 40.718719149173609 ], [ -73.845390699835207, 40.718733215287138 ], [ -73.845420520962534, 40.718749681776373 ], [ -73.845447978909476, 40.718768376854676 ], [ -73.845472787218696, 40.718789105485492 ], [ -73.847638789951475, 40.720795800287547 ], [ -73.847659979119172, 40.720817531675792 ], [ -73.847678253001234, 40.720840744806651 ], [ -73.84769343400346, 40.720865214088015 ], [ -73.847705374588685, 40.720890701719753 ], [ -73.847713958710685, 40.720916960004907 ], [ -73.847719102942094, 40.720943733756634 ], [ -73.847720757285344, 40.720970762778443 ], [ -73.847718905658695, 40.720997784392658 ], [ -73.84771356605269, 40.721024535993323 ], [ -73.847704790355522, 40.721050757598171 ], [ -73.847692663848818, 40.721076194375463 ], [ -73.847677304379104, 40.721100599120327 ], [ -73.847658861212622, 40.721123734657382 ], [ -73.847637513584729, 40.721145376145692 ], [ -73.84761346895823, 40.721165313263903 ], [ -73.846554768880296, 40.721960615573671 ], [ -73.846529695901154, 40.72197776570178 ], [ -73.846502628012814, 40.721993060075761 ], [ -73.846473801636805, 40.722006365107823 ], [ -73.846443468554483, 40.722017564585897 ], [ -73.846411893707909, 40.722026560688789 ], [ -73.846379352885648, 40.722033274840442 ], [ -73.846346130313819, 40.722037648396459 ], [ -73.846312516173469, 40.722039643156116 ], [ -73.846278804065889, 40.722039241696308 ], [ -73.843521492776489, 40.721908141162288 ], [ -73.843487227044562, 40.721905255836909 ], [ -73.843453479764534, 40.721899895243865 ], [ -73.843420559117135, 40.7218921083361 ], [ -73.843388765733962, 40.721881966223812 ], [ -73.843358389952087, 40.721869561524976 ], [ -73.835032471137268, 40.718068348221834 ], [ -73.835003595318568, 40.718053680525429 ], [ -73.834976706473341, 40.718036968663604 ], [ -73.834952053673348, 40.718018367439484 ], [ -73.834929865277175, 40.717998049157458 ], [ -73.834910346814894, 40.717976202026968 ], [ -73.834893679084274, 40.717953028419046 ], [ -73.83488001647612, 40.717928742991738 ], [ -73.834869485544289, 40.717903570701729 ], [ -73.834862183833366, 40.717877744720425 ], [ -73.834858178975438, 40.717851504274073 ], [ -73.83485750806355, 40.717825092427958 ], [ -73.834860177308443, 40.717798753834671 ], [ -73.834866161980997, 40.717772732467985 ], [ -73.834924909128077, 40.717574130544023 ], [ -73.836623188502102, 40.716957186860121 ], [ -73.840567073794631, 40.717703639692132 ] ] ] } },
{ "type": "Feature", "properties": { "dining_cluster_id": 102, "taxi_hotspot_id": 22, "n_restaurants": 44, "n_taxi_dropoffs": 317, "taxi_weight": 210.0, "avg_rating": 4.1678571428571427, "dining_area_sqm": 2375933.0480780229, "taxi_area_sqm": 36488837.508325219, "intersection_area_sqm": 2375933.048078021, "overlap_ratio_dining": 0.99999999999999922, "overlap_ratio_taxi": 0.065113969375865513, "min_overlap_ratio": 0.065113969375865513, "restaurant_density": 18.519040355784945, "taxi_density": 88.38632897079178, "restaurant_score": 8.8192131712541446, "taxi_score": 1.5347421528285734, "popularity_score": 5.1769776620413595, "rank": 42, "restaurant_score_v2": 8.6994802839437071, "taxi_score_v2": 1.5717563030893198, "popularity_score_v2": 2.0709733392378604, "entropy_weight_restaurant": 0.21044731073303888, "entropy_weight_taxi": 0.78955268926696109, "rank_v2": 38 }, "geometry": { "type": "Polygon", "coordinates": [ [ [ -73.850297552759287, 40.721899864353325 ], [ -73.850329451022816, 40.721887034518822 ], [ -73.850362874183233, 40.721876693022971 ], [ -73.850397487919125, 40.721868943308394 ], [ -73.850432946000581, 40.721863862892846 ], [ -73.850468893752236, 40.721861502593988 ], [ -73.850504971600955, 40.721861886021138 ], [ -73.8505408186723, 40.721865009339005 ], [ -73.850576076400174, 40.721870841306057 ], [ -73.850610392113239, 40.721879323587139 ], [ -73.850643422562456, 40.721890371336791 ], [ -73.850674837354489, 40.721903874048017 ], [ -73.850704322256249, 40.721919696657579 ], [ -73.850731582338213, 40.721937680896971 ], [ -73.850756344924349, 40.72195764687536 ], [ -73.85077836231963, 40.721979394879092 ], [ -73.855221873577179, 40.726854283541257 ], [ -73.855240916806451, 40.726877579248011 ], [ -73.855267816927409, 40.726914479174951 ], [ -73.855281559624203, 40.726935382210883 ], [ -73.855292914984034, 40.726957098901629 ], [ -73.855326015307625, 40.727029198804601 ], [ -73.855335714463479, 40.727054034135968 ], [ -73.855342292384037, 40.727079454543492 ], [ -73.855345690457625, 40.727105233536022 ], [ -73.855345878404322, 40.727131141427321 ], [ -73.855261386724123, 40.72867184168939 ], [ -73.855258257545586, 40.728698227423749 ], [ -73.855251799049398, 40.728724260744777 ], [ -73.855242071402316, 40.728749699113195 ], [ -73.855229165228238, 40.728774305532319 ], [ -73.855213200764354, 40.728797850756052 ], [ -73.855194326740857, 40.728820115424725 ], [ -73.855172718995391, 40.728840892108785 ], [ -73.855148578835056, 40.728859987241407 ], [ -73.855122131160826, 40.728877222921732 ], [ -73.855093622372394, 40.728892438572544 ], [ -73.855063318072439, 40.728905492436184 ], [ -73.855031500592233, 40.728916262895467 ], [ -73.854998466361153, 40.728924649606512 ], [ -73.854964523144901, 40.728930574433896 ], [ -73.854929987178124, 40.728933982178447 ], [ -73.854895180218136, 40.728934841091615 ], [ -73.854860426546978, 40.728933143171247 ], [ -73.85482604995029, 40.72892890423622 ], [ -73.854792370700466, 40.728922163778854 ], [ -73.854759702572835, 40.728912984597258 ], [ -73.854728349922169, 40.728901452209968 ], [ -73.854698604847044, 40.72888767405933 ], [ -73.854670744468493, 40.728871778510509 ], [ -73.851436041248434, 40.726833372103741 ], [ -73.851412682208647, 40.726817292578723 ], [ -73.847490481925945, 40.72387028402111 ], [ -73.847467070687003, 40.723850920131653 ], [ -73.847446203904283, 40.723829939880751 ], [ -73.847428073301415, 40.723807536036986 ], [ -73.84741284546125, 40.723783914449037 ], [ -73.847400660295335, 40.723759292154007 ], [ -73.847391629758434, 40.723733895383361 ], [ -73.847385836820095, 40.723707957484287 ], [ -73.847383334702315, 40.723681716775531 ], [ -73.847384146390752, 40.723655414357872 ], [ -73.847388264423714, 40.723629291898789 ], [ -73.847395650960763, 40.723603589411972 ], [ -73.847406238130588, 40.72357854305212 ], [ -73.84741992865473, 40.72355438294526 ], [ -73.847436596741503, 40.72353133107412 ], [ -73.847456089241845, 40.723509599238952 ], [ -73.847478227056541, 40.723489387111194 ], [ -73.847502806781918, 40.723470880399077 ], [ -73.847529602578646, 40.72345424914154 ], [ -73.850267498461548, 40.721915054193879 ], [ -73.850297552759287, 40.721899864353325 ] ] ] } },
{ "type": "Feature", "properties": { "dining_cluster_id": 178, "taxi_hotspot_id": 14, "n_restaurants": 54, "n_taxi_dropoffs": 52, "taxi_weight": 30.3, "avg_rating": 4.0214285714285714, "dining_area_sqm": 6801439.067600132, "taxi_area_sqm": 20729546.244712669, "intersection_area_sqm": 2140334.8039958193, "overlap_ratio_dining": 0.31468852146183091, "overlap_ratio_taxi": 0.10325044160297231, "min_overlap_ratio": 0.10325044160297231, "restaurant_density": 25.229697661873594, "taxi_density": 14.156663688051294, "restaurant_score": 12.014989851072356, "taxi_score": 0.24581661845747435, "popularity_score": 6.1304032347649153, "rank": 32, "restaurant_score_v2": 13.052571036156779, "taxi_score_v2": 0.19585918263453184, "popularity_score_v2": 2.0498202579749289, "entropy_weight_restaurant": 0.21044731073303888, "entropy_weight_taxi": 0.78955268926696109, "rank_v2": 39 }, "geometry": { "type": "Polygon", "coordinates": [ [ [ -74.013192813972523, 40.646396292717185 ], [ -74.013178421479822, 40.646389984378651 ], [ -74.012535120049534, 40.646092783341118 ], [ -74.012506261421038, 40.646077952656611 ], [ -74.01247941629093, 40.646061070092216 ], [ -74.01245483520438, 40.646042293213583 ], [ -74.012432747575545, 40.646021797266002 ], [ -74.012413359546528, 40.645999773538769 ], [ -74.012396852063389, 40.645976427579704 ], [ -74.012383379187582, 40.645951977276866 ], [ -74.011286389295179, 40.643656174070806 ], [ -74.011275530272087, 40.643629210370243 ], [ -74.011268361129041, 40.643601540202674 ], [ -74.011264957556847, 40.64357345572374 ], [ -74.011265355487325, 40.643545253463131 ], [ -74.011269550714189, 40.643517231193783 ], [ -74.011277498937446, 40.643489684787887 ], [ -74.011289116231666, 40.643462905092818 ], [ -74.011304279931991, 40.643437174860367 ], [ -74.01132282992964, 40.643412765761333 ], [ -74.011344570362425, 40.643389935517099 ], [ -74.012535189342671, 40.642265977141463 ], [ -74.018106616866163, 40.643836880807221 ], [ -74.018156390905915, 40.643853116136619 ], [ -74.018203782781043, 40.643873063211473 ], [ -74.01824831692204, 40.64389652186707 ], [ -74.018289546434929, 40.643923256700759 ], [ -74.018327057585509, 40.643952999433729 ], [ -74.018360473951105, 40.643985451603207 ], [ -74.018389460198023, 40.644020287557119 ], [ -74.018413725446663, 40.644057157722116 ], [ -74.01843302619065, 40.644095692111229 ], [ -74.018447168740664, 40.644135504036626 ], [ -74.018456011168368, 40.644176193989765 ], [ -74.018459464731038, 40.644217353650554 ], [ -74.01845749476243, 40.64425856998465 ], [ -74.01845012102109, 40.644299429388155 ], [ -74.01843741749245, 40.644339521838361 ], [ -74.018419511646769, 40.64437844500803 ], [ -74.018396583160381, 40.644415808302981 ], [ -74.018368862112894, 40.644451236781933 ], [ -74.018336626678689, 40.644484374918655 ], [ -74.015320920301434, 40.647279949905901 ], [ -74.013192813972523, 40.646396292717185 ] ] ] } },
{ "type": "Feature", "properties": { "dining_cluster_id": 54, "taxi_hotspot_id": 36, "n_restaurants": 76, "n_taxi_dropoffs": 294, "taxi_weight": 189.9, "avg_rating": 4.0941176470588232, "dining_area_sqm": 13418076.556578899, "taxi_area_sqm": 7370320.1550986338, "intersection_area_sqm": 3411929.8793181432, "overlap_ratio_dining": 0.25427861176162914, "overlap_ratio_taxi": 0.46292831349501706, "min_overlap_ratio": 0.25427861176162914, "restaurant_density": 22.274783682010547, "taxi_density": 55.657650279128987, "restaurant_score": 10.607788625173487, "taxi_score": 0.96644065892812758, "popularity_score": 5.7871146420508079, "rank": 39, "restaurant_score_v2": 11.135767937352105, "taxi_score_v2": 0.96510807698423318, "popularity_score_v2": 1.9931713247650511, "entropy_weight_restaurant": 0.21044731073303888, "entropy_weight_taxi": 0.78955268926696109, "rank_v2": 40 }, "geometry": { "type": "Polygon", "coordinates": [ [ [ -73.954276634381102, 40.821626976454965 ], [ -73.954307515575834, 40.821639836884074 ], [ -73.954336601945698, 40.821654920136957 ], [ -73.954363617149298, 40.821672082912521 ], [ -73.954388304522084, 40.821691162152639 ], [ -73.954410429514908, 40.821711976591388 ], [ -73.954429781922386, 40.821734328477042 ], [ -73.954446177880087, 40.82175800545091 ], [ -73.954459461611435, 40.821782782564682 ], [ -73.954469506907785, 40.821808424417789 ], [ -73.954476218327628, 40.821834687393682 ], [ -73.954479532103477, 40.821861321974474 ], [ -73.95447941674783, 40.821888075111282 ], [ -73.954475873352578, 40.821914692628695 ], [ -73.954468935578618, 40.821940921639523 ], [ -73.95416934002732, 40.822843322539761 ], [ -73.954159560480846, 40.822867876538375 ], [ -73.954146805938905, 40.822891629695178 ], [ -73.954131187816841, 40.82291437451228 ], [ -73.948959808709304, 40.829656188357482 ], [ -73.948940949551769, 40.829678265643146 ], [ -73.948919393375263, 40.829698869476992 ], [ -73.948895338362192, 40.829717810429919 ], [ -73.94886900566965, 40.829734914360948 ], [ -73.947465003843689, 40.830561717026278 ], [ -73.947436867383516, 40.830576714651976 ], [ -73.947406982111829, 40.83058961377612 ], [ -73.94737561844957, 40.830600297678814 ], [ -73.947343060195507, 40.830608669684942 ], [ -73.947309601958338, 40.83061465403901 ], [ -73.947275546490616, 40.830618196590457 ], [ -73.947241201949325, 40.830619265283978 ], [ -73.947206879107242, 40.830617850449208 ], [ -73.947172888540763, 40.830613964888578 ], [ -73.947139537819552, 40.830607643761297 ], [ -73.947107128723303, 40.830598944265127 ], [ -73.947075954510922, 40.830587945119028 ], [ -73.947046297266922, 40.830574745850605 ], [ -73.947018425348787, 40.830559465895625 ], [ -73.946992590958715, 40.830542243517179 ], [ -73.946969027861442, 40.830523234554569 ], [ -73.946394091903656, 40.830012806029458 ], [ -73.950662088032814, 40.820291325413436 ], [ -73.954276634381102, 40.821626976454965 ] ] ] } },
{ "type": "Feature", "properties": { "dining_cluster_id": 156, "taxi_hotspot_id": 14, "n_restaurants": 142, "n_taxi_dropoffs": 52, "taxi_weight": 30.3, "avg_rating": 4.0010869565217391, "dining_area_sqm": 20696376.207831264, "taxi_area_sqm": 20729546.244712669, "intersection_area_sqm": 5735586.1826463183, "overlap_ratio_dining": 0.2771299731436096, "overlap_ratio_taxi": 0.2766865282499491, "min_overlap_ratio": 0.2766865282499491, "restaurant_density": 24.75771359336165, "taxi_density": 5.2828079005553379, "restaurant_score": 11.790219666782415, "taxi_score": 0.091730792133672481, "popularity_score": 5.9409752294580436, "rank": 35, "restaurant_score_v2": 12.746402893437423, "taxi_score_v2": 0.031376255507745102, "popularity_score_v2": 1.9911616695362697, "entropy_weight_restaurant": 0.21044731073303888, "entropy_weight_taxi": 0.78955268926696109, "rank_v2": 41 }, "geometry": { "type": "Polygon", "coordinates": [ [ [ -74.001483133022376, 40.646947591359258 ], [ -74.001459886373638, 40.646966372153678 ], [ -74.001434426348055, 40.64698340663999 ], [ -74.001406978096725, 40.646998544175794 ], [ -74.001377784353863, 40.64701165089398 ], [ -74.001347103290286, 40.647022610886708 ], [ -74.00131520623016, 40.647031327230437 ], [ -74.001282375251563, 40.647037722842995 ], [ -74.001248900691905, 40.647041741165459 ], [ -74.001215078580216, 40.64704334666213 ], [ -74.001181208019204, 40.647042525134985 ], [ -73.998710897863475, 40.646893788797001 ], [ -73.996563755843823, 40.643228936550251 ], [ -73.999146068175676, 40.638489411572642 ], [ -74.008147282060079, 40.641028533159215 ], [ -74.001483133022376, 40.646947591359258 ] ] ] } },
{ "type": "Feature", "properties": { "dining_cluster_id": 147, "taxi_hotspot_id": 43, "n_restaurants": 92, "n_taxi_dropoffs": 86, "taxi_weight": 55.2, "avg_rating": 4.1972602739726028, "dining_area_sqm": 19514770.407324351, "taxi_area_sqm": 4016288.165129724, "intersection_area_sqm": 3826591.4265878978, "overlap_ratio_dining": 0.19608693039768935, "overlap_ratio_taxi": 0.95276814542621369, "min_overlap_ratio": 0.19608693039768935, "restaurant_density": 24.042284567086568, "taxi_density": 14.425370740251942, "restaurant_score": 11.449515128620328, "taxi_score": 0.25048245359936516, "popularity_score": 5.8499987911098472, "rank": 36, "restaurant_score_v2": 12.282316092980899, "taxi_score_v2": 0.20083984983760347, "popularity_score_v2": 1.9324915593481347, "entropy_weight_restaurant": 0.21044731073303888, "entropy_weight_taxi": 0.78955268926696109, "rank_v2": 42 }, "geometry": { "type": "Polygon", "coordinates": [ [ [ -73.931502983097261, 40.697768802964923 ], [ -73.931491085312274, 40.697760900408134 ], [ -73.929224793335962, 40.696187722838417 ], [ -73.929885259661887, 40.694298152495278 ], [ -73.929901862682186, 40.694258741723772 ], [ -73.929923580228817, 40.694220798807045 ], [ -73.929950192837254, 40.694184707158605 ], [ -73.929981431579577, 40.694150831484272 ], [ -73.930016980782284, 40.694119514097032 ], [ -73.930056481216255, 40.694091071457819 ], [ -73.930099533726889, 40.694065790978065 ], [ -73.930145703267542, 40.694043928115434 ], [ -73.930194523295668, 40.694025703792576 ], [ -73.930246523055061, 40.694008703888187 ], [ -73.930271997551202, 40.694000952018627 ], [ -73.930590995957957, 40.693910952535333 ], [ -73.93064426388446, 40.69389826154756 ], [ -73.930698966434903, 40.693889816241551 ], [ -73.930754521154952, 40.693885706540037 ], [ -73.930810336517212, 40.693885976201628 ], [ -73.930865818219175, 40.69389062235512 ], [ -73.930920375510823, 40.693899595529913 ], [ -73.931478372428742, 40.694014594850259 ], [ -73.931517813715161, 40.694023967721684 ], [ -73.933899801595786, 40.694666964011077 ], [ -73.933941239786122, 40.694679638113094 ], [ -73.933981163182821, 40.694694870724184 ], [ -73.934019299665479, 40.694712558018381 ], [ -73.937332290229349, 40.696395549447203 ], [ -73.93737206232349, 40.696417814166445 ], [ -73.937409001658096, 40.696442746101305 ], [ -73.937442800520614, 40.696470137565811 ], [ -73.941177805958631, 40.699788124348117 ], [ -73.941210596856422, 40.699820353382137 ], [ -73.941239039671174, 40.699854892220465 ], [ -73.941262855602602, 40.699891402317292 ], [ -73.941281811201563, 40.69992952580413 ], [ -73.941295720658289, 40.699968888997638 ], [ -73.941304447624148, 40.700009106062289 ], [ -73.941307906548417, 40.700049782792256 ], [ -73.941306063517146, 40.700090520475356 ], [ -73.941298936586065, 40.700130919801275 ], [ -73.941286595603884, 40.700170584775528 ], [ -73.941269161528027, 40.700209126600967 ], [ -73.941246805239416, 40.700246167489155 ], [ -73.941219745867699, 40.700281344363056 ], [ -73.94118824864367, 40.700314312416346 ], [ -73.941152622299569, 40.700344748493301 ], [ -73.941113216043149, 40.700372354256345 ], [ -73.941070416134664, 40.700396859110569 ], [ -73.941024642100814, 40.700418022856354 ], [ -73.940976342622349, 40.700435638043679 ], [ -73.940925991136041, 40.700449532006019 ], [ -73.940874081193755, 40.700459568552603 ], [ -73.940821121624381, 40.700465649303638 ], [ -73.940767631545981, 40.700467714654614 ], [ -73.940714135277091, 40.700465744360621 ], [ -73.940661157196857, 40.700459757734791 ], [ -73.938231143065991, 40.700090755519149 ], [ -73.938178338034987, 40.700080608762697 ], [ -73.933376855718564, 40.698959412582809 ], [ -73.931502983097261, 40.697768802964923 ] ] ] } },
{ "type": "Feature", "properties": { "dining_cluster_id": 32, "taxi_hotspot_id": 9, "n_restaurants": 153, "n_taxi_dropoffs": 253, "taxi_weight": 178.1, "avg_rating": 4.2272727272727275, "dining_area_sqm": 13803164.003267787, "taxi_area_sqm": 77469313.649835303, "intersection_area_sqm": 6508949.7050708132, "overlap_ratio_dining": 0.47155490607297518, "overlap_ratio_taxi": 0.084019715657886837, "min_overlap_ratio": 0.084019715657886837, "restaurant_density": 23.506096518276209, "taxi_density": 27.362325424215637, "restaurant_score": 11.194169462133878, "taxi_score": 0.47512001818555133, "popularity_score": 5.8346447401597148, "rank": 37, "restaurant_score_v2": 11.93449990594274, "taxi_score_v2": 0.44063506687542647, "popularity_score_v2": 1.9212995447394132, "entropy_weight_restaurant": 0.21044731073303888, "entropy_weight_taxi": 0.78955268926696109, "rank_v2": 43 }, "geometry": { "type": "Polygon", "coordinates": [ [ [ -73.820820636161827, 40.764568615805466 ], [ -73.820847227982995, 40.764584917431193 ], [ -73.820871674287915, 40.764603057073941 ], [ -73.820893756193996, 40.764622872319812 ], [ -73.820913275987778, 40.764644185752246 ], [ -73.820930058895257, 40.764666806540248 ], [ -73.820943954646893, 40.76469053214737 ], [ -73.820954838822985, 40.764715150144731 ], [ -73.820962613967808, 40.764740440113201 ], [ -73.820967210462399, 40.764766175616877 ], [ -73.821278824908902, 40.767462474653861 ], [ -73.821280187834404, 40.767489586175451 ], [ -73.821278023546455, 40.767516667547405 ], [ -73.82127235318805, 40.767543454157348 ], [ -73.821263232160192, 40.767569684272772 ], [ -73.821250749580756, 40.767595101598381 ], [ -73.821235027413792, 40.767619457780356 ], [ -73.821216219278, 40.767642514833085 ], [ -73.821194508945837, 40.767664047464642 ], [ -73.821170108547875, 40.767683845278 ], [ -73.821143256500179, 40.767701714827162 ], [ -73.821114215174745, 40.767717481507098 ], [ -73.821083268335826, 40.767730991259953 ], [ -73.821050718367218, 40.767742112080562 ], [ -73.821016883317583, 40.767750735306123 ], [ -73.820982093792736, 40.767756776678134 ], [ -73.820946689724991, 40.767760177165613 ], [ -73.820911017051799, 40.767760903541983 ], [ -73.818377272855827, 40.767717199573021 ], [ -73.813088004227339, 40.765438184758978 ], [ -73.81304555308418, 40.765417861185448 ], [ -73.813005757851897, 40.765394637860886 ], [ -73.812968960080596, 40.765368714105506 ], [ -73.807681960851738, 40.761281696563742 ], [ -73.807643992154809, 40.761249053886289 ], [ -73.807610773788113, 40.761213542564818 ], [ -73.807582677902175, 40.761175560446574 ], [ -73.807560019256741, 40.761135533059445 ], [ -73.807543051694651, 40.761093908844337 ], [ -73.805949815007693, 40.756301513804431 ], [ -73.820820636161827, 40.764568615805466 ] ] ] } },
{ "type": "Feature", "properties": { "dining_cluster_id": 38, "taxi_hotspot_id": 2, "n_restaurants": 104, "n_taxi_dropoffs": 90, "taxi_weight": 62.7, "avg_rating": 4.1166666666666663, "dining_area_sqm": 43063884.641953237, "taxi_area_sqm": 5577175.1330231074, "intersection_area_sqm": 4689063.0312741129, "overlap_ratio_dining": 0.10888620639453377, "overlap_ratio_taxi": 0.84075950986541936, "min_overlap_ratio": 0.10888620639453377, "restaurant_density": 22.17927106254767, "taxi_density": 13.371541304055183, "restaurant_score": 10.562303214730777, "taxi_score": 0.23218373617942109, "popularity_score": 5.3972434754550989, "rank": 40, "restaurant_score_v2": 11.073810504340846, "taxi_score_v2": 0.18130640749766222, "popularity_score_v2": 1.744892421553387, "entropy_weight_restaurant": 0.21044731073303888, "entropy_weight_taxi": 0.78955268926696109, "rank_v2": 44 }, "geometry": { "type": "Polygon", "coordinates": [ [ [ -73.790416718027657, 40.666330255512285 ], [ -73.786776430257831, 40.670386306374922 ], [ -73.786749534603118, 40.67041374810151 ], [ -73.786719737190523, 40.670439393270527 ], [ -73.786687244114063, 40.670463064504283 ], [ -73.785817243205273, 40.671046067184342 ], [ -73.78577542072145, 40.671071412989619 ], [ -73.785730515932457, 40.671093490933337 ], [ -73.78568296764729, 40.67111208526876 ], [ -73.785633240508488, 40.671127014290995 ], [ -73.785581820451611, 40.671138132112681 ], [ -73.785529209956394, 40.671145330089722 ], [ -73.785475923136147, 40.671148537882942 ], [ -73.785422480713805, 40.671147724145499 ], [ -73.785369404932837, 40.671142896829345 ], [ -73.78531721445367, 40.671134103107391 ], [ -73.782837200795058, 40.670617100053768 ], [ -73.782789217096962, 40.670605238520686 ], [ -73.782742894115231, 40.670590023624825 ], [ -73.782698635078162, 40.670571587808027 ], [ -73.782656825247074, 40.670550091549046 ], [ -73.782617828562564, 40.670525721966932 ], [ -73.782581984476522, 40.67049869119203 ], [ -73.782549604997243, 40.670469234519324 ], [ -73.780853609616756, 40.668771228224763 ], [ -73.780832445197319, 40.668748478702156 ], [ -73.779755449968974, 40.667503474508237 ], [ -73.779754064580544, 40.667501864788051 ], [ -73.778932068328317, 40.666541861577201 ], [ -73.778909715468117, 40.666513296850752 ], [ -73.778890462723112, 40.666483451762261 ], [ -73.778295468837769, 40.665458449224559 ], [ -73.778276638091157, 40.665421229768242 ], [ -73.778262625389829, 40.665382797469569 ], [ -73.778253562238405, 40.665343513026144 ], [ -73.778249533688069, 40.665303745132462 ], [ -73.778250577538728, 40.665263867019718 ], [ -73.778256683984552, 40.665224252952846 ], [ -73.778267795706327, 40.665185274718034 ], [ -73.778283808409824, 40.665147298133384 ], [ -73.778304571804824, 40.665110679615722 ], [ -73.778329891015943, 40.665075762835627 ], [ -73.778359528411869, 40.665042875492027 ], [ -73.77839320583567, 40.665012326236869 ], [ -73.778430607215583, 40.664984401778483 ], [ -73.778471381531361, 40.664959364190786 ], [ -73.778515146108788, 40.664937448453763 ], [ -73.778561490211018, 40.664918860248513 ], [ -73.778609978893314, 40.664903774026655 ], [ -73.778660157084929, 40.664892331373373 ], [ -73.778711553859722, 40.664884639678725 ], [ -73.778763686855839, 40.66488077112966 ], [ -73.781825900240548, 40.664767115738293 ], [ -73.790416718027657, 40.666330255512285 ] ] ] } },
{ "type": "Feature", "properties": { "dining_cluster_id": 181, "taxi_hotspot_id": 14, "n_restaurants": 44, "n_taxi_dropoffs": 52, "taxi_weight": 30.3, "avg_rating": 4.1192307692307688, "dining_area_sqm": 1997411.6235102082, "taxi_area_sqm": 20729546.244712669, "intersection_area_sqm": 1997411.6235102082, "overlap_ratio_dining": 1.0, "overlap_ratio_taxi": 0.096355781256894285, "min_overlap_ratio": 0.096355781256894285, "restaurant_density": 22.028509037448849, "taxi_density": 15.169632359879548, "restaurant_score": 10.490506706276108, "taxi_score": 0.26340582866964807, "popularity_score": 5.3769562674728775, "rank": 41, "restaurant_score_v2": 10.976013709286637, "taxi_score_v2": 0.21463524303263054, "popularity_score_v2": 1.7339806691664599, "entropy_weight_restaurant": 0.21044731073303888, "entropy_weight_taxi": 0.78955268926696109, "rank_v2": 45 }, "geometry": { "type": "Polygon", "coordinates": [ [ [ -74.008945226787276, 40.645798202624526 ], [ -74.008974245888766, 40.645782889768739 ], [ -74.009005092846479, 40.645769813212638 ], [ -74.00903747161027, 40.645759098456494 ], [ -74.009071071429133, 40.645750848333606 ], [ -74.009105569833579, 40.645745142023316 ], [ -74.009140635730446, 40.645742034290961 ], [ -74.009175932580291, 40.645741554962562 ], [ -74.009211121627246, 40.645743708638378 ], [ -74.009245865150007, 40.645748474648869 ], [ -74.009279829703004, 40.645755807252961 ], [ -74.009312689316374, 40.645765636077201 ], [ -74.009344128624434, 40.645777866790809 ], [ -74.009373845892185, 40.645792382011386 ], [ -74.009401555911111, 40.645809042431118 ], [ -74.009426992736451, 40.645827688153851 ], [ -74.009449912239518, 40.645848140229639 ], [ -74.009470094450663, 40.645870202372059 ], [ -74.009487345670536, 40.645893662842155 ], [ -74.009501500329108, 40.645918296480339 ], [ -74.009512422574758, 40.645943866867526 ], [ -74.009520007578402, 40.645970128593845 ], [ -74.009524182539494, 40.64599682961417 ], [ -74.009524907384943, 40.646023713666949 ], [ -74.009522175153933, 40.646050522733724 ], [ -74.009516012064807, 40.646076999515302 ], [ -74.00950647726367, 40.646102889901364 ], [ -74.009199780444916, 40.646801990806033 ], [ -74.009194967371684, 40.646812276516506 ], [ -74.006372891899773, 40.652483284722933 ], [ -74.006359283377719, 40.652507149521654 ], [ -74.006342769082295, 40.652529925734825 ], [ -74.006323497400501, 40.652551408705769 ], [ -74.006301641496435, 40.652571405398234 ], [ -74.006277397755397, 40.652589736130793 ], [ -74.006250984019246, 40.652606236191332 ], [ -74.006222637629079, 40.652620757317408 ], [ -74.006192613292441, 40.652633169028306 ], [ -74.00616118079472, 40.652643359797551 ], [ -74.006128622574906, 40.652651238055029 ], [ -74.006095231187558, 40.65265673300997 ], [ -74.003003318989954, 40.653049734592685 ], [ -74.002967569083864, 40.653052890598978 ], [ -74.002931584135979, 40.653053315263563 ], [ -74.002895723004841, 40.653051004351575 ], [ -74.002860343314239, 40.653045980908431 ], [ -74.002825797886658, 40.653038295030221 ], [ -74.002792431224606, 40.65302802336408 ], [ -74.002760576074976, 40.653015268343701 ], [ -74.002730550110712, 40.653000157167881 ], [ -74.002702652762721, 40.65298284053199 ], [ -74.002677162233752, 40.652963491124993 ], [ -74.002654332724077, 40.652942301907508 ], [ -74.002634391896493, 40.652919484187244 ], [ -74.002482792476641, 40.652725683782258 ], [ -74.002465672671107, 40.652701029835164 ], [ -74.002451926156922, 40.652675180013503 ], [ -74.002441694855676, 40.65264840120323 ], [ -74.002435084395827, 40.652620969881305 ], [ -74.002432163022263, 40.652593169261095 ], [ -74.002432960891923, 40.652565286368507 ], [ -74.002437469762626, 40.652537609078458 ], [ -74.002445643078346, 40.652510423142786 ], [ -74.002457396450041, 40.652484009240048 ], [ -74.003143402024605, 40.651166611223054 ], [ -74.003157306375826, 40.651143176646173 ], [ -74.003174029305754, 40.651120836028348 ], [ -74.003193424016814, 40.65109978547676 ], [ -74.006881630230055, 40.647470694546627 ], [ -74.006899243239403, 40.647454663099353 ], [ -74.008361944144767, 40.646221866474285 ], [ -74.008379985596861, 40.646207717320735 ], [ -74.008867885478296, 40.645851618370529 ], [ -74.00887081406762, 40.645849504715848 ], [ -74.008918314050192, 40.645815604816882 ], [ -74.008945226787276, 40.645798202624526 ] ] ] } },
{ "type": "Feature", "properties": { "dining_cluster_id": 63, "taxi_hotspot_id": 11, "n_restaurants": 86, "n_taxi_dropoffs": 214, "taxi_weight": 145.6, "avg_rating": 4.395, "dining_area_sqm": 4384332.1943411892, "taxi_area_sqm": 58563016.336233854, "intersection_area_sqm": 4384332.1943411892, "overlap_ratio_dining": 1.0, "overlap_ratio_taxi": 0.074865204503281949, "min_overlap_ratio": 0.074865204503281949, "restaurant_density": 19.615301986240752, "taxi_density": 33.209162432519229, "restaurant_score": 9.3412793704044841, "taxi_score": 0.57664462410426731, "popularity_score": 4.9589619972543755, "rank": 45, "restaurant_score_v2": 9.4106068022377354, "taxi_score_v2": 0.5490101507836106, "popularity_score_v2": 1.5769726860297422, "entropy_weight_restaurant": 0.21044731073303888, "entropy_weight_taxi": 0.78955268926696109, "rank_v2": 46 }, "geometry": { "type": "Polygon", "coordinates": [ [ [ -74.029072162296742, 40.62823368197882 ], [ -74.029102274281925, 40.628219187789817 ], [ -74.02913411763268, 40.628207029911465 ], [ -74.02916738108631, 40.628197327184331 ], [ -74.029201739499527, 40.628190174450417 ], [ -74.029236857026333, 40.628185641626082 ], [ -74.029272390400862, 40.62818377301862 ], [ -74.029307992292601, 40.628184586893255 ], [ -74.029343314701308, 40.62818807529456 ], [ -74.029378012358507, 40.628194204124171 ], [ -74.029411746102326, 40.62820291347424 ], [ -74.029444186192606, 40.628214118212767 ], [ -74.02947501553389, 40.628227708815899 ], [ -74.029503932774944, 40.628243552438512 ], [ -74.029530655254348, 40.628261494212396 ], [ -74.029554921763378, 40.62828135876039 ], [ -74.029576495099334, 40.628302951910271 ], [ -74.029595164384091, 40.628326062593082 ], [ -74.029610747125602, 40.628350464905878 ], [ -74.029623091001639, 40.62837592032006 ], [ -74.029632075348943, 40.628402180012849 ], [ -74.02963761234281, 40.628428987299486 ], [ -74.02963964785566, 40.628456080142215 ], [ -74.029638161986341, 40.628483193711766 ], [ -74.02865930546416, 40.636638496744276 ], [ -74.028654455635333, 40.636664792945027 ], [ -74.028646292908647, 40.636690609067969 ], [ -74.028634893680575, 40.636715703483262 ], [ -74.028620364640389, 40.636739841315809 ], [ -74.028602841771786, 40.636762796643545 ], [ -74.028582489080151, 40.636784354611933 ], [ -74.028559497057685, 40.636804313445168 ], [ -74.028534080900471, 40.636822486334715 ], [ -74.028506478494307, 40.636838703187671 ], [ -74.028476948188271, 40.63685281221899 ], [ -74.028445766376521, 40.63686468137216 ], [ -74.02841322491139, 40.63687419955518 ], [ -74.02837962837161, 40.636881277680459 ], [ -74.028345291211437, 40.636885849498675 ], [ -74.025345179159288, 40.637172150658621 ], [ -74.025310251218784, 40.637174176072328 ], [ -74.025275230165732, 40.637173608136763 ], [ -74.025240447014994, 40.637170452220005 ], [ -74.025206230532774, 40.63716473815137 ], [ -74.025172904128965, 40.637156519939587 ], [ -74.025140782800278, 40.637145875262163 ], [ -74.025110170152786, 40.637132904731217 ], [ -74.025081355532251, 40.637117730942499 ], [ -74.025054611289178, 40.637100497316567 ], [ -74.025030190204589, 40.637081366743168 ], [ -74.021199193179555, 40.633772457805819 ], [ -74.021176989856457, 40.633751252715356 ], [ -74.021157642324653, 40.633728481568895 ], [ -74.02114133953657, 40.633704366758202 ], [ -74.021128240707981, 40.633679143797529 ], [ -74.021118473763124, 40.633653059023509 ], [ -74.021112134085385, 40.633626367189194 ], [ -74.021109283586185, 40.633599328976111 ], [ -74.021109950100126, 40.633572208448385 ], [ -74.021114127113563, 40.633545270473633 ], [ -74.021121773828327, 40.63351877813632 ], [ -74.02113281556025, 40.633492990168442 ], [ -74.021147144468813, 40.633468158422538 ], [ -74.021164620610449, 40.633444525412237 ], [ -74.021185073305347, 40.633422321943577 ], [ -74.02120830280451, 40.63340176486129 ], [ -74.021234082240611, 40.633383054930732 ], [ -74.029044076016547, 40.628250370800764 ], [ -74.029072162296742, 40.62823368197882 ] ] ] } },
{ "type": "Feature", "properties": { "dining_cluster_id": 132, "taxi_hotspot_id": 22, "n_restaurants": 39, "n_taxi_dropoffs": 317, "taxi_weight": 210.0, "avg_rating": 4.0285714285714285, "dining_area_sqm": 3086500.0107212644, "taxi_area_sqm": 36488837.508325219, "intersection_area_sqm": 3018585.0762091768, "overlap_ratio_dining": 0.97799613339504998, "overlap_ratio_taxi": 0.082726260476795474, "min_overlap_ratio": 0.082726260476795474, "restaurant_density": 12.919960516394418, "taxi_density": 69.569018165200717, "restaurant_score": 6.1527964607882923, "taxi_score": 1.2079979557054998, "popularity_score": 3.6803972082468963, "rank": 47, "restaurant_score_v2": 5.0674511759099241, "taxi_score_v2": 1.2229647026759531, "popularity_score_v2": 1.4492054756452331, "entropy_weight_restaurant": 0.21044731073303888, "entropy_weight_taxi": 0.78955268926696109, "rank_v2": 47 }, "geometry": { "type": "Polygon", "coordinates": [ [ [ -73.863956996668321, 40.727411679276543 ], [ -73.863990684835699, 40.727403368464095 ], [ -73.864025281739657, 40.727397610315656 ], [ -73.864053725432015, 40.727395062921033 ], [ -73.86458915730438, 40.727905764968718 ], [ -73.866226497767329, 40.73119182183396 ], [ -73.866013730612266, 40.73284679932317 ], [ -73.864254821496061, 40.733847594075684 ], [ -73.864225393078954, 40.733862680238857 ], [ -73.864194158817639, 40.733875494470652 ], [ -73.864161420833923, 40.733885912821563 ], [ -73.864127495795287, 40.733893834516984 ], [ -73.864092711851782, 40.733899182931836 ], [ -73.86405740546175, 40.733901906331909 ], [ -73.864021918137269, 40.73390197837432 ], [ -73.863986593140623, 40.73389939836219 ], [ -73.863951772163873, 40.733894191251458 ], [ -73.863917792023585, 40.733886407409564 ], [ -73.863884981402833, 40.733876122128073 ], [ -73.863853657671712, 40.733863434894538 ], [ -73.86382412381748, 40.733848468429947 ], [ -73.859670217588601, 40.731511060760781 ], [ -73.859643979356093, 40.731494793117321 ], [ -73.85961986055554, 40.73147672664912 ], [ -73.859598073451536, 40.731457020356828 ], [ -73.859578809787266, 40.731435847672763 ], [ -73.85956223909696, 40.73141339493467 ], [ -73.859548507213873, 40.731389859745541 ], [ -73.859537734987043, 40.731365449234787 ], [ -73.859530017217637, 40.731340378235046 ], [ -73.859076226802358, 40.729476176849708 ], [ -73.859071456639427, 40.729449129124191 ], [ -73.85907024077224, 40.729421854736501 ], [ -73.85907259121602, 40.729394623309688 ], [ -73.859078484730915, 40.729367704041785 ], [ -73.859087863052068, 40.729341363044647 ], [ -73.859100633465616, 40.729315860713292 ], [ -73.859116669725452, 40.729291449151795 ], [ -73.85913581330135, 40.729268369681073 ], [ -73.859157874946206, 40.729246850453471 ], [ -73.859182636566942, 40.729227104197257 ], [ -73.859209853380591, 40.729209326113896 ], [ -73.859239256333979, 40.729193691948225 ], [ -73.859270554763597, 40.729180356251454 ], [ -73.863924541827004, 40.727422462677396 ], [ -73.863956996668321, 40.727411679276543 ] ] ] } },
{ "type": "Feature", "properties": { "dining_cluster_id": 131, "taxi_hotspot_id": 21, "n_restaurants": 64, "n_taxi_dropoffs": 64, "taxi_weight": 41.1, "avg_rating": 4.1822222222222223, "dining_area_sqm": 4910565.7001986429, "taxi_area_sqm": 8784241.3446013164, "intersection_area_sqm": 4171850.3801669395, "overlap_ratio_dining": 0.84956614672687902, "overlap_ratio_taxi": 0.4749243806616158, "min_overlap_ratio": 0.4749243806616158, "restaurant_density": 15.340914502652655, "taxi_density": 9.851743532172252, "restaurant_score": 7.3057130737670697, "taxi_score": 0.17106589054827184, "popularity_score": 3.7383894821576709, "rank": 46, "restaurant_score_v2": 6.637883389689085, "taxi_score_v2": 0.11606457189904415, "popularity_score_v2": 1.0523019095081017, "entropy_weight_restaurant": 0.21044731073303888, "entropy_weight_taxi": 0.78955268926696109, "rank_v2": 48 }, "geometry": { "type": "Polygon", "coordinates": [ [ [ -73.873469407268615, 40.733644836884238 ], [ -73.877946333207035, 40.733807337692241 ], [ -73.882571960854719, 40.736083298476444 ], [ -73.882613037523782, 40.73610564207609 ], [ -73.88265119786216, 40.736130800372877 ], [ -73.882686109699975, 40.736158554376502 ], [ -73.88271746914269, 40.736188662502087 ], [ -73.88274500321657, 40.73622086267293 ], [ -73.882768472244763, 40.736254874601713 ], [ -73.882787671933784, 40.736290402230196 ], [ -73.882802435151959, 40.736327136306109 ], [ -73.88281263338439, 40.736364757075187 ], [ -73.882818177851945, 40.736402937064277 ], [ -73.882920094172661, 40.737625017169449 ], [ -73.882895559380287, 40.737637191101932 ], [ -73.882864519389301, 40.73764951134438 ], [ -73.882832055783553, 40.737659485471355 ], [ -73.882798474182565, 40.737667019584045 ], [ -73.882606873460844, 40.737702419724442 ], [ -73.88257057502048, 40.737707645936581 ], [ -73.882533764303119, 40.737710021807089 ], [ -73.876786240666391, 40.737856122402974 ], [ -73.87674562603442, 40.737855413369275 ], [ -73.876705373575348, 40.737851236334969 ], [ -73.876665993485901, 40.737843644243611 ], [ -73.876551393080035, 40.737816244136923 ], [ -73.876511640279489, 40.737804740942615 ], [ -73.869008295619594, 40.735238603895731 ], [ -73.868653108960316, 40.734757641928304 ], [ -73.868627653007636, 40.734718428812592 ], [ -73.868607808847031, 40.734677382959518 ], [ -73.868593800378449, 40.734634967507645 ], [ -73.868381108599706, 40.733807086605644 ], [ -73.868469943224952, 40.733777782776897 ], [ -73.86847276505803, 40.733776862767996 ], [ -73.868589263169881, 40.733739325983215 ], [ -73.868621238296299, 40.733730352950829 ], [ -73.868654183719599, 40.733723714767116 ], [ -73.868687805519102, 40.733719470654165 ], [ -73.869419804091635, 40.733653907845785 ], [ -73.869461116633644, 40.733652025427297 ], [ -73.87345130019753, 40.733644525457876 ], [ -73.873469407268615, 40.733644836884238 ] ] ] } },
{ "type": "Feature", "properties": { "dining_cluster_id": 60, "taxi_hotspot_id": 15, "n_restaurants": 72, "n_taxi_dropoffs": 124, "taxi_weight": 90.7, "avg_rating": 4.230882352941177, "dining_area_sqm": 6244627.5530391745, "taxi_area_sqm": 27309635.64250771, "intersection_area_sqm": 4986965.551110453, "overlap_ratio_dining": 0.79860095878470205, "overlap_ratio_taxi": 0.18260827849889705, "min_overlap_ratio": 0.18260827849889705, "restaurant_density": 14.437637329170578, "taxi_density": 18.18741257994127, "restaurant_score": 6.8755507223373478, "taxi_score": 0.31580663053156888, "popularity_score": 3.5956786764344582, "rank": 48, "restaurant_score_v2": 6.0519426492786916, "taxi_score_v2": 0.27057184330063416, "popularity_score_v2": 0.99190660778893913, "entropy_weight_restaurant": 0.21044731073303888, "entropy_weight_taxi": 0.78955268926696109, "rank_v2": 49 }, "geometry": { "type": "Polygon", "coordinates": [ [ [ -73.906796387061249, 40.876894426508514 ], [ -73.906828833760656, 40.876905617327452 ], [ -73.906859671539138, 40.876919178145677 ], [ -73.906888600845832, 40.876934977236992 ], [ -73.906915340667652, 40.876952861133304 ], [ -73.90693963125895, 40.876972656114887 ], [ -73.906961236664742, 40.876994169898332 ], [ -73.906979947012601, 40.877017193503804 ], [ -73.909343565995343, 40.880274592530697 ], [ -73.90935347744481, 40.880289279314646 ], [ -73.909361669323403, 40.88030237385648 ], [ -73.909374297570636, 40.880325153975853 ], [ -73.909384174807784, 40.880348703919623 ], [ -73.909391220947626, 40.880372832745792 ], [ -73.90939537885717, 40.880397344818505 ], [ -73.909396614820992, 40.880422041394397 ], [ -73.909394918814627, 40.880446722233941 ], [ -73.909322321846361, 40.881012122457577 ], [ -73.909317208033002, 40.881038549648238 ], [ -73.90930873391703, 40.881064474424115 ], [ -73.909296979750977, 40.881089651257646 ], [ -73.909282056852277, 40.881113841704661 ], [ -73.909264106549202, 40.88113681666249 ], [ -73.909243298842426, 40.881158358539963 ], [ -73.909219830795124, 40.881178263318127 ], [ -73.909193924666553, 40.88119634248239 ], [ -73.909165825807293, 40.88121242480819 ], [ -73.902202413039873, 40.88480793693094 ], [ -73.902169778076939, 40.884822938443961 ], [ -73.902135242242721, 40.884835247045402 ], [ -73.901437144927684, 40.885050714548299 ], [ -73.900440015321223, 40.879750190252807 ], [ -73.900435048015567, 40.879709278982169 ], [ -73.900435323751807, 40.879682914442959 ], [ -73.902242171332148, 40.877419714503326 ], [ -73.903052773038439, 40.876476986893252 ], [ -73.903084974739031, 40.876443373847941 ], [ -73.903121476966319, 40.876412396285914 ], [ -73.903161907749407, 40.876384369874934 ], [ -73.903205855086199, 40.876359580209581 ], [ -73.903252871141788, 40.87633827990097 ], [ -73.903302476811987, 40.876320686002863 ], [ -73.903354166605226, 40.876306977799963 ], [ -73.903407413793545, 40.876297294980951 ], [ -73.90346167577971, 40.876291736215201 ], [ -73.904559788405393, 40.876221837202834 ], [ -73.906796387061249, 40.876894426508514 ] ] ] } },
{ "type": "Feature", "properties": { "dining_cluster_id": 52, "taxi_hotspot_id": 17, "n_restaurants": 109, "n_taxi_dropoffs": 130, "taxi_weight": 82.4, "avg_rating": 4.1709677419354838, "dining_area_sqm": 12305548.545799432, "taxi_area_sqm": 17524338.844711162, "intersection_area_sqm": 7425406.2395630106, "overlap_ratio_dining": 0.60341936094329696, "overlap_ratio_taxi": 0.42371962248401712, "min_overlap_ratio": 0.42371962248401712, "restaurant_density": 14.67933153868962, "taxi_density": 11.097035952183713, "restaurant_score": 6.9906513277172779, "taxi_score": 0.19268917541420477, "popularity_score": 3.5916702515657413, "rank": 49, "restaurant_score_v2": 6.2087256260172312, "taxi_score_v2": 0.13914691031848436, "popularity_score_v2": 0.98871178001711701, "entropy_weight_restaurant": 0.21044731073303888, "entropy_weight_taxi": 0.78955268926696109, "rank_v2": 50 }, "geometry": { "type": "Polygon", "coordinates": [ [ [ -73.930264999071014, 40.807410457607006 ], [ -73.930847350931373, 40.808696004960815 ], [ -73.930860967128069, 40.808731042430217 ], [ -73.930870441918074, 40.808766859092074 ], [ -73.930918443763076, 40.809001858871532 ], [ -73.930922573131909, 40.809027263138226 ], [ -73.931027463937809, 40.809893061072934 ], [ -73.928623774616881, 40.812989927633794 ], [ -73.928604694613639, 40.813012006792732 ], [ -73.928582909667085, 40.813032590327978 ], [ -73.928558621514497, 40.813051487625529 ], [ -73.928532055074669, 40.813068523686688 ], [ -73.928503456365092, 40.813083540748657 ], [ -73.928473090223733, 40.813096399745397 ], [ -73.92844123785639, 40.813106981595801 ], [ -73.928408194232603, 40.813115188306199 ], [ -73.928374265353966, 40.813120943877969 ], [ -73.928339765420247, 40.813124195011369 ], [ -73.928305013919783, 40.813124911599147 ], [ -73.928270332670607, 40.813123087005273 ], [ -73.924160916073291, 40.81275518551481 ], [ -73.924130114794764, 40.812751396535454 ], [ -73.924099858746189, 40.81274560229744 ], [ -73.924070373643545, 40.812737846026913 ], [ -73.924041879451039, 40.81272818558714 ], [ -73.917450361188429, 40.810228476463038 ], [ -73.917419198219065, 40.810215154338955 ], [ -73.917389921343997, 40.810199556650289 ], [ -73.917217429433919, 40.810097622635539 ], [ -73.918635748668635, 40.807357326420188 ], [ -73.918656599484933, 40.807322010910688 ], [ -73.918681722887356, 40.80728833930317 ], [ -73.918710896813934, 40.807256609207435 ], [ -73.918743863402838, 40.807227101072662 ], [ -73.918780331271648, 40.807200075708764 ], [ -73.91881997809277, 40.807175771981036 ], [ -73.918862453442486, 40.807154404699297 ], [ -73.918907381898038, 40.80713616271921 ], [ -73.923104363750269, 40.805620171097608 ], [ -73.923147508738438, 40.805606289916675 ], [ -73.923192070627238, 40.805595292876127 ], [ -73.923237716209385, 40.805587262205243 ], [ -73.923284104174812, 40.805582257952395 ], [ -73.925095093133805, 40.805447258774585 ], [ -73.925144398680658, 40.805445300423855 ], [ -73.92519373413036, 40.805446760580836 ], [ -73.925242689835784, 40.805451627121364 ], [ -73.925290859302791, 40.805459859637139 ], [ -73.925337842565256, 40.805471389770993 ], [ -73.925383249505956, 40.805486121784703 ], [ -73.929441847962934, 40.806972406187533 ], [ -73.930264999071014, 40.807410457607006 ] ] ] } },
{ "type": "Feature", "properties": { "dining_cluster_id": 134, "taxi_hotspot_id": 47, "n_restaurants": 121, "n_taxi_dropoffs": 535, "taxi_weight": 354.1, "avg_rating": 4.2857142857142856, "dining_area_sqm": 9827025.1965565383, "taxi_area_sqm": 30625059.746332601, "intersection_area_sqm": 9827025.1965565439, "overlap_ratio_dining": 1.0000000000000007, "overlap_ratio_taxi": 0.32088182938919313, "min_overlap_ratio": 0.32088182938919313, "restaurant_density": 12.312983591656936, "taxi_density": 36.033285039716702, "restaurant_score": 5.8637394261660871, "taxi_score": 0.62568275093329773, "popularity_score": 3.2447110885496926, "rank": 53, "restaurant_score_v2": 4.6737154332898765, "taxi_score_v2": 0.60135717603629923, "popularity_score_v2": 0.94823166720903618, "entropy_weight_restaurant": 0.21044731073303888, "entropy_weight_taxi": 0.78955268926696109, "rank_v2": 51 }, "geometry": { "type": "Polygon", "coordinates": [ [ [ -73.917599686974015, 40.738758676524341 ], [ -73.917628265704096, 40.7387431127149 ], [ -73.917658699554266, 40.738729737554117 ], [ -73.917690699784217, 40.738718677937989 ], [ -73.91772396279319, 40.738710038793954 ], [ -73.917758173000351, 40.738703902085213 ], [ -73.917793005838703, 40.738700326033324 ], [ -73.91782813083428, 40.73869934456588 ], [ -73.917863214741402, 40.738700966994479 ], [ -73.924686687137239, 40.73927106468178 ], [ -73.92472033836934, 40.739275105745428 ], [ -73.924753338620633, 40.739281542554401 ], [ -73.924785393764125, 40.739290317738359 ], [ -73.924816218096282, 40.739301353085182 ], [ -73.924845536883112, 40.739314550238362 ], [ -73.924873088809036, 40.73932979157324 ], [ -73.924898628305726, 40.739346941245657 ], [ -73.924921927740925, 40.739365846402499 ], [ -73.924942779447264, 40.739386338544051 ], [ -73.925451380691626, 40.739938137251364 ], [ -73.925461161125611, 40.739949320768162 ], [ -73.929319273974258, 40.744603610638194 ], [ -73.929336341876436, 40.744626575929338 ], [ -73.929350432192393, 40.744650681340659 ], [ -73.929361414761487, 40.744675704201832 ], [ -73.929369188130153, 40.74470141336743 ], [ -73.92937368048905, 40.744727571352044 ], [ -73.929374850336629, 40.744753936524191 ], [ -73.929372686862607, 40.744780265338193 ], [ -73.929367210047957, 40.744806314583883 ], [ -73.92935847048048, 40.744831843633371 ], [ -73.929346548887708, 40.744856616663689 ], [ -73.929331555391158, 40.744880404835399 ], [ -73.92931362848941, 40.744902988406338 ], [ -73.929292933778697, 40.74492415876157 ], [ -73.929269662423309, 40.74494372034048 ], [ -73.929244029389835, 40.74496149244338 ], [ -73.929216271461328, 40.744977310900659 ], [ -73.929186645050194, 40.744991029589393 ], [ -73.9291554238294, 40.745002521783192 ], [ -73.929122896204476, 40.745011681322701 ], [ -73.929089362649307, 40.745018423596733 ], [ -73.929055132930358, 40.745022686323317 ], [ -73.914486774084565, 40.746292891473132 ], [ -73.914456716574264, 40.746294547008333 ], [ -73.914426582245426, 40.746294289538191 ], [ -73.914396581224636, 40.746292120858065 ], [ -73.913507477664197, 40.746199220482509 ], [ -73.913498247086693, 40.74619816328736 ], [ -73.912621143616391, 40.746088862847166 ], [ -73.912615627631936, 40.746088142002989 ], [ -73.912535927319226, 40.746077241959192 ], [ -73.912501593627496, 40.746071217171171 ], [ -73.912468196096313, 40.746062674684246 ], [ -73.912436053089991, 40.746051695930262 ], [ -73.909760245813018, 40.745015492162011 ], [ -73.909728907001778, 40.745001811777257 ], [ -73.909699524025626, 40.744985816486682 ], [ -73.909672391451451, 40.744967666645366 ], [ -73.909647781284903, 40.744947544207754 ], [ -73.909625940243515, 40.744925650903781 ], [ -73.909607087283391, 40.744902206216175 ], [ -73.909591411404151, 40.744877445180478 ], [ -73.909579069754301, 40.744851616028242 ], [ -73.90957018605593, 40.744824977698791 ], [ -73.909564849364529, 40.74479779724323 ], [ -73.909563113176404, 40.744770347147139 ], [ -73.909564994892449, 40.744742902598965 ], [ -73.909570475643946, 40.744715738731145 ], [ -73.909579500481925, 40.74468912786201 ], [ -73.90959197892812, 40.74466333676579 ], [ -73.909607785882258, 40.744638623998064 ], [ -73.909626762876229, 40.744615237303933 ], [ -73.909648719662968, 40.744593411134424 ], [ -73.909673436123683, 40.744573364296194 ], [ -73.917573234504488, 40.738776281321627 ], [ -73.917599686974015, 40.738758676524341 ] ] ] } },
{ "type": "Feature", "properties": { "dining_cluster_id": 75, "taxi_hotspot_id": 16, "n_restaurants": 62, "n_taxi_dropoffs": 74, "taxi_weight": 45.7, "avg_rating": 4.0859649122807022, "dining_area_sqm": 5057343.0197987026, "taxi_area_sqm": 8932141.5210690498, "intersection_area_sqm": 4398572.845753069, "overlap_ratio_dining": 0.86973986706722251, "overlap_ratio_taxi": 0.49244325511163894, "min_overlap_ratio": 0.49244325511163894, "restaurant_density": 14.095481005813632, "taxi_density": 10.389733580091661, "restaurant_score": 6.712607638051943, "taxi_score": 0.18040756152792112, "popularity_score": 3.4465075997899319, "rank": 50, "restaurant_score_v2": 5.8299915856079307, "taxi_score_v2": 0.12603658180837382, "popularity_score_v2": 0.92815024722020434, "entropy_weight_restaurant": 0.21044731073303888, "entropy_weight_taxi": 0.78955268926696109, "rank_v2": 52 }, "geometry": { "type": "Polygon", "coordinates": [ [ [ -73.920617241684781, 40.824543419841355 ], [ -73.920650044109479, 40.82453892622015 ], [ -73.920683252078021, 40.824536747921414 ], [ -73.920716582996008, 40.824536903482176 ], [ -73.920749753222793, 40.824539391578618 ], [ -73.92078248048513, 40.824544191037454 ], [ -73.920814486279198, 40.824551261016047 ], [ -73.921118585230658, 40.8246301607115 ], [ -73.921153677171333, 40.824640853390889 ], [ -73.921733675466399, 40.824844952635416 ], [ -73.921739614216577, 40.824847092489613 ], [ -73.926499200718126, 40.826602386048464 ], [ -73.926530104544867, 40.826615232252635 ], [ -73.92655921465213, 40.826630303390544 ], [ -73.926586254334126, 40.82664745620432 ], [ -73.92661096656488, 40.82666652764874 ], [ -73.926633116441252, 40.826687336441012 ], [ -73.926652493415872, 40.826709684783872 ], [ -73.926668913298499, 40.826733360245683 ], [ -73.926705180548367, 40.826792474157969 ], [ -73.926363688237103, 40.827988281010043 ], [ -73.926351774715641, 40.828022730235027 ], [ -73.9263359858938, 40.828056268378255 ], [ -73.926179987725192, 40.828347269049779 ], [ -73.92616216460128, 40.828377066826107 ], [ -73.926141281716497, 40.828405695053796 ], [ -73.925065900180527, 40.82975082886071 ], [ -73.918477756706849, 40.830171507480962 ], [ -73.91843476189193, 40.830172300757738 ], [ -73.917471957927674, 40.830146500652582 ], [ -73.917438777348181, 40.830144445840567 ], [ -73.917405986548985, 40.830140080290938 ], [ -73.917373863850315, 40.830133441057477 ], [ -73.917342681901502, 40.830124584492317 ], [ -73.917227313159913, 40.830087129596706 ], [ -73.916197354363106, 40.829100854577383 ], [ -73.916164958537465, 40.829066317803282 ], [ -73.916137411659562, 40.829029432999178 ], [ -73.916115005977488, 40.828990591491269 ], [ -73.91609797919287, 40.828950205364691 ], [ -73.916086511939454, 40.828908703091159 ], [ -73.916080725866962, 40.828866524983304 ], [ -73.916080682351023, 40.828824118522988 ], [ -73.916086381842334, 40.82878193361401 ], [ -73.916097763862481, 40.828740417808781 ], [ -73.916114707645903, 40.828700011560137 ], [ -73.916540713274259, 40.827840013413244 ], [ -73.916540995458192, 40.827839445019578 ], [ -73.917755011394078, 40.825399450297688 ], [ -73.917779750633713, 40.82535710036354 ], [ -73.917867582707729, 40.825227024751584 ], [ -73.92058512394739, 40.824550190545168 ], [ -73.920617241684781, 40.824543419841355 ] ] ] } },
{ "type": "Feature", "properties": { "dining_cluster_id": 143, "taxi_hotspot_id": 32, "n_restaurants": 59, "n_taxi_dropoffs": 94, "taxi_weight": 59.8, "avg_rating": 4.0740740740740744, "dining_area_sqm": 6486503.1935976334, "taxi_area_sqm": 11010354.30293279, "intersection_area_sqm": 4313874.7234877218, "overlap_ratio_dining": 0.66505397357171447, "overlap_ratio_taxi": 0.39180162643255267, "min_overlap_ratio": 0.39180162643255267, "restaurant_density": 13.676799578523488, "taxi_density": 13.862247708401773, "restaurant_score": 6.5132214556592212, "taxi_score": 0.24070437293606844, "popularity_score": 3.3769629142976449, "rank": 52, "restaurant_score_v2": 5.5583999715336319, "taxi_score_v2": 0.19040198304899233, "popularity_score_v2": 0.89747358280726308, "entropy_weight_restaurant": 0.21044731073303888, "entropy_weight_taxi": 0.78955268926696109, "rank_v2": 53 }, "geometry": { "type": "Polygon", "coordinates": [ [ [ -73.97082848484844, 40.647979332005207 ], [ -73.970784520162013, 40.647823500299992 ], [ -73.970776909607451, 40.647789743781367 ], [ -73.970773009080418, 40.647755622257087 ], [ -73.970531500544155, 40.643692319436923 ], [ -73.978363492215536, 40.642012089389077 ], [ -73.978599915474391, 40.642245478606192 ], [ -73.978623653243559, 40.642270840218643 ], [ -73.97917165568434, 40.642905838082299 ], [ -73.979198238879931, 40.642940150310174 ], [ -73.979220343739371, 40.642976259080996 ], [ -73.979237763260201, 40.643013826263918 ], [ -73.979250334313718, 40.643052500070453 ], [ -73.97925793917274, 40.643091918348944 ], [ -73.979260506614395, 40.643131711975492 ], [ -73.979258012587437, 40.643171508310942 ], [ -73.978661815086099, 40.647882081162905 ], [ -73.97082848484844, 40.647979332005207 ] ] ] } },
{ "type": "Feature", "properties": { "dining_cluster_id": 55, "taxi_hotspot_id": 19, "n_restaurants": 107, "n_taxi_dropoffs": 214, "taxi_weight": 148.1, "avg_rating": 4.2541666666666664, "dining_area_sqm": 11914534.42980992, "taxi_area_sqm": 12846719.546700424, "intersection_area_sqm": 9684929.5103072934, "overlap_ratio_dining": 0.81286680292566016, "overlap_ratio_taxi": 0.75388347002521661, "min_overlap_ratio": 0.75388347002521661, "restaurant_density": 11.048092800894841, "taxi_density": 15.291799474883419, "restaurant_score": 5.2613679583269093, "taxi_score": 0.26552714113130549, "popularity_score": 2.7634475497291073, "rank": 54, "restaurant_score_v2": 3.8532020092427066, "taxi_score_v2": 0.21689969325085298, "popularity_score_v2": 0.64621545224433319, "entropy_weight_restaurant": 0.21044731073303888, "entropy_weight_taxi": 0.78955268926696109, "rank_v2": 54 }, "geometry": { "type": "Polygon", "coordinates": [ [ [ -73.928435921399412, 40.862655260621047 ], [ -73.928469097554355, 40.862666061770128 ], [ -73.928500689555975, 40.862679320838836 ], [ -73.928530382441892, 40.862694905638762 ], [ -73.928557880182652, 40.862712660794813 ], [ -73.928582908633018, 40.862732409293834 ], [ -73.928605218265133, 40.862753954249669 ], [ -73.928624586656198, 40.862777080865889 ], [ -73.928640820706079, 40.862801558577104 ], [ -73.928653758562518, 40.862827143347658 ], [ -73.930299576148812, 40.866640538505266 ], [ -73.930309145033192, 40.866667165081864 ], [ -73.930315143063538, 40.866694386578743 ], [ -73.93031750958589, 40.866721927743392 ], [ -73.930316220666356, 40.86674951009072 ], [ -73.930311289333517, 40.866776854718658 ], [ -73.930302765446655, 40.86680368512873 ], [ -73.93029073519196, 40.866829730021578 ], [ -73.930275320211067, 40.866854726040451 ], [ -73.9302566763713, 40.866878420434134 ], [ -73.930234992189682, 40.866900573612789 ], [ -73.930210486926796, 40.866920961570578 ], [ -73.930183408369786, 40.866939378150754 ], [ -73.930154030326889, 40.866955637130474 ], [ -73.930122649858632, 40.866969574103713 ], [ -73.916011549364427, 40.872532235773939 ], [ -73.91354621487568, 40.87147160458057 ], [ -73.914611133034612, 40.868999504487704 ], [ -73.9195028547108, 40.863267163952933 ], [ -73.919534838480843, 40.863233524733488 ], [ -73.919571119203098, 40.863202500049347 ], [ -73.919611328463034, 40.863174404937361 ], [ -73.919655057955751, 40.863149524686087 ], [ -73.91970186363217, 40.863128111938877 ], [ -73.919751270207925, 40.863110384128412 ], [ -73.919802775989467, 40.86309652126922 ], [ -73.919855857968315, 40.863086664129469 ], [ -73.926520964958328, 40.862116018977297 ], [ -73.928435921399412, 40.862655260621047 ] ] ] } },
{ "type": "Feature", "properties": { "dining_cluster_id": 79, "taxi_hotspot_id": 13, "n_restaurants": 42, "n_taxi_dropoffs": 78, "taxi_weight": 51.6, "avg_rating": 3.96, "dining_area_sqm": 4237622.7681599185, "taxi_area_sqm": 25530950.738266274, "intersection_area_sqm": 4237622.7681599213, "overlap_ratio_dining": 1.0000000000000007, "overlap_ratio_taxi": 0.16597982627448699, "min_overlap_ratio": 0.16597982627448699, "restaurant_density": 9.911217278605811, "taxi_density": 12.176638370858567, "restaurant_score": 4.7199604454308197, "taxi_score": 0.21143541546659486, "popularity_score": 2.4656979304487074, "rank": 55, "restaurant_score_v2": 3.1157299410440245, "taxi_score_v2": 0.15915807234424281, "popularity_score_v2": 0.51776386518436512, "entropy_weight_restaurant": 0.21044731073303888, "entropy_weight_taxi": 0.78955268926696109, "rank_v2": 55 }, "geometry": { "type": "Polygon", "coordinates": [ [ [ -73.91227624319059, 40.84369199964582 ], [ -73.912277283540163, 40.843665228024072 ], [ -73.912281754876844, 40.843638660866993 ], [ -73.912289614619866, 40.843612551150905 ], [ -73.912300787923769, 40.843587147495988 ], [ -73.91231516839126, 40.84356269179893 ], [ -73.912332619086513, 40.843539416929595 ], [ -73.91235297383912, 40.843517544513659 ], [ -73.912376038826523, 40.843497282822277 ], [ -73.912401594419663, 40.843478824788896 ], [ -73.912429397274323, 40.843462346172309 ], [ -73.912459182648334, 40.843448003883033 ], [ -73.912490666922395, 40.843435934489179 ], [ -73.912523550300747, 40.84342625291616 ], [ -73.912557519665697, 40.843419051352498 ], [ -73.91259225155909, 40.843414398371706 ], [ -73.912627415262236, 40.843412338279734 ], [ -73.912662675944887, 40.843412890692861 ], [ -73.912697697853346, 40.84341605035096 ], [ -73.912732147507484, 40.843421787167649 ], [ -73.914484641041142, 40.843782485747631 ], [ -73.914534397509811, 40.843795753176373 ], [ -73.920680078668326, 40.845827845577148 ], [ -73.920711448154236, 40.845839619776172 ], [ -73.92074117131564, 40.845853642354932 ], [ -73.920768969560484, 40.845869781881788 ], [ -73.920794582338132, 40.845887887083116 ], [ -73.920817769581475, 40.845907788261229 ], [ -73.920838313956992, 40.845929298884762 ], [ -73.920856022901958, 40.845952217337015 ], [ -73.920870730429243, 40.84597632880579 ], [ -73.920882298683239, 40.846001407296441 ], [ -73.920890619232068, 40.84602721775039 ], [ -73.920895614084017, 40.84605351824807 ], [ -73.920897236418668, 40.84608006227662 ], [ -73.920895471025929, 40.84610660104012 ], [ -73.920890334448757, 40.846132885791775 ], [ -73.920881874828154, 40.846158670165408 ], [ -73.920870171452208, 40.846183712484468 ], [ -73.918402190539055, 40.850749819555809 ], [ -73.918387881611338, 40.850773120027753 ], [ -73.918370764335393, 40.850795301666111 ], [ -73.91835098889301, 40.850816169852429 ], [ -73.918328728788794, 40.850835541492096 ], [ -73.918304179327947, 40.850853246620822 ], [ -73.918277555902762, 40.850869129896047 ], [ -73.918249092102641, 40.850883051959691 ], [ -73.918219037664898, 40.850894890661124 ], [ -73.91818765628318, 40.850904542128781 ], [ -73.918155223294164, 40.850911921681728 ], [ -73.915775414357526, 40.851362323464201 ], [ -73.915741158302581, 40.851367486055331 ], [ -73.915706406003167, 40.851370114285146 ], [ -73.915671481879627, 40.851370183618464 ], [ -73.915636711956424, 40.851367693408029 ], [ -73.915602420818402, 40.851362666900556 ], [ -73.915568928580726, 40.851355151019575 ], [ -73.915536547900373, 40.851345215927424 ], [ -73.915505581057346, 40.851332954370349 ], [ -73.915476317132701, 40.851318480812502 ], [ -73.91544902930994, 40.851301930367384 ], [ -73.915423972324646, 40.851283457536773 ], [ -73.915401380086593, 40.851263234767927 ], [ -73.915381463496061, 40.851241450844057 ], [ -73.915188564154477, 40.851007050337437 ], [ -73.915164667984286, 40.850972863399264 ], [ -73.913669478202308, 40.84841245916607 ], [ -73.913661462540929, 40.848397569505629 ], [ -73.912717170902269, 40.846485266767061 ], [ -73.912704335830369, 40.846453566504785 ], [ -73.912696629358166, 40.846420922094616 ], [ -73.912278643738631, 40.843718720808788 ], [ -73.91227624319059, 40.84369199964582 ] ] ] } },
{ "type": "Feature", "properties": { "dining_cluster_id": 36, "taxi_hotspot_id": 9, "n_restaurants": 202, "n_taxi_dropoffs": 253, "taxi_weight": 178.1, "avg_rating": 3.8774774774774774, "dining_area_sqm": 21322972.995865967, "taxi_area_sqm": 77469313.649835303, "intersection_area_sqm": 21322972.995865975, "overlap_ratio_dining": 1.0000000000000004, "overlap_ratio_taxi": 0.27524411913918262, "min_overlap_ratio": 0.27524411913918262, "restaurant_density": 9.4733506457642225, "taxi_density": 8.3524938119337033, "restaurant_score": 4.5114378059516662, "taxi_score": 0.14503288555688992, "popularity_score": 2.3282353457542779, "rank": 56, "restaurant_score_v2": 2.8316932061632247, "taxi_score_v2": 0.088274962919108857, "popularity_score_v2": 0.45677229861351265, "entropy_weight_restaurant": 0.21044731073303888, "entropy_weight_taxi": 0.78955268926696109, "rank_v2": 56 }, "geometry": { "type": "Polygon", "coordinates": [ [ [ -73.825622825796188, 40.751201112916604 ], [ -73.825657939379809, 40.751190546402917 ], [ -73.825694312526736, 40.751182827801529 ], [ -73.825731547061523, 40.751178041607567 ], [ -73.825769235379468, 40.751176240215308 ], [ -73.825806964908523, 40.751177443344481 ], [ -73.8258443226255, 40.751181637824523 ], [ -73.835804084030769, 40.752708031718427 ], [ -73.835839180817189, 40.752714818181069 ], [ -73.835873206690991, 40.75272424499915 ], [ -73.83590581912047, 40.752736217274901 ], [ -73.835936689802324, 40.75275061448594 ], [ -73.835965507966435, 40.752767291698476 ], [ -73.8359919835044, 40.752786081026258 ], [ -73.836015849889861, 40.75280679332063 ], [ -73.836036866861704, 40.752829220074652 ], [ -73.836054822842669, 40.752853135522059 ], [ -73.836069537069363, 40.752878298909771 ], [ -73.836080861412128, 40.752904456921698 ], [ -73.837292177628214, 40.756260653296913 ], [ -73.83729736384899, 40.756276958957088 ], [ -73.837354264894955, 40.756483258784336 ], [ -73.837359454600872, 40.756507373171239 ], [ -73.83736180337948, 40.756531742975959 ], [ -73.837361292612485, 40.75655617505592 ], [ -73.836385058741797, 40.768824778079328 ], [ -73.83638073285357, 40.768853655197383 ], [ -73.836372414939035, 40.768882022654729 ], [ -73.836360198258021, 40.768909562380429 ], [ -73.8363442197859, 40.768935965584127 ], [ -73.836324658677825, 40.76896093621837 ], [ -73.836252158882218, 40.769043236405238 ], [ -73.836233767982662, 40.769062285434671 ], [ -73.83621329017565, 40.769080061244935 ], [ -73.834702690590618, 40.770282664633953 ], [ -73.834676220565612, 40.770301711995309 ], [ -73.83464735939404, 40.77031863329335 ], [ -73.834616401214291, 40.770333256073833 ], [ -73.834583661537167, 40.770345431307788 ], [ -73.834549474030354, 40.770355034910601 ], [ -73.834514187117605, 40.770361969006437 ], [ -73.834478160427835, 40.770366162926031 ], [ -73.834441761129654, 40.770367573926698 ], [ -73.834405360189308, 40.770366187628099 ], [ -73.834369328589773, 40.770362018158856 ], [ -73.834334033549709, 40.770355108012431 ], [ -73.834299834780865, 40.770345527613962 ], [ -73.834267080821775, 40.770333374602892 ], [ -73.834236105485672, 40.770318772837271 ], [ -73.834207224458225, 40.770301871131927 ], [ -73.825214516808458, 40.764465753019429 ], [ -73.82518800232387, 40.764446700082132 ], [ -73.825164152483524, 40.764425709681845 ], [ -73.825143210871929, 40.764402996201149 ], [ -73.825125391370065, 40.764378791620885 ], [ -73.825110875971177, 40.764353343150688 ], [ -73.825099812921962, 40.76432691070427 ], [ -73.82130536635033, 40.753371699318762 ], [ -73.821297957515114, 40.753344965746564 ], [ -73.82129408029337, 40.753317804496241 ], [ -73.821293773096102, 40.753290484679958 ], [ -73.821297038962598, 40.753263276980483 ], [ -73.821303845530579, 40.753236450969453 ], [ -73.821314125356977, 40.753210272436512 ], [ -73.821327776586358, 40.753185000755728 ], [ -73.821344663960218, 40.75316088631596 ], [ -73.821364620157183, 40.75313816804001 ], [ -73.821387447451031, 40.753117071017371 ], [ -73.821412919669726, 40.753097804274255 ], [ -73.821440784436348, 40.753080558702479 ], [ -73.821470765669673, 40.753065505168379 ], [ -73.825589356163476, 40.751214411671391 ], [ -73.825622825796188, 40.751201112916604 ] ] ] } },
{ "type": "Feature", "properties": { "dining_cluster_id": 93, "taxi_hotspot_id": 20, "n_restaurants": 130, "n_taxi_dropoffs": 127, "taxi_weight": 88.3, "avg_rating": 3.9646464646464645, "dining_area_sqm": 20195161.011082787, "taxi_area_sqm": 22427631.863504514, "intersection_area_sqm": 13968089.66246601, "overlap_ratio_dining": 0.69165527597430598, "overlap_ratio_taxi": 0.62280715803952802, "min_overlap_ratio": 0.62280715803952802, "restaurant_density": 9.3069276573536133, "taxi_density": 6.3215516318794149, "restaurant_score": 4.4321831694698233, "taxi_score": 0.10976756104367351, "popularity_score": 2.2709753652567484, "rank": 57, "restaurant_score_v2": 2.7237374070869431, "taxi_score_v2": 0.050630074090590491, "popularity_score_v2": 0.43413243178531336, "entropy_weight_restaurant": 0.21044731073303888, "entropy_weight_taxi": 0.78955268926696109, "rank_v2": 57 }, "geometry": { "type": "Polygon", "coordinates": [ [ [ -73.81915943991288, 40.709843836619392 ], [ -73.81914319619861, 40.709868446121071 ], [ -73.819123793493333, 40.709891693101071 ], [ -73.819101427121325, 40.709913343531603 ], [ -73.819076322242736, 40.709933179457131 ], [ -73.819048731587074, 40.709951001188628 ], [ -73.819018932908875, 40.70996662931389 ], [ -73.818987226191695, 40.709979906503712 ], [ -73.818953930627941, 40.70999069909584 ], [ -73.818919381405649, 40.709998898440489 ], [ -73.81888392633391, 40.710004421994306 ], [ -73.818847922341419, 40.710007214151275 ], [ -73.818811731883088, 40.710007246802483 ], [ -73.81877571929104, 40.710004519619304 ], [ -73.818740247106788, 40.709999060056425 ], [ -73.818705672431307, 40.709990923075729 ], [ -73.806631231961759, 40.706634810208556 ], [ -73.806600393323691, 40.706624980994008 ], [ -73.806570883213141, 40.706613020907746 ], [ -73.806542955208201, 40.706599032722146 ], [ -73.806516849291512, 40.706583136636951 ], [ -73.806492789788251, 40.706565469246151 ], [ -73.806470983438345, 40.70654618236442 ], [ -73.806451617620084, 40.706525441722476 ], [ -73.806434858739948, 40.706503425542849 ], [ -73.806420850802837, 40.706480323008613 ], [ -73.805502061678766, 40.704759487335323 ], [ -73.80551401506753, 40.702979896738356 ], [ -73.805517414353531, 40.702935872024945 ], [ -73.805526981633292, 40.702892376576074 ], [ -73.806727012452583, 40.698797382033838 ], [ -73.806741753104831, 40.698756915860393 ], [ -73.807431763898705, 40.697179918911196 ], [ -73.807450730641818, 40.697142696442668 ], [ -73.80747434497728, 40.697107047139554 ], [ -73.807502384853478, 40.697073306210378 ], [ -73.807534586606877, 40.697041790918888 ], [ -73.807570647441324, 40.697012797600784 ], [ -73.807610228275379, 40.696986598877501 ], [ -73.807652956930724, 40.696963441093018 ], [ -73.807698431631721, 40.696943541997214 ], [ -73.807746224783187, 40.69692708869885 ], [ -73.807795886990931, 40.696914235906164 ], [ -73.807846951287161, 40.696905104472137 ], [ -73.807898937521159, 40.696899780258384 ], [ -73.807951356873843, 40.696898313327715 ], [ -73.808003716453783, 40.696900717473447 ], [ -73.808055523931557, 40.696906970089756 ], [ -73.81099550693304, 40.697373967290631 ], [ -73.811044839411935, 40.69738366845516 ], [ -73.811092753816752, 40.697396859247 ], [ -73.811138825056176, 40.697413422639265 ], [ -73.811182644390357, 40.697433211683524 ], [ -73.815904630611968, 40.69980119957652 ], [ -73.815933963596819, 40.699816996103735 ], [ -73.819643955848321, 40.701958985655175 ], [ -73.819681418374998, 40.701982710659081 ], [ -73.819715923311108, 40.702008905278142 ], [ -73.819747190613555, 40.70203735691878 ], [ -73.819774966514643, 40.702067834669414 ], [ -73.819799025581702, 40.702100091174117 ], [ -73.821861360628674, 40.705180412448634 ], [ -73.81915943991288, 40.709843836619392 ] ] ] } },
{ "type": "Feature", "properties": { "dining_cluster_id": 87, "taxi_hotspot_id": 0, "n_restaurants": 194, "n_taxi_dropoffs": 78, "taxi_weight": 48.999999999999993, "avg_rating": 4.0155688622754493, "dining_area_sqm": 38692604.28873761, "taxi_area_sqm": 69402610.042647511, "intersection_area_sqm": 20916537.363566052, "overlap_ratio_dining": 0.54058230889499215, "overlap_ratio_taxi": 0.30137969379988677, "min_overlap_ratio": 0.30137969379988677, "restaurant_density": 9.2749577345399103, "taxi_density": 2.3426439638786367, "restaurant_score": 4.416958322018453, "taxi_score": 0.040677721117052902, "popularity_score": 2.2288180215677529, "rank": 58, "restaurant_score_v2": 2.7029990547912575, "taxi_score_v2": 0.0, "popularity_score_v2": 0.42779328232156927, "entropy_weight_restaurant": 0.21044731073303888, "entropy_weight_taxi": 0.78955268926696109, "rank_v2": 58 }, "geometry": { "type": "Polygon", "coordinates": [ [ [ -73.867431682276987, 40.685122674037231 ], [ -73.867394502051397, 40.685121075256973 ], [ -73.867357736754172, 40.685116565712541 ], [ -73.867321778564289, 40.685109193507643 ], [ -73.855236236280177, 40.682113181878371 ], [ -73.855202886939239, 40.682103497898268 ], [ -73.855170958789287, 40.682091351109044 ], [ -73.855140764739119, 40.682076860554382 ], [ -73.855112600702043, 40.682060168247965 ], [ -73.855086742695818, 40.682041437781308 ], [ -73.855063444137514, 40.682020852720726 ], [ -73.855042933359883, 40.681998614808073 ], [ -73.855025411373759, 40.68197494198359 ], [ -73.855011049898025, 40.681950066250046 ], [ -73.854999989676912, 40.681924231398881 ], [ -73.854992339100676, 40.681897690620971 ], [ -73.854988173143553, 40.681870704025179 ], [ -73.854987532629082, 40.68184353608931 ], [ -73.854990423830216, 40.681816453067974 ], [ -73.854996818408011, 40.681789720383286 ], [ -73.855006653689486, 40.681763600023636 ], [ -73.8550198332821, 40.6817383479762 ], [ -73.855036228018378, 40.681714211718067 ], [ -73.855055677222182, 40.681691427791073 ], [ -73.855077990283206, 40.681670219483564 ], [ -73.855102948525314, 40.681650794642302 ], [ -73.866800643490819, 40.673404019344332 ], [ -73.866824059530373, 40.673388867206263 ], [ -73.866849085371058, 40.673375288493268 ], [ -73.866875539164283, 40.673363381873678 ], [ -73.870276920974121, 40.671977790752806 ], [ -73.875416823647498, 40.674610380819203 ], [ -73.875454586956195, 40.674631589302066 ], [ -73.875489793128637, 40.674655210548224 ], [ -73.875522177054478, 40.674681066686361 ], [ -73.881262184262155, 40.679681046537361 ], [ -73.881294591958138, 40.679712185740911 ], [ -73.881322906512125, 40.679745557933956 ], [ -73.881346864274249, 40.679780852380091 ], [ -73.881366242160667, 40.679817740443795 ], [ -73.881380859730996, 40.679855878650471 ], [ -73.881390580868654, 40.679894911884467 ], [ -73.881395315048564, 40.679934476695713 ], [ -73.881395018180413, 40.679974204683745 ], [ -73.881389693019472, 40.680013725928113 ], [ -73.881379389141301, 40.680052672432758 ], [ -73.881364202480441, 40.680090681552571 ], [ -73.881344274437481, 40.680127399370235 ], [ -73.881319790562657, 40.680162483991587 ], [ -73.881290978828432, 40.680195608729321 ], [ -73.881258107506852, 40.680226465144983 ], [ -73.87559511333491, 40.685046484821306 ], [ -73.87555311748855, 40.685078497183717 ], [ -73.875506761131362, 40.685106808618727 ], [ -73.875456604013763, 40.685131077264145 ], [ -73.875409179945407, 40.685151328683581 ], [ -73.867431682276987, 40.685122674037231 ] ] ] } },
{ "type": "Feature", "properties": { "dining_cluster_id": 82, "taxi_hotspot_id": 12, "n_restaurants": 75, "n_taxi_dropoffs": 65, "taxi_weight": 42.1, "avg_rating": 4.101923076923077, "dining_area_sqm": 11010292.964687914, "taxi_area_sqm": 15464311.021456631, "intersection_area_sqm": 9073081.7490533274, "overlap_ratio_dining": 0.82405452590157335, "overlap_ratio_taxi": 0.58671102362494432, "min_overlap_ratio": 0.58671102362494432, "restaurant_density": 8.2662101008651661, "taxi_density": 4.6400992699523131, "restaurant_score": 3.9365683964899025, "taxi_score": 0.080570785389878941, "popularity_score": 2.0085695909398908, "rank": 59, "restaurant_score_v2": 2.0486413972362829, "taxi_score_v2": 0.019463215744331887, "popularity_score_v2": 0.32513959095394546, "entropy_weight_restaurant": 0.21044731073303888, "entropy_weight_taxi": 0.78955268926696109, "rank_v2": 59 }, "geometry": { "type": "Polygon", "coordinates": [ [ [ -73.907076768062765, 40.728384979939449 ], [ -73.907043075771, 40.728398543725703 ], [ -73.907007690404328, 40.728409327592836 ], [ -73.906971006949846, 40.728417211166345 ], [ -73.906933434885147, 40.728422106446068 ], [ -73.906895393607172, 40.728423958788596 ], [ -73.891887931805215, 40.728549359300345 ], [ -73.891851762215154, 40.728548277748615 ], [ -73.891815917111003, 40.728544444565735 ], [ -73.891780757287592, 40.728537898334132 ], [ -73.891746636641884, 40.728528704944154 ], [ -73.891713898610803, 40.728516956930825 ], [ -73.891682872714213, 40.728502772542313 ], [ -73.891653871238148, 40.728486294549768 ], [ -73.891627186091455, 40.728467688810191 ], [ -73.891603085867672, 40.728447142597041 ], [ -73.891581813141471, 40.728424862715073 ], [ -73.891563582027132, 40.728401073418894 ], [ -73.891548576023482, 40.728376014155579 ], [ -73.891536946167051, 40.728349937154505 ], [ -73.891390648041721, 40.727958336717592 ], [ -73.891382780238587, 40.727932636751696 ], [ -73.891378192847981, 40.727906480787219 ], [ -73.891376928265814, 40.727880110575441 ], [ -73.891378998176251, 40.72785376984752 ], [ -73.891384383443892, 40.727827702061909 ], [ -73.891393034290743, 40.727802148154041 ], [ -73.891404870756432, 40.72777734430943 ], [ -73.891419783437442, 40.727753519780769 ], [ -73.891437634498345, 40.727730894769152 ], [ -73.891458258945846, 40.727709678388727 ], [ -73.891735559306539, 40.727451379055552 ], [ -73.891760501842228, 40.727430444493926 ], [ -73.891788141162309, 40.727411571550554 ], [ -73.893551839207376, 40.726326574993784 ], [ -73.893564946456081, 40.726318882964769 ], [ -73.894058245704585, 40.726042883872189 ], [ -73.902693886182334, 40.721215988755887 ], [ -73.903407851156572, 40.72093995774545 ], [ -73.903458127276139, 40.720922909042606 ], [ -73.903510419639744, 40.720909834371319 ], [ -73.90356418720539, 40.72090086900814 ], [ -73.903618873668705, 40.720896105712946 ], [ -73.903722873030063, 40.720891105743469 ], [ -73.903779561028543, 40.720890644169472 ], [ -73.903836001417218, 40.720894697326983 ], [ -73.903891574756429, 40.720903220732112 ], [ -73.906676559190686, 40.721447217506295 ], [ -73.906727256409482, 40.721459163926326 ], [ -73.906776171688435, 40.721474831280268 ], [ -73.906822834520867, 40.721494068867337 ], [ -73.90686679606479, 40.721516691645284 ], [ -73.906907633460165, 40.721542482010136 ], [ -73.906944953896144, 40.721571191889417 ], [ -73.906978398389498, 40.721602545127951 ], [ -73.909108405079863, 40.723812537127401 ], [ -73.909135661289682, 40.723843692114492 ], [ -73.909159086337809, 40.723876601387637 ], [ -73.90917848666075, 40.723910993022308 ], [ -73.909193701949903, 40.723946582845088 ], [ -73.909204606476436, 40.723983076781636 ], [ -73.909211110130315, 40.724020173286533 ], [ -73.909581275135039, 40.727243941738706 ], [ -73.907076768062765, 40.728384979939449 ] ] ] } },
{ "type": "Feature", "properties": { "dining_cluster_id": 84, "taxi_hotspot_id": 10, "n_restaurants": 111, "n_taxi_dropoffs": 142, "taxi_weight": 90.2, "avg_rating": 4.1170731707317074, "dining_area_sqm": 17864712.33842871, "taxi_area_sqm": 143366609.67338997, "intersection_area_sqm": 14372206.376185866, "overlap_ratio_dining": 0.80450253572064923, "overlap_ratio_taxi": 0.10024793366410663, "min_overlap_ratio": 0.10024793366410663, "restaurant_density": 7.7232400575545777, "taxi_density": 6.2760022810038105, "restaurant_score": 3.6779929808331544, "taxi_score": 0.10897664111706505, "popularity_score": 1.8934848109751097, "rank": 60, "restaurant_score_v2": 1.696425844205502, "taxi_score_v2": 0.049785786022341891, "popularity_score_v2": 0.27340530200375979, "entropy_weight_restaurant": 0.21044731073303888, "entropy_weight_taxi": 0.78955268926696109, "rank_v2": 60 }, "geometry": { "type": "Polygon", "coordinates": [ [ [ -73.867381019546514, 40.831008954707364 ], [ -73.867418644506373, 40.831016730420849 ], [ -73.867454947378363, 40.831027540174944 ], [ -73.867489505458764, 40.831041258103198 ], [ -73.870317098959347, 40.832315653632705 ], [ -73.870347670558445, 40.832331077654942 ], [ -73.870376024706488, 40.832348777444331 ], [ -73.870401868924446, 40.832368570424947 ], [ -73.870424936623039, 40.832390252429221 ], [ -73.870444989852359, 40.832413599803772 ], [ -73.870461821756678, 40.832438371716393 ], [ -73.870475258708126, 40.832464312640262 ], [ -73.870485162097921, 40.832491154989746 ], [ -73.870491429766204, 40.832518621880389 ], [ -73.870493997056116, 40.832546429985278 ], [ -73.870552509617028, 40.834860329804002 ], [ -73.87055151597788, 40.834886610405576 ], [ -73.870547216214277, 40.834912698228713 ], [ -73.870539649775409, 40.834938353901123 ], [ -73.8705288860845, 40.834963342015627 ], [ -73.870515023901831, 40.834987433289974 ], [ -73.870498190418886, 40.83501040667069 ], [ -73.87047854009117, 40.835032051361729 ], [ -73.870456253221164, 40.835052168758232 ], [ -73.870431534303975, 40.835070574269274 ], [ -73.870404610150999, 40.835087099011453 ], [ -73.870375727808764, 40.835101591358686 ], [ -73.870345152292103, 40.835113918333292 ], [ -73.860918524906381, 40.838484730772819 ], [ -73.860884534553449, 40.838495315808906 ], [ -73.86084930487435, 40.838503225397766 ], [ -73.860813199909472, 40.838508377806768 ], [ -73.860776592744244, 40.838510719794243 ], [ -73.860739861653656, 40.838510227159595 ], [ -73.846077401589042, 40.83774522404655 ], [ -73.846042239836635, 40.837742066851362 ], [ -73.846007653630949, 40.837736311595513 ], [ -73.84597397495844, 40.837728013522629 ], [ -73.845941527094041, 40.837717252284371 ], [ -73.84591062149795, 40.837704131175812 ], [ -73.845881554825965, 40.837688776143899 ], [ -73.845854606081843, 40.837671334578445 ], [ -73.845830033939208, 40.837651973897408 ], [ -73.845808074258571, 40.837630879939773 ], [ -73.845788937823372, 40.837608255181614 ], [ -73.845772808316823, 40.837584316792729 ], [ -73.84575984055877, 40.837559294551838 ], [ -73.845750159019801, 40.837533428640967 ], [ -73.845743856626555, 40.837506967340197 ], [ -73.84574099386991, 40.837480164644134 ], [ -73.84574159822445, 40.837453277824132 ], [ -73.845745663885012, 40.837426564958697 ], [ -73.845753151822436, 40.837400282456322 ], [ -73.84599295512794, 40.83672138317381 ], [ -73.846004473684658, 40.836694421766488 ], [ -73.846572407096033, 40.835566997224248 ], [ -73.858985911614297, 40.829638341391664 ], [ -73.867381019546514, 40.831008954707364 ] ] ] } },
{ "type": "Feature", "properties": { "dining_cluster_id": 152, "taxi_hotspot_id": 33, "n_restaurants": 74, "n_taxi_dropoffs": 120, "taxi_weight": 77.5, "avg_rating": 4.1074074074074076, "dining_area_sqm": 10854025.961450238, "taxi_area_sqm": 13247078.514049068, "intersection_area_sqm": 10038071.711754942, "overlap_ratio_dining": 0.9248247376048957, "overlap_ratio_taxi": 0.75775739542187792, "min_overlap_ratio": 0.75775739542187792, "restaurant_density": 7.3719337861815974, "taxi_density": 7.7206063301226191, "restaurant_score": 3.5106924708653717, "taxi_score": 0.13406077747781531, "popularity_score": 1.8223766241715935, "rank": 61, "restaurant_score_v2": 1.4685393628438854, "taxi_score_v2": 0.076562500477527273, "popularity_score_v2": 0.24487619433096364, "entropy_weight_restaurant": 0.21044731073303888, "entropy_weight_taxi": 0.78955268926696109, "rank_v2": 61 }, "geometry": { "type": "Polygon", "coordinates": [ [ [ -73.957759537864931, 40.648562290825566 ], [ -73.957783619035865, 40.648544037250694 ], [ -73.957809850041571, 40.648527592063246 ], [ -73.957837997739787, 40.64851310142776 ], [ -73.957867811953278, 40.648500694136736 ], [ -73.957899027693287, 40.648490480465782 ], [ -73.957931367514746, 40.648482551193695 ], [ -73.9579645439822, 40.648476976795585 ], [ -73.95799826222428, 40.648473806816469 ], [ -73.958032222554579, 40.648473069430999 ], [ -73.958066123135083, 40.648474771192973 ], [ -73.963225402316652, 40.648920469384848 ], [ -73.963259626696882, 40.648924703770888 ], [ -73.9632931583877, 40.648931423713691 ], [ -73.96332568697764, 40.648940567005035 ], [ -73.963356911340711, 40.648952049003121 ], [ -73.96338654242426, 40.648965763416165 ], [ -73.963414305924445, 40.648981583286165 ], [ -73.963439944825637, 40.648999362164353 ], [ -73.963463221779648, 40.649018935466714 ], [ -73.963483921302924, 40.649040121997565 ], [ -73.963501851771397, 40.649062725627047 ], [ -73.963516847194384, 40.649086537106491 ], [ -73.963528768751416, 40.649111336005589 ], [ -73.963537506077301, 40.649136892752956 ], [ -73.963542978284011, 40.649162970761296 ], [ -73.963545134709619, 40.64918932861756 ], [ -73.963543955387408, 40.649215722317713 ], [ -73.962108053511074, 40.662496854518331 ], [ -73.959668162032017, 40.662969034100193 ], [ -73.95961594464184, 40.662977076581157 ], [ -73.959562941331669, 40.66298116666087 ], [ -73.959509666729247, 40.662981264627362 ], [ -73.959456638096498, 40.662977369529457 ], [ -73.959404370307041, 40.662969519185935 ], [ -73.959353370846756, 40.66295778981862 ], [ -73.959304134886253, 40.662942295311915 ], [ -73.959257140472815, 40.66292318610725 ], [ -73.959212843888707, 40.662900647742248 ], [ -73.958631250706134, 40.662572050001351 ], [ -73.955231126401415, 40.658644879095441 ], [ -73.954474373460982, 40.653031331299907 ], [ -73.955678282014119, 40.650758029797693 ], [ -73.955684998661553, 40.650746160072025 ], [ -73.95580979946341, 40.650539160424756 ], [ -73.955827907477413, 40.650512953949885 ], [ -73.955849617023048, 40.650488385862857 ], [ -73.95773782056385, 40.648582190550258 ], [ -73.957759537864931, 40.648562290825566 ] ] ] } },
{ "type": "Feature", "properties": { "dining_cluster_id": 80, "taxi_hotspot_id": 13, "n_restaurants": 65, "n_taxi_dropoffs": 78, "taxi_weight": 51.6, "avg_rating": 4.0083333333333337, "dining_area_sqm": 15093528.225769376, "taxi_area_sqm": 25530950.738266274, "intersection_area_sqm": 11760453.446837109, "overlap_ratio_dining": 0.7791719252731335, "overlap_ratio_taxi": 0.46063515485188405, "min_overlap_ratio": 0.46063515485188405, "restaurant_density": 5.5269977721378849, "taxi_density": 4.3875859237279204, "restaurant_score": 2.6320894934658026, "taxi_score": 0.076186138113370397, "popularity_score": 1.3541378157895865, "rank": 62, "restaurant_score_v2": 0.27176033884697132, "taxi_score_v2": 0.014782709849240412, "popularity_score_v2": 0.045555738249500613, "entropy_weight_restaurant": 0.21044731073303888, "entropy_weight_taxi": 0.78955268926696109, "rank_v2": 62 }, "geometry": { "type": "Polygon", "coordinates": [ [ [ -73.910289387026324, 40.844537438017205 ], [ -73.910322400127342, 40.844546952865343 ], [ -73.910354033059392, 40.844558868681595 ], [ -73.910383983893837, 40.84457307173259 ], [ -73.910411966756683, 40.844589426454085 ], [ -73.910437714557133, 40.844607776744347 ], [ -73.910460981536929, 40.844627947454427 ], [ -73.91048154561598, 40.84464974605978 ], [ -73.910499210512199, 40.844672964497676 ], [ -73.910513807614947, 40.844697381153345 ], [ -73.91509130264248, 40.853467880323635 ], [ -73.911865553117508, 40.854978601398152 ], [ -73.901327335631905, 40.856372898349193 ], [ -73.901291457625902, 40.856376250609273 ], [ -73.90125531805009, 40.856376865453008 ], [ -73.901219278291293, 40.856374736732121 ], [ -73.901183698738265, 40.856369885733301 ], [ -73.901148935177588, 40.856362360965292 ], [ -73.901115335235843, 40.856352237673903 ], [ -73.901083234903311, 40.856339617089475 ], [ -73.901052955174052, 40.856324625414537 ], [ -73.901024798836005, 40.856307412561868 ], [ -73.900999047443122, 40.856288150655281 ], [ -73.90097595849987, 40.856267032308402 ], [ -73.900955762886383, 40.856244268698568 ], [ -73.900938662549706, 40.856220087455064 ], [ -73.90092482848442, 40.856194730382761 ], [ -73.900914399022909, 40.856168451044205 ], [ -73.900907478452254, 40.856141512224077 ], [ -73.900904135971473, 40.856114183301251 ], [ -73.90063266867287, 40.851275771874811 ], [ -73.907233282702606, 40.84378406317235 ], [ -73.910289387026324, 40.844537438017205 ] ] ] } }
]
}
