{
"type": "FeatureCollection",
"name": "final_hotspots_v2",
"crs": { "type": "name", "properties": { "name": "urn:ogc:def:crs:OGC:1.3:CRS84" } },
"features": [
{ "type": "Feature", "properties": { "dining_cluster_id": 10, "taxi_hotspot_id": 7, "n_restaurants": 48, "n_taxi_dropoffs": 577, "taxi_weight": 380.4, "avg_rating": 2.5538461538461537, "bayesian_rating": 4.0069660081445644, "n_rated_restaurants": 0, "rating_coverage": null, "total_review_count": 0, "dining_area_sqm": 499310.78828817961, "taxi_area_sqm": 199438.41564207323, "intersection_area_sqm": 35138.410495078002, "overlap_ratio_dining": 0.070373825920215655, "overlap_ratio_taxi": 0.17618677114914491, "min_overlap_ratio": 0.070373825920215655, "airport_overlap_ratio": 0.99999999999999978, "is_airport": true, "airport_zone_id": 132.0, "peak_hour_ratio": 0.55066530194472874, "peak_weight": 215.2, "lunch_peak_ratio": 0.25409416581371547, "lunch_weight": 99.3, "peak_time_score": 54.4679276522346, "lunch_peak_score": 50.927886503451944, "distance_to_midtown_km": 21.311258512282699, "accessibility_proxy": 34.453385323720411, "restaurant_density": 1366.0265027276512, "taxi_density": 10825.760034116636, "restaurant_score": 60.403897345366715, "taxi_score": 17.453273686377653, "popularity_score": 38.928585515872186, "rank": 4, "restaurant_score_v2": 78.965122766944816, "taxi_score_v2": 18.564312609070956, "popularity_score_v2": 21.636181212855771, "entropy_weight_restaurant": 0.20005164229110195, "entropy_weight_taxi": 0.75057148244721517, "entropy_weight_peak_time": 0.03862928693469727, "entropy_weight_accessibility": 0.010747588326985616, "rank_v2": 4, "demand_score_v3": 96.774193548387103, "poi_score_v3": 75.504500958361717, "time_fit_score_v3": 54.4679276522346, "data_confidence_v3": 87.58064516129032, "area_quality_score_v3": 85.875714606752297, "product_weight_demand": 0.42875776396814919, "product_weight_poi": 0.22963833177845744, "product_weight_time": 0.19965786771492983, "product_weight_confidence": 0.14194603653846352, "rank_v3": 1 }, "geometry": { "type": "Polygon", "coordinates": [ [ [ -73.782424884013736, 40.645515252622559 ], [ -73.781200104720895, 40.645390059392852 ], [ -73.781148373912728, 40.645382804380297 ], [ -73.781097813853449, 40.645371753764508 ], [ -73.78104890335004, 40.64535701219566 ], [ -73.781002105587177, 40.645338719277433 ], [ -73.780957863740838, 40.645317048244969 ], [ -73.780916596781097, 40.645292204324093 ], [ -73.78087869550447, 40.645264422787903 ], [ -73.780844518832907, 40.645233966728469 ], [ -73.780814390415031, 40.645201124565368 ], [ -73.780788595561049, 40.645166207314134 ], [ -73.7807673785411, 40.645129545640977 ], [ -73.780750940272284, 40.645091486731161 ], [ -73.780739436416113, 40.645052391001187 ], [ -73.780732975904755, 40.645012628685549 ], [ -73.780731619909787, 40.644972576330638 ], [ -73.78073538126317, 40.644932613228804 ], [ -73.780758382412287, 40.644787613335353 ], [ -73.780767628301817, 40.644746741259745 ], [ -73.780782225699454, 40.644706785099828 ], [ -73.780802026468692, 40.644668150310736 ], [ -73.781034028785157, 40.644275151297833 ], [ -73.781058794029079, 40.644238279629626 ], [ -73.78108829723692, 40.644203489750588 ], [ -73.781122239847022, 40.644171133713229 ], [ -73.781160278375026, 40.644141538940502 ], [ -73.781202027890131, 40.644115004912742 ], [ -73.781247065910136, 40.644091800137112 ], [ -73.782277062466179, 40.64361680262575 ], [ -73.782310446613977, 40.643602610743081 ], [ -73.783378442290413, 40.643185613015881 ], [ -73.783414166520856, 40.643172895519534 ], [ -73.783787911833059, 40.643052293918643 ], [ -73.782424884013736, 40.645515252622559 ] ] ] } },
{ "type": "Feature", "properties": { "dining_cluster_id": 110, "taxi_hotspot_id": 61, "n_restaurants": 753, "n_taxi_dropoffs": 246900, "taxi_weight": 166776.3, "avg_rating": 4.2811518324607327, "bayesian_rating": 4.0069660081445644, "n_rated_restaurants": 0, "rating_coverage": null, "total_review_count": 0, "dining_area_sqm": 2996153.558880813, "taxi_area_sqm": 44086393.44006034, "intersection_area_sqm": 2996153.5588808148, "overlap_ratio_dining": 1.0000000000000007, "overlap_ratio_taxi": 0.067960958588149684, "min_overlap_ratio": 0.067960958588149684, "airport_overlap_ratio": 0.0, "is_airport": false, "airport_zone_id": null, "peak_hour_ratio": 0.6112568019794471, "peak_weight": 103164.5, "lunch_peak_ratio": 0.19652921296120737, "lunch_weight": 33169.1, "peak_time_score": 63.787285913065951, "lunch_peak_score": 36.073573599769098, "distance_to_midtown_km": 3.9921556954893567, "accessibility_proxy": 81.905193472699949, "restaurant_density": 251.32223205584833, "taxi_density": 55663.468751680972, "restaurant_score": 11.113138929147516, "taxi_score": 89.740558759345504, "popularity_score": 50.426848844246507, "rank": 3, "restaurant_score_v2": 11.824025634955575, "taxi_score_v2": 95.728856201747917, "popularity_score_v2": 86.596335213803982, "entropy_weight_restaurant": 0.20005164229110195, "entropy_weight_taxi": 0.75057148244721517, "entropy_weight_peak_time": 0.03862928693469727, "entropy_weight_accessibility": 0.010747588326985616, "rank_v2": 2, "demand_score_v3": 98.387096774193552, "poi_score_v3": 49.698049345458486, "time_fit_score_v3": 63.787285913065951, "data_confidence_v3": 99.43548387096773, "area_quality_score_v3": 83.462014999203902, "product_weight_demand": 0.42875776396814919, "product_weight_poi": 0.22963833177845744, "product_weight_time": 0.19965786771492983, "product_weight_confidence": 0.14194603653846352, "rank_v3": 2 }, "geometry": { "type": "Polygon", "coordinates": [ [ [ -73.994222880202457, 40.71217292553581 ], [ -73.994261354046841, 40.712174595827115 ], [ -73.994299374158985, 40.712179379790399 ], [ -73.998695857342256, 40.712917976846626 ], [ -73.998728950413167, 40.712924805596231 ], [ -73.99876104187976, 40.712933994423103 ], [ -73.99879184177459, 40.712945460300368 ], [ -73.998821071799995, 40.712959099626381 ], [ -73.998848467842663, 40.712974789160917 ], [ -73.998873782359979, 40.712992387138776 ], [ -73.998896786616768, 40.713011734550534 ], [ -73.998917272752067, 40.713032656579301 ], [ -73.99893505565727, 40.713054964180436 ], [ -74.002936774439235, 40.7186588532606 ], [ -74.002951917426941, 40.718682740574316 ], [ -74.002963959758844, 40.718707628338436 ], [ -74.002972789003891, 40.718733284200091 ], [ -74.002978322728126, 40.71875946863517 ], [ -74.002980509264574, 40.718785937184471 ], [ -74.002979328195579, 40.718812442736073 ], [ -74.002974790543689, 40.718838737832208 ], [ -74.002966938668891, 40.718864576979719 ], [ -74.002955845873188, 40.718889718941888 ], [ -74.002941615716466, 40.718913928990766 ], [ -74.002924381049795, 40.718936981098594 ], [ -74.002904302775107, 40.718958660048045 ], [ -73.989797624176944, 40.731746692141087 ], [ -73.989777710973001, 40.731764497491739 ], [ -73.987818904006403, 40.733371858430012 ], [ -73.987793147018877, 40.733390984587324 ], [ -73.987765013103086, 40.733408063487445 ], [ -73.987734782227861, 40.733422925172277 ], [ -73.987702755230174, 40.733435421747863 ], [ -73.987669250821497, 40.733445428856236 ], [ -73.987634602416065, 40.733452846912954 ], [ -73.987599154812784, 40.733457602098113 ], [ -73.987563260764034, 40.733459647091166 ], [ -73.987527277465048, 40.73345896154153 ], [ -73.98749156299931, 40.733455552271408 ], [ -73.985964664862863, 40.733250494968722 ], [ -73.985948393855921, 40.733248014950526 ], [ -73.982010978828029, 40.73257581227373 ], [ -73.981976701428835, 40.732568593083045 ], [ -73.981943524901837, 40.732558841844742 ], [ -73.981911771608097, 40.732546653307196 ], [ -73.981881750079268, 40.732532145900983 ], [ -73.981853752019688, 40.732515460587983 ], [ -73.981828049472, 40.732496759491639 ], [ -73.981804892173741, 40.732476224321758 ], [ -73.981784505130932, 40.732454054608759 ], [ -73.98176708643166, 40.732430465764942 ], [ -73.980393494063719, 40.730334561948496 ], [ -73.980373900742194, 40.730298425605888 ], [ -73.978117524447029, 40.725117318955618 ], [ -73.978108084616139, 40.725091473187391 ], [ -73.978102006110717, 40.725065049814596 ], [ -73.978099346985658, 40.725038301220344 ], [ -73.97810013263549, 40.725011482893834 ], [ -73.97810435555192, 40.724984850989934 ], [ -73.978111975395791, 40.724958659882709 ], [ -73.978612482130643, 40.723564961381875 ], [ -73.978625003102763, 40.723536371772404 ], [ -73.978641568126918, 40.723508998752941 ], [ -73.978661977524979, 40.723483172275373 ], [ -73.987552201614932, 40.713514695120338 ], [ -73.987572771570285, 40.713493833034988 ], [ -73.987595850894053, 40.713474550707794 ], [ -73.987621231204997, 40.713457022235552 ], [ -73.987648683347174, 40.713441405879671 ], [ -73.989299180289649, 40.712592408750503 ], [ -73.989329462880875, 40.712578428583235 ], [ -73.989361401378574, 40.712566775761339 ], [ -73.989394687827854, 40.712557562642466 ], [ -73.989429001277188, 40.712550878060391 ], [ -73.989464010872936, 40.712546786468408 ], [ -73.994184391746515, 40.712174387980298 ], [ -73.994222880202457, 40.71217292553581 ] ] ] } },
{ "type": "Feature", "properties": { "dining_cluster_id": 136, "taxi_hotspot_id": 42, "n_restaurants": 117, "n_taxi_dropoffs": 2044, "taxi_weight": 1293.3, "avg_rating": 4.3255555555555558, "bayesian_rating": 4.0069660081445644, "n_rated_restaurants": 0, "rating_coverage": null, "total_review_count": 0, "dining_area_sqm": 437572.78199535958, "taxi_area_sqm": 7332561.1583231539, "intersection_area_sqm": 437572.78199535963, "overlap_ratio_dining": 1.0000000000000002, "overlap_ratio_taxi": 0.059675299332303956, "min_overlap_ratio": 0.059675299332303956, "airport_overlap_ratio": 0.0, "is_airport": false, "airport_zone_id": null, "peak_hour_ratio": 0.71022011413325437, "peak_weight": 958.3, "lunch_peak_ratio": 0.11502260431334768, "lunch_weight": 155.2, "peak_time_score": 79.00847304511187, "lunch_peak_score": 15.041250830819255, "distance_to_midtown_km": 6.669147898214983, "accessibility_proxy": 71.644242208306892, "restaurant_density": 267.38408971982346, "taxi_density": 2955.6225917491256, "restaurant_score": 11.823373173924885, "taxi_score": 4.765050199235052, "popularity_score": 8.2942116865799687, "rank": 27, "restaurant_score_v2": 12.79146675266764, "taxi_score_v2": 5.0200084703978289, "popularity_score_v2": 5.4289319362347399, "entropy_weight_restaurant": 0.20005164229110195, "entropy_weight_taxi": 0.75057148244721517, "entropy_weight_peak_time": 0.03862928693469727, "entropy_weight_accessibility": 0.010747588326985616, "rank_v2": 18, "demand_score_v3": 85.483870967741936, "poi_score_v3": 52.923855797071383, "time_fit_score_v3": 79.00847304511187, "data_confidence_v3": 92.661290322580641, "area_quality_score_v3": 81.045497816468796, "product_weight_demand": 0.42875776396814919, "product_weight_poi": 0.22963833177845744, "product_weight_time": 0.19965786771492983, "product_weight_confidence": 0.14194603653846352, "rank_v3": 3 }, "geometry": { "type": "Polygon", "coordinates": [ [ [ -73.904397701510362, 40.769929017115018 ], [ -73.904429046335736, 40.769922018561331 ], [ -73.904461094959871, 40.76991720282561 ], [ -73.904493584964712, 40.769914609339743 ], [ -73.904526250318341, 40.769914259339437 ], [ -73.906796940973493, 40.769968059120039 ], [ -73.906831147334898, 40.769970109498018 ], [ -73.906864943174924, 40.769974619469878 ], [ -73.906898023218901, 40.769981548297459 ], [ -73.906930088657589, 40.769990833393315 ], [ -73.906960849846328, 40.770002390886035 ], [ -73.9069900289212, 40.770016116377718 ], [ -73.913493217236081, 40.773409904960914 ], [ -73.913522185071429, 40.773426716699831 ], [ -73.913548775959143, 40.773445662885294 ], [ -73.913572718961703, 40.773466550474069 ], [ -73.913593770120315, 40.773489166641596 ], [ -73.915337075834955, 40.775578162075476 ], [ -73.915354005612542, 40.775600745737819 ], [ -73.915368049250759, 40.77562444558626 ], [ -73.915379080794892, 40.775649049066722 ], [ -73.915387001304126, 40.775674335520499 ], [ -73.915391739738965, 40.775700078163446 ], [ -73.915458542696854, 40.776252577957116 ], [ -73.915460055437194, 40.776278794992798 ], [ -73.915458267718222, 40.776305002024074 ], [ -73.915453195877916, 40.776330959488526 ], [ -73.91544488627494, 40.776356430104883 ], [ -73.915433414865134, 40.776381181041941 ], [ -73.915418886507254, 40.776404986046934 ], [ -73.915401434004565, 40.776427627513797 ], [ -73.915381216890992, 40.776448898472445 ], [ -73.915358419972847, 40.776468604480549 ], [ -73.915333251639453, 40.776486565401292 ], [ -73.915305941958422, 40.77650261704985 ], [ -73.915276740572409, 40.776516612694394 ], [ -73.915245914417071, 40.776528424397476 ], [ -73.915213745281036, 40.776537944185421 ], [ -73.915180527229793, 40.776545085035501 ], [ -73.915146563917588, 40.776549781671477 ], [ -73.911664649942011, 40.776901483093958 ], [ -73.911633010513185, 40.776903607066075 ], [ -73.911601247956142, 40.776903609023009 ], [ -73.911569608074828, 40.776901488949626 ], [ -73.910891505352893, 40.776833088672944 ], [ -73.910889203920036, 40.776832850791543 ], [ -73.90980189956727, 40.776717750326405 ], [ -73.909769090321731, 40.776713093001312 ], [ -73.909736986993153, 40.776706152474766 ], [ -73.909705863910887, 40.776696988054937 ], [ -73.909675987027583, 40.776685678053724 ], [ -73.909647611646491, 40.776672319117345 ], [ -73.909620980239836, 40.776657025400468 ], [ -73.909596320376778, 40.776639927590828 ], [ -73.905178920392558, 40.773279717899008 ], [ -73.905163155774162, 40.773266933890945 ], [ -73.902500057902756, 40.770964127686781 ], [ -73.902477940274423, 40.7709429884614 ], [ -73.902458662819811, 40.770920298815682 ], [ -73.902442412234862, 40.770896278495222 ], [ -73.902429345900359, 40.770871160132565 ], [ -73.902419590357624, 40.7708451869944 ], [ -73.902413240083291, 40.770818610625447 ], [ -73.902410356574322, 40.770791688412359 ], [ -73.902410967752687, 40.770764681090839 ], [ -73.902415067695017, 40.770737850220527 ], [ -73.902422616690188, 40.770711455651956 ], [ -73.902433541624049, 40.770685753009744 ], [ -73.902447736687705, 40.770660991217206 ], [ -73.902465064402293, 40.770637410085456 ], [ -73.902485356950692, 40.770615237991009 ], [ -73.902508417802707, 40.770594689663987 ], [ -73.902534023618628, 40.770575964108708 ], [ -73.902561926412133, 40.770559242676256 ], [ -73.902591855952053, 40.770544687308337 ], [ -73.902623522379443, 40.770532438968942 ], [ -73.904367317139162, 40.769938141181711 ], [ -73.904397701510362, 40.769929017115018 ] ] ] } },
{ "type": "Feature", "properties": { "dining_cluster_id": 73, "taxi_hotspot_id": 61, "n_restaurants": 363, "n_taxi_dropoffs": 246900, "taxi_weight": 166776.3, "avg_rating": 4.235403726708074, "bayesian_rating": 4.0069660081445644, "n_rated_restaurants": 0, "rating_coverage": null, "total_review_count": 0, "dining_area_sqm": 2688764.9450276601, "taxi_area_sqm": 44086393.44006034, "intersection_area_sqm": 2688764.9450276596, "overlap_ratio_dining": 0.99999999999999978, "overlap_ratio_taxi": 0.060988543975212944, "min_overlap_ratio": 0.060988543975212944, "airport_overlap_ratio": 0.0, "is_airport": false, "airport_zone_id": null, "peak_hour_ratio": 0.6112568019794471, "peak_weight": 103164.5, "lunch_peak_ratio": 0.19652921296120737, "lunch_weight": 33169.1, "peak_time_score": 63.787285913065951, "lunch_peak_score": 36.073573599769098, "distance_to_midtown_km": 3.5828817852780879, "accessibility_proxy": 83.598543419252508, "restaurant_density": 135.0062230881494, "taxi_density": 62027.102930071989, "restaurant_score": 5.9697978217250753, "taxi_score": 100.0, "popularity_score": 52.98489891086254, "rank": 2, "restaurant_score_v2": 4.8180558350919966, "taxi_score_v2": 100.00000000000001, "popularity_score_v2": 86.717113634541832, "entropy_weight_restaurant": 0.20005164229110195, "entropy_weight_taxi": 0.75057148244721517, "entropy_weight_peak_time": 0.03862928693469727, "entropy_weight_accessibility": 0.010747588326985616, "rank_v2": 1, "demand_score_v3": 100.0, "poi_score_v3": 36.79482353900687, "time_fit_score_v3": 63.787285913065951, "data_confidence_v3": 99.43548387096773, "area_quality_score_v3": 79.587226669003499, "product_weight_demand": 0.42875776396814919, "product_weight_poi": 0.22963833177845744, "product_weight_time": 0.19965786771492983, "product_weight_confidence": 0.14194603653846352, "rank_v3": 4 }, "geometry": { "type": "Polygon", "coordinates": [ [ [ -73.982611086793327, 40.770833829498407 ], [ -73.98264278897291, 40.770823117329947 ], [ -73.98267569718773, 40.770814767947989 ], [ -73.982709507569808, 40.770808858448945 ], [ -73.982743907920991, 40.770805443400029 ], [ -73.982778580595735, 40.770804554334923 ], [ -73.98281320543397, 40.770806199463188 ], [ -73.982847462717345, 40.770810363593981 ], [ -73.982881036121242, 40.770817008276616 ], [ -73.982913615635724, 40.770826072155529 ], [ -73.982944900427839, 40.770837471536666 ], [ -73.982974601619404, 40.77085110116051 ], [ -73.983002444954465, 40.770866835173742 ], [ -73.98302817333159, 40.770884528291518 ], [ -73.983051549177915, 40.770904017138832 ], [ -73.983072356642893, 40.770925121759099 ], [ -73.983090403591333, 40.77094764727579 ], [ -73.983105523377759, 40.770971385691929 ], [ -73.983117576385126, 40.770996117810476 ], [ -73.98407218703808, 40.773287214987505 ], [ -73.984080307813528, 40.77331009121567 ], [ -73.98408580304617, 40.773333414658701 ], [ -73.984088631780466, 40.773357011500622 ], [ -73.984088772932665, 40.773380705887789 ], [ -73.983768806961706, 40.779670806879537 ], [ -73.98376525078497, 40.779700050439189 ], [ -73.983757604557923, 40.779728837770598 ], [ -73.983745955814612, 40.779756839296567 ], [ -73.983730437913081, 40.779783734435959 ], [ -73.968481120971987, 40.802773876659451 ], [ -73.968479580141064, 40.802776171873759 ], [ -73.966967988015483, 40.805001876037871 ], [ -73.966960365079231, 40.805012516777353 ], [ -73.966198068272192, 40.806022818827373 ], [ -73.966177586881471, 40.806046944341944 ], [ -73.966153900997838, 40.806069312249591 ], [ -73.965905101168346, 40.806280612824359 ], [ -73.965879750122014, 40.806300092399695 ], [ -73.96585196973939, 40.806317554676369 ], [ -73.965822036778533, 40.806332825687832 ], [ -73.965790249443003, 40.806345753297784 ], [ -73.965756924411011, 40.806356208715798 ], [ -73.965722393680494, 40.806364087780409 ], [ -73.965687001261514, 40.80636931199691 ], [ -73.965651099748953, 40.806371829319311 ], [ -73.965615046809646, 40.80637161466899 ], [ -73.965579201619178, 40.806368670184298 ], [ -73.965543921283285, 40.806363025199566 ], [ -73.9655095572802, 40.806354735952645 ], [ -73.965476451958878, 40.806343885024646 ], [ -73.965444935128346, 40.806330580517212 ], [ -73.964108232264522, 40.805697978326613 ], [ -73.964077855544502, 40.805681904143725 ], [ -73.964049803351443, 40.805663552082365 ], [ -73.96402437028317, 40.805643114873135 ], [ -73.964001823431147, 40.805620807144294 ], [ -73.963982399575585, 40.8055968631678 ], [ -73.960886213884237, 40.801301654749736 ], [ -73.960871129395144, 40.801278130321769 ], [ -73.960859061608346, 40.801253621179114 ], [ -73.96085012021652, 40.801228350109625 ], [ -73.960844386493122, 40.801202546826786 ], [ -73.960841912553803, 40.801176445881723 ], [ -73.960842720882738, 40.801150284530955 ], [ -73.960846804128366, 40.80112430057973 ], [ -73.961318915226059, 40.798990002023061 ], [ -73.961326868483638, 40.79896266189531 ], [ -73.961338445762152, 40.798936079795595 ], [ -73.961353526573504, 40.798910532361788 ], [ -73.978519517601896, 40.773390179760177 ], [ -73.978536614044856, 40.77336748870281 ], [ -73.978556473325455, 40.773346137486968 ], [ -73.978578915183391, 40.7733263199124 ], [ -73.978603735917389, 40.773308215858172 ], [ -73.981208133977105, 40.771581921167403 ], [ -73.981212030641174, 40.77157937507576 ], [ -73.981657330245852, 40.771292575968666 ], [ -73.981698185235885, 40.771269804079303 ], [ -73.982580883381061, 40.770846805539406 ], [ -73.982611086793327, 40.770833829498407 ] ] ] } },
{ "type": "Feature", "properties": { "dining_cluster_id": 171, "taxi_hotspot_id": 44, "n_restaurants": 94, "n_taxi_dropoffs": 3442, "taxi_weight": 2358.5, "avg_rating": 4.2425531914893622, "bayesian_rating": 4.0069660081445644, "n_rated_restaurants": 0, "rating_coverage": null, "total_review_count": 0, "dining_area_sqm": 669784.41422708484, "taxi_area_sqm": 8264649.3126225919, "intersection_area_sqm": 669784.41422708472, "overlap_ratio_dining": 0.99999999999999978, "overlap_ratio_taxi": 0.081042085258732466, "min_overlap_ratio": 0.081042085258732466, "airport_overlap_ratio": 0.0, "is_airport": false, "airport_zone_id": null, "peak_hour_ratio": 0.8267447133022795, "peak_weight": 2005.6, "lunch_peak_ratio": 0.083927614493590014, "lunch_weight": 203.6, "peak_time_score": 96.930697865980903, "lunch_peak_score": 7.0173632806466433, "distance_to_midtown_km": 5.8410553739869933, "accessibility_proxy": 74.672913100868215, "restaurant_density": 140.34366581741645, "taxi_density": 3521.2822960678373, "restaurant_score": 6.2058125271950315, "taxi_score": 5.6770059050438881, "popularity_score": 5.9414092161194603, "rank": 35, "restaurant_score_v2": 5.1395417844605902, "taxi_score_v2": 5.9934942742213284, "popularity_score_v2": 6.0804338041098127, "entropy_weight_restaurant": 0.20005164229110195, "entropy_weight_taxi": 0.75057148244721517, "entropy_weight_peak_time": 0.03862928693469727, "entropy_weight_accessibility": 0.010747588326985616, "rank_v2": 15, "demand_score_v3": 88.709677419354833, "poi_score_v3": 38.407726764813319, "time_fit_score_v3": 96.930697865980903, "data_confidence_v3": 95.483870967741936, "area_quality_score_v3": 79.349616426443887, "product_weight_demand": 0.42875776396814919, "product_weight_poi": 0.22963833177845744, "product_weight_time": 0.19965786771492983, "product_weight_confidence": 0.14194603653846352, "rank_v3": 5 }, "geometry": { "type": "Polygon", "coordinates": [ [ [ -73.951045074367372, 40.70922108977615 ], [ -73.951081120180987, 40.709216962330061 ], [ -73.951117529366627, 40.709215624425902 ], [ -73.951153930082043, 40.709217089727517 ], [ -73.951189950571532, 40.709221343270038 ], [ -73.951225222962421, 40.70922834161253 ], [ -73.951259387022034, 40.709238013281805 ], [ -73.951292093836472, 40.709250259502326 ], [ -73.95132300937405, 40.709264955204887 ], [ -73.951351817896608, 40.709281950303911 ], [ -73.951378225184044, 40.709301071230257 ], [ -73.953248725758812, 40.710799567017936 ], [ -73.95327291530154, 40.710821063561866 ], [ -73.953294067399909, 40.710844341201216 ], [ -73.953311957182152, 40.710869152470885 ], [ -73.953326394457648, 40.71089523360137 ], [ -73.95333722573892, 40.710922307322946 ], [ -73.953344335873524, 40.710950085813224 ], [ -73.953347649268423, 40.710978273757142 ], [ -73.953347130693814, 40.711006571486166 ], [ -73.952782465902217, 40.717554473236149 ], [ -73.952782417967299, 40.717555020664555 ], [ -73.952768018838114, 40.717717020709159 ], [ -73.952763398794048, 40.717745997277511 ], [ -73.952754760613274, 40.71777443669761 ], [ -73.952742201981494, 40.717802017342791 ], [ -73.952725864921987, 40.717828427298166 ], [ -73.952358666684916, 40.718348328302611 ], [ -73.95233996150445, 40.718371895157247 ], [ -73.952318247521688, 40.718393917736499 ], [ -73.952293743194275, 40.718414174475214 ], [ -73.952266695053595, 40.718432461573833 ], [ -73.952237375224641, 40.718448595048841 ], [ -73.952206078688121, 40.718462412583847 ], [ -73.952173120312736, 40.7184737751627 ], [ -73.952138831687265, 40.718482568468126 ], [ -73.952103557784369, 40.718488704031863 ], [ -73.952067653489848, 40.718492120124907 ], [ -73.952031480031948, 40.718492782378327 ], [ -73.951995401347133, 40.718490684129328 ], [ -73.951959780418264, 40.718485846488079 ], [ -73.951924975622617, 40.718478318125456 ], [ -73.951891337126185, 40.718468174783297 ], [ -73.94424561442284, 40.715817464938254 ], [ -73.944239541057343, 40.7158153069932 ], [ -73.94415574081728, 40.715784806880954 ], [ -73.944121577881461, 40.715770600857077 ], [ -73.944089625975693, 40.715753676222917 ], [ -73.944060257270806, 40.715734230114883 ], [ -73.944033813847895, 40.71571248903912 ], [ -73.943175214868305, 40.71492528698721 ], [ -73.943152122164761, 40.714901638237272 ], [ -73.943132493802423, 40.714876242358628 ], [ -73.943116555930601, 40.714849391956562 ], [ -73.943104492176914, 40.714821396394761 ], [ -73.942120405648154, 40.712041693443631 ], [ -73.942112271391792, 40.712012464273208 ], [ -73.942108360397341, 40.711982735512436 ], [ -73.942108718999847, 40.711952859412229 ], [ -73.942113342944566, 40.711923189968651 ], [ -73.942200644915644, 40.711541890235743 ], [ -73.942208041975718, 40.711516669789368 ], [ -73.942218523161046, 40.711492090447564 ], [ -73.942231995568363, 40.711468370069269 ], [ -73.942248339782083, 40.711445718899604 ], [ -73.942267410932843, 40.711424337706646 ], [ -73.942289039981617, 40.711404416001891 ], [ -73.942313035218078, 40.711386130360566 ], [ -73.942339183959774, 40.711369642856461 ], [ -73.942367254437343, 40.711355099625727 ], [ -73.942396997848689, 40.711342629571277 ], [ -73.942428150564282, 40.711332343220676 ], [ -73.94389984571184, 40.710907844840847 ], [ -73.943920785249432, 40.710902358084063 ], [ -73.951009760057048, 40.709227964611188 ], [ -73.951045074367372, 40.70922108977615 ] ] ] } },
{ "type": "Feature", "properties": { "dining_cluster_id": 11, "taxi_hotspot_id": 8, "n_restaurants": 36, "n_taxi_dropoffs": 496, "taxi_weight": 337.6, "avg_rating": 2.5863636363636364, "bayesian_rating": 4.0069660081445644, "n_rated_restaurants": 0, "rating_coverage": null, "total_review_count": 0, "dining_area_sqm": 286184.75017867336, "taxi_area_sqm": 240226.54506258937, "intersection_area_sqm": 96610.129134264542, "overlap_ratio_dining": 0.33757958477503802, "overlap_ratio_taxi": 0.40216258827305468, "min_overlap_ratio": 0.33757958477503802, "airport_overlap_ratio": 1.0, "is_airport": true, "airport_zone_id": 132.0, "peak_hour_ratio": 0.52002338497515344, "peak_weight": 177.9, "lunch_peak_ratio": 0.33411283250511548, "lunch_weight": 114.3, "peak_time_score": 49.755005841840493, "lunch_peak_score": 71.57625420410875, "distance_to_midtown_km": 20.696754408865846, "accessibility_proxy": 35.528403158221387, "restaurant_density": 372.63173460795991, "taxi_density": 3494.4576001013129, "restaurant_score": 16.477285762714601, "taxi_score": 5.6337591714397632, "popularity_score": 11.055522467077182, "rank": 19, "restaurant_score_v2": 19.130764568480906, "taxi_score_v2": 5.9473296623249503, "popularity_score_v2": 6.6129034488594858, "entropy_weight_restaurant": 0.20005164229110195, "entropy_weight_taxi": 0.75057148244721517, "entropy_weight_peak_time": 0.03862928693469727, "entropy_weight_accessibility": 0.010747588326985616, "rank_v2": 14, "demand_score_v3": 87.096774193548384, "poi_score_v3": 60.181920313200415, "time_fit_score_v3": 49.755005841840493, "data_confidence_v3": 84.193548387096769, "area_quality_score_v3": 78.829319951090383, "product_weight_demand": 0.42875776396814919, "product_weight_poi": 0.22963833177845744, "product_weight_time": 0.19965786771492983, "product_weight_confidence": 0.14194603653846352, "rank_v3": 6 }, "geometry": { "type": "Polygon", "coordinates": [ [ [ -73.793865984352877, 40.645331132125698 ], [ -73.792252683023719, 40.645556938632453 ], [ -73.792191615143381, 40.645562771936781 ], [ -73.792130072543102, 40.645563279596963 ], [ -73.792068853130417, 40.645558455031136 ], [ -73.790710845073534, 40.645391454021372 ], [ -73.790691052134221, 40.645388731133806 ], [ -73.790221396338566, 40.645317222905881 ], [ -73.79023776895356, 40.642553861755751 ], [ -73.790239747904366, 40.642526346978286 ], [ -73.790245338676598, 40.642499122007592 ], [ -73.790254484916687, 40.642472461243194 ], [ -73.79026709443589, 40.642446633397824 ], [ -73.790283040139627, 40.642421898788825 ], [ -73.790302161308645, 40.642398506714734 ], [ -73.790324265218914, 40.642376692942385 ], [ -73.790349129084291, 40.642356677330859 ], [ -73.790376502301982, 40.642338661615597 ], [ -73.790406108978317, 40.642322827375047 ], [ -73.791483637562351, 40.641806024361451 ], [ -73.792818093229783, 40.642418051519037 ], [ -73.793865984352877, 40.645331132125698 ] ] ] } },
{ "type": "Feature", "properties": { "dining_cluster_id": 159, "taxi_hotspot_id": 44, "n_restaurants": 49, "n_taxi_dropoffs": 3442, "taxi_weight": 2358.5, "avg_rating": 4.33, "bayesian_rating": 4.0069660081445644, "n_rated_restaurants": 0, "rating_coverage": null, "total_review_count": 0, "dining_area_sqm": 513594.22669296275, "taxi_area_sqm": 8264649.3126225919, "intersection_area_sqm": 512695.83517227235, "overlap_ratio_dining": 0.99825077566296816, "overlap_ratio_taxi": 0.062034796127312074, "min_overlap_ratio": 0.062034796127312074, "airport_overlap_ratio": 0.0, "is_airport": false, "airport_zone_id": null, "peak_hour_ratio": 0.8267447133022795, "peak_weight": 2005.6, "lunch_peak_ratio": 0.083927614493590014, "lunch_weight": 203.6, "peak_time_score": 96.930697865980903, "lunch_peak_score": 7.0173632806466433, "distance_to_midtown_km": 3.8330558266686716, "accessibility_proxy": 82.559347194172105, "restaurant_density": 95.573235900259206, "taxi_density": 4600.1934055257416, "restaurant_score": 4.226122933015124, "taxi_score": 7.4164247372828287, "popularity_score": 5.8212738351489763, "rank": 38, "restaurant_score_v2": 2.4429200321305529, "taxi_score_v2": 7.8502725467866883, "popularity_score_v2": 7.8382498168578891, "entropy_weight_restaurant": 0.20005164229110195, "entropy_weight_taxi": 0.75057148244721517, "entropy_weight_peak_time": 0.03862928693469727, "entropy_weight_accessibility": 0.010747588326985616, "rank_v2": 12, "demand_score_v3": 91.935483870967744, "poi_score_v3": 31.14966224868429, "time_fit_score_v3": 96.930697865980903, "data_confidence_v3": 95.483870967741936, "area_quality_score_v3": 78.089899898194531, "product_weight_demand": 0.42875776396814919, "product_weight_poi": 0.22963833177845744, "product_weight_time": 0.19965786771492983, "product_weight_confidence": 0.14194603653846352, "rank_v3": 7 }, "geometry": { "type": "Polygon", "coordinates": [ [ [ -73.952467710573075, 40.727548784197197 ], [ -73.952471230383338, 40.72752241743872 ], [ -73.952478076399984, 40.727496431838837 ], [ -73.952488184792941, 40.72747106966429 ], [ -73.952501461316984, 40.72744656736932 ], [ -73.95251778219037, 40.727423153391108 ], [ -73.952536995249133, 40.727401046020212 ], [ -73.952558921365664, 40.727380451365292 ], [ -73.95258335611895, 40.727361561431707 ], [ -73.95261007170032, 40.727344552331409 ], [ -73.952638819037432, 40.727329582641133 ], [ -73.952669330116308, 40.727316791923933 ], [ -73.952701320480102, 40.727306299428157 ], [ -73.95273449188096, 40.727298202975753 ], [ -73.952768535060571, 40.727292578050147 ], [ -73.952803132633306, 40.727289477092647 ], [ -73.952837962045095, 40.727288929013611 ], [ -73.952872698580492, 40.727290938922806 ], [ -73.952907018389936, 40.727295488081744 ], [ -73.957211201963474, 40.728030385155236 ], [ -73.957247964531149, 40.728038236583636 ], [ -73.957283430507573, 40.728048999689619 ], [ -73.957317202664228, 40.728062553923728 ], [ -73.959706597228632, 40.729148150119876 ], [ -73.959731023988184, 40.729160293248484 ], [ -73.959754080977206, 40.729173898269181 ], [ -73.960368780415507, 40.729567897039495 ], [ -73.960393906867409, 40.729585620528333 ], [ -73.960416709908969, 40.729605077336657 ], [ -73.960436983872597, 40.729626091979306 ], [ -73.960454545900419, 40.729648474920552 ], [ -73.960469237593657, 40.729672024283516 ], [ -73.960480926441321, 40.729696527670789 ], [ -73.960489507015424, 40.729721764080196 ], [ -73.960494901921933, 40.729747505898033 ], [ -73.960497062499059, 40.729773520951888 ], [ -73.960495969256144, 40.729799574604691 ], [ -73.960491632049667, 40.72982543187095 ], [ -73.96048408999448, 40.729850859536199 ], [ -73.960473411111082, 40.729875628260416 ], [ -73.959706417722785, 40.731405130485307 ], [ -73.95968746960655, 40.731436744908088 ], [ -73.955385390465239, 40.737555256684864 ], [ -73.955367738451201, 40.737577714799194 ], [ -73.955347355179981, 40.73759879233986 ], [ -73.955324425889842, 40.737618297756732 ], [ -73.955299158957573, 40.737636053786616 ], [ -73.955271784004736, 40.737651899064588 ], [ -73.955242549810947, 40.737665689590209 ], [ -73.955211722052923, 40.737677300036431 ], [ -73.955179580890018, 40.73768662488844 ], [ -73.955146418418167, 40.737693579402773 ], [ -73.955112536015122, 40.737698100377273 ], [ -73.953657419865038, 40.737838259029566 ], [ -73.953644897085013, 40.737831878808741 ], [ -73.953037269040323, 40.737489644460823 ], [ -73.952467549788821, 40.727575286293607 ], [ -73.952467710573075, 40.727548784197197 ] ] ] } },
{ "type": "Feature", "properties": { "dining_cluster_id": 139, "taxi_hotspot_id": 47, "n_restaurants": 195, "n_taxi_dropoffs": 535, "taxi_weight": 354.1, "avg_rating": 4.1066666666666674, "bayesian_rating": 4.0069660081445644, "n_rated_restaurants": 0, "rating_coverage": null, "total_review_count": 0, "dining_area_sqm": 1303201.8346095232, "taxi_area_sqm": 2843498.1641887468, "intersection_area_sqm": 196316.03788652882, "overlap_ratio_dining": 0.15064131485461787, "overlap_ratio_taxi": 0.069040325173741757, "min_overlap_ratio": 0.069040325173741757, "airport_overlap_ratio": 0.0, "is_airport": false, "airport_zone_id": null, "peak_hour_ratio": 0.68557692307692308, "peak_weight": 285.2, "lunch_peak_ratio": 0.15072115384615387, "lunch_weight": 62.7, "peak_time_score": 75.218193451233617, "lunch_peak_score": 24.253061119739176, "distance_to_midtown_km": 7.0539591754620057, "accessibility_proxy": 70.278943270562095, "restaurant_density": 993.29633024027567, "taxi_density": 1803.7242591696495, "restaurant_score": 43.922258788946252, "taxi_score": 2.9079614780705283, "popularity_score": 23.415110133508389, "rank": 9, "restaurant_score_v2": 56.514762278134846, "taxi_score_v2": 3.0376210638834205, "popularity_score_v2": 9.0132149754305981, "entropy_weight_restaurant": 0.20005164229110195, "entropy_weight_taxi": 0.75057148244721517, "entropy_weight_peak_time": 0.03862928693469727, "entropy_weight_accessibility": 0.010747588326985616, "rank_v2": 9, "demand_score_v3": 77.41935483870968, "poi_score_v3": 71.472242893845575, "time_fit_score_v3": 75.218193451233617, "data_confidence_v3": 85.887096774193537, "area_quality_score_v3": 77.639355031377221, "product_weight_demand": 0.42875776396814919, "product_weight_poi": 0.22963833177845744, "product_weight_time": 0.19965786771492983, "product_weight_confidence": 0.14194603653846352, "rank_v3": 8 }, "geometry": { "type": "Polygon", "coordinates": [ [ [ -73.9067492579494, 40.743638028188215 ], [ -73.906782321462927, 40.743640374439728 ], [ -73.906814961446401, 40.74364502224811 ], [ -73.906846901537989, 40.743651932260555 ], [ -73.906877871301631, 40.743661045970121 ], [ -73.906907608516732, 40.743672286211357 ], [ -73.907016908244699, 40.743718486046554 ], [ -73.907046910295207, 40.743732672130228 ], [ -73.907074944924318, 40.743749021306542 ], [ -73.907100743483682, 40.74376737690671 ], [ -73.907124058751961, 40.743787563034729 ], [ -73.907144667303726, 40.743809386253183 ], [ -73.907162371650671, 40.743832637436633 ], [ -73.907177002134034, 40.743857093775752 ], [ -73.907450404354265, 40.744380692987093 ], [ -73.907462322995485, 40.744407460197159 ], [ -73.907470559620819, 40.744435017620468 ], [ -73.907475026908031, 40.744463073117053 ], [ -73.907475677493991, 40.74449132926641 ], [ -73.907429783044307, 40.745517729408789 ], [ -73.907427012526057, 40.745543594538312 ], [ -73.907421042566099, 40.745569145062987 ], [ -73.907411926527331, 40.745594152582143 ], [ -73.907399745896257, 40.745618393548888 ], [ -73.907384609554654, 40.745641651268436 ], [ -73.907366652806388, 40.745663717835271 ], [ -73.907346036168036, 40.745684395991532 ], [ -73.907170136368848, 40.745844496410463 ], [ -73.9071476191221, 40.745863167494242 ], [ -73.907122934139664, 40.745880179958135 ], [ -73.907096291744281, 40.74589538885018 ], [ -73.907067918937059, 40.745908664585485 ], [ -73.907038057463225, 40.745919894050125 ], [ -73.907006961752373, 40.745928981565136 ], [ -73.90037620878303, 40.747603809285359 ], [ -73.899752435081197, 40.746776871882929 ], [ -73.899728002334754, 40.74674038996092 ], [ -73.89970845465821, 40.746702242874179 ], [ -73.899693985346971, 40.746662807853134 ], [ -73.89968473747642, 40.746622474863912 ], [ -73.899680802487453, 40.74658164275175 ], [ -73.899682219282582, 40.746540715296788 ], [ -73.899688973841606, 40.746500097221343 ], [ -73.899700999360689, 40.746460190187641 ], [ -73.899718176913311, 40.746421388825844 ], [ -73.89974033662665, 40.74638407683171 ], [ -73.899767259361738, 40.746348623172487 ], [ -73.901907269387124, 40.743828631541653 ], [ -73.9019421562639, 40.743792109882044 ], [ -73.901982090586984, 40.743758712707262 ], [ -73.902026592250948, 40.743728841524671 ], [ -73.90207512624329, 40.743702855450906 ], [ -73.902500124885862, 40.743500856499502 ], [ -73.902531720007147, 40.743487051634212 ], [ -73.9067492579494, 40.743638028188215 ] ] ] } },
{ "type": "Feature", "properties": { "dining_cluster_id": 11, "taxi_hotspot_id": 6, "n_restaurants": 36, "n_taxi_dropoffs": 272, "taxi_weight": 166.9, "avg_rating": 2.5863636363636364, "bayesian_rating": 4.0069660081445644, "n_rated_restaurants": 0, "rating_coverage": null, "total_review_count": 0, "dining_area_sqm": 286184.75017867336, "taxi_area_sqm": 85816.739912493184, "intersection_area_sqm": 15918.727053180361, "overlap_ratio_dining": 0.055623952859968399, "overlap_ratio_taxi": 0.1854967582014021, "min_overlap_ratio": 0.055623952859968399, "airport_overlap_ratio": 1.0, "is_airport": true, "airport_zone_id": 132.0, "peak_hour_ratio": 0.34645199761478834, "peak_weight": 58.1, "lunch_peak_ratio": 0.36493738819320221, "lunch_weight": 61.2, "peak_time_score": 23.058621997342147, "lunch_peak_score": 79.530357744869107, "distance_to_midtown_km": 20.597774986526034, "accessibility_proxy": 35.704668004339382, "restaurant_density": 2261.4873588656483, "taxi_density": 10484.506672074354, "restaurant_score": 100.0, "taxi_score": 16.903105540644646, "popularity_score": 58.451552770322323, "rank": 1, "restaurant_score_v2": 100.0, "taxi_score_v2": 17.977024349152718, "popularity_score_v2": 22.72704403191711, "entropy_weight_restaurant": 0.20005164229110195, "entropy_weight_taxi": 0.75057148244721517, "entropy_weight_peak_time": 0.03862928693469727, "entropy_weight_accessibility": 0.010747588326985616, "rank_v2": 3, "demand_score_v3": 95.161290322580655, "poi_score_v3": 76.310952571264934, "time_fit_score_v3": 23.058621997342147, "data_confidence_v3": 74.032258064516128, "area_quality_score_v3": 77.534163724981752, "product_weight_demand": 0.42875776396814919, "product_weight_poi": 0.22963833177845744, "product_weight_time": 0.19965786771492983, "product_weight_confidence": 0.14194603653846352, "rank_v3": 9 }, "geometry": { "type": "Polygon", "coordinates": [ [ [ -73.790219426444693, 40.64564965319903 ], [ -73.79060880206822, 40.645577844401572 ], [ -73.790662059455542, 40.645570152666735 ], [ -73.790716060444041, 40.64556656259856 ], [ -73.790770261959466, 40.645567110301485 ], [ -73.790824118911218, 40.645571790267354 ], [ -73.790877089673515, 40.645580555430961 ], [ -73.790928641532361, 40.645593317643261 ], [ -73.790978256042564, 40.645609948557833 ], [ -73.791025434241305, 40.645630280921559 ], [ -73.791069701666032, 40.645654110256579 ], [ -73.791110613125753, 40.645681196916556 ], [ -73.79114775717828, 40.645711268496626 ], [ -73.79118076026792, 40.645744022572906 ], [ -73.791209290482371, 40.645779129743637 ], [ -73.791233060890846, 40.645816236941933 ], [ -73.791251832429865, 40.645854970986392 ], [ -73.791265416307752, 40.645894942333918 ], [ -73.791424420775442, 40.646482941607445 ], [ -73.79143272177356, 40.646524053780304 ], [ -73.791435534302124, 40.646565594106967 ], [ -73.791432829643696, 40.646607138589253 ], [ -73.791424635394293, 40.646648263185789 ], [ -73.791411035182065, 40.646688548140283 ], [ -73.791392167814237, 40.646727582265711 ], [ -73.79136822586058, 40.646764967141678 ], [ -73.791339453688238, 40.646800321180855 ], [ -73.791306144967734, 40.646833283524153 ], [ -73.791268639675678, 40.64686351772405 ], [ -73.79122732062477, 40.646890715178749 ], [ -73.791195320563659, 40.646909715270517 ], [ -73.791169142380923, 40.646924318044896 ], [ -73.790208893678511, 40.647426942283651 ], [ -73.790219426444693, 40.64564965319903 ] ] ] } },
{ "type": "Feature", "properties": { "dining_cluster_id": 68, "taxi_hotspot_id": 60, "n_restaurants": 39, "n_taxi_dropoffs": 391, "taxi_weight": 257.4, "avg_rating": 4.0952380952380949, "bayesian_rating": 4.0069660081445644, "n_rated_restaurants": 0, "rating_coverage": null, "total_review_count": 0, "dining_area_sqm": 343854.89688449597, "taxi_area_sqm": 506240.41969777225, "intersection_area_sqm": 123054.39941795396, "overlap_ratio_dining": 0.35786722984866803, "overlap_ratio_taxi": 0.24307501856809058, "min_overlap_ratio": 0.24307501856809058, "airport_overlap_ratio": 0.0, "is_airport": false, "airport_zone_id": null, "peak_hour_ratio": 0.67659446450060179, "peak_weight": 224.9, "lunch_peak_ratio": 0.15854392298435621, "lunch_weight": 52.7, "peak_time_score": 73.83663416506559, "lunch_peak_score": 26.27168277743186, "distance_to_midtown_km": 5.9031316936398692, "accessibility_proxy": 74.441501435107213, "restaurant_density": 316.93300023785901, "taxi_density": 2091.7578015698691, "restaurant_score": 14.014360902588956, "taxi_score": 3.3723287123825072, "popularity_score": 8.6933448074857314, "rank": 24, "restaurant_score_v2": 15.77590693236724, "taxi_score_v2": 3.5333193828742009, "popularity_score_v2": 4.3635777278521806, "entropy_weight_restaurant": 0.20005164229110195, "entropy_weight_taxi": 0.75057148244721517, "entropy_weight_peak_time": 0.03862928693469727, "entropy_weight_accessibility": 0.010747588326985616, "rank_v2": 26, "demand_score_v3": 80.645161290322577, "poi_score_v3": 56.149662248684294, "time_fit_score_v3": 73.83663416506559, "data_confidence_v3": 81.935483870967744, "area_quality_score_v3": 77.518794157628193, "product_weight_demand": 0.42875776396814919, "product_weight_poi": 0.22963833177845744, "product_weight_time": 0.19965786771492983, "product_weight_confidence": 0.14194603653846352, "rank_v3": 10 }, "geometry": { "type": "Polygon", "coordinates": [ [ [ -73.942960148119113, 40.798619481847325 ], [ -73.942979770539438, 40.798642632171862 ], [ -73.942996241724117, 40.798667160159965 ], [ -73.943009395877425, 40.798692818923058 ], [ -73.943019100591187, 40.798719350190431 ], [ -73.943025258177357, 40.79874648690884 ], [ -73.943027806651685, 40.798773955930415 ], [ -73.943026720357693, 40.798801480762123 ], [ -73.942915026034754, 40.79985798110728 ], [ -73.942910519101105, 40.799884430550428 ], [ -73.942902655407821, 40.799910422725084 ], [ -73.942891509198915, 40.799935712216751 ], [ -73.942877185711779, 40.799960060245354 ], [ -73.942859820183699, 40.799983236919672 ], [ -73.942839576574997, 40.800005023408133 ], [ -73.942816646021129, 40.800025214004805 ], [ -73.942791245027962, 40.800043618071982 ], [ -73.942763613427658, 40.800060061839943 ], [ -73.942734012114158, 40.800074390047833 ], [ -73.942702720579902, 40.800086467409791 ], [ -73.942670034276773, 40.800096179892073 ], [ -73.942636261826394, 40.800103435790021 ], [ -73.942601722106119, 40.800108166593816 ], [ -73.942566741238096, 40.800110327635515 ], [ -73.942531649509874, 40.800109898510584 ], [ -73.938511233036891, 40.799911897704483 ], [ -73.938472138105041, 40.799908337257975 ], [ -73.938433785493928, 40.799901564047794 ], [ -73.938396631000046, 40.799891658569329 ], [ -73.938361116180531, 40.799878738542937 ], [ -73.937350164295381, 40.79945802267428 ], [ -73.93782966593065, 40.798759568984948 ], [ -73.937860558510195, 40.798720105621662 ], [ -73.939007563292279, 40.797425110046817 ], [ -73.939043166866455, 40.797389293997213 ], [ -73.939083689530023, 40.797356636335522 ], [ -73.939128649597791, 40.797327525251646 ], [ -73.939177512640853, 40.797302306778157 ], [ -73.940287508892794, 40.796794309441303 ], [ -73.940335201074447, 40.796774879847725 ], [ -73.940385205856359, 40.796759162848083 ], [ -73.940437024351922, 40.796747315246982 ], [ -73.940490139580618, 40.79673945524484 ], [ -73.940544021625371, 40.796735661258914 ], [ -73.940598132919249, 40.79673597114072 ], [ -73.940651933608294, 40.796740381798706 ], [ -73.940704886937155, 40.796748849228884 ], [ -73.941307702343366, 40.796869416009592 ], [ -73.942960148119113, 40.798619481847325 ] ] ] } },
{ "type": "Feature", "properties": { "dining_cluster_id": 158, "taxi_hotspot_id": 42, "n_restaurants": 95, "n_taxi_dropoffs": 2044, "taxi_weight": 1293.3, "avg_rating": 4.255, "bayesian_rating": 4.0069660081445644, "n_rated_restaurants": 0, "rating_coverage": null, "total_review_count": 0, "dining_area_sqm": 523437.56058660429, "taxi_area_sqm": 7332561.1583231539, "intersection_area_sqm": 523437.56058660417, "overlap_ratio_dining": 0.99999999999999978, "overlap_ratio_taxi": 0.071385365806659898, "min_overlap_ratio": 0.071385365806659898, "airport_overlap_ratio": 0.0, "is_airport": false, "airport_zone_id": null, "peak_hour_ratio": 0.71022011413325437, "peak_weight": 958.3, "lunch_peak_ratio": 0.11502260431334768, "lunch_weight": 155.2, "peak_time_score": 79.00847304511187, "lunch_peak_score": 15.041250830819255, "distance_to_midtown_km": 5.8899829158477575, "accessibility_proxy": 74.490458264449671, "restaurant_density": 181.49251630612014, "taxi_density": 2470.7818035653172, "restaurant_score": 8.0253606368667008, "taxi_score": 3.9833906257895411, "popularity_score": 6.0043756313281209, "rank": 33, "restaurant_score_v2": 7.6180278190271418, "taxi_score_v2": 4.1856099427883739, "popularity_score_v2": 4.4055563875888302, "entropy_weight_restaurant": 0.20005164229110195, "entropy_weight_taxi": 0.75057148244721517, "entropy_weight_peak_time": 0.03862928693469727, "entropy_weight_accessibility": 0.010747588326985616, "rank_v2": 24, "demand_score_v3": 82.258064516129039, "poi_score_v3": 44.859339668039127, "time_fit_score_v3": 79.00847304511187, "data_confidence_v3": 92.661290322580641, "area_quality_score_v3": 76.685529151017079, "product_weight_demand": 0.42875776396814919, "product_weight_poi": 0.22963833177845744, "product_weight_time": 0.19965786771492983, "product_weight_confidence": 0.14194603653846352, "rank_v3": 11 }, "geometry": { "type": "Polygon", "coordinates": [ [ [ -73.917459622061159, 40.760796848520108 ], [ -73.91749065806691, 40.760783544155785 ], [ -73.917523267770946, 40.760772630975261 ], [ -73.917557133497638, 40.760764215291829 ], [ -73.917591925335941, 40.760758379088777 ], [ -73.917627304353232, 40.760755179220766 ], [ -73.917662925896948, 40.760754646860015 ], [ -73.917698442951973, 40.760756787192676 ], [ -73.917733509521071, 40.760761579368186 ], [ -73.917767783995359, 40.760768976702508 ], [ -73.917800932482052, 40.76077890713286 ], [ -73.917832632057014, 40.760791273919665 ], [ -73.917862573910554, 40.760805956588953 ], [ -73.917890466355701, 40.760822812106021 ], [ -73.917916037669684, 40.760841676268647 ], [ -73.917939038741011, 40.760862365306856 ], [ -73.918670140045364, 40.761589963504328 ], [ -73.918691035449498, 40.761613125653504 ], [ -73.91870870828734, 40.761637790258384 ], [ -73.922177828936299, 40.767130580556127 ], [ -73.922190554848925, 40.76715329273663 ], [ -73.922200545147135, 40.767176782414495 ], [ -73.9222077190081, 40.767200859562152 ], [ -73.922212018393424, 40.767225329399338 ], [ -73.922213118444319, 40.767234829395932 ], [ -73.922214492162766, 40.767261583797513 ], [ -73.922212430721103, 40.767288312665663 ], [ -73.922206953731674, 40.767314761651313 ], [ -73.922198113308966, 40.767340679068553 ], [ -73.922185993573777, 40.767365818289441 ], [ -73.922170709852992, 40.767389940091078 ], [ -73.922152407582146, 40.767412814932001 ], [ -73.922131260921631, 40.767434225136462 ], [ -73.922107471099523, 40.76745396696591 ], [ -73.922081264496555, 40.767471852557868 ], [ -73.922052890492267, 40.767487711713564 ], [ -73.922022619091607, 40.767501393517598 ], [ -73.921990738355689, 40.767512767774171 ], [ -73.920759934456584, 40.767897369225693 ], [ -73.920719999075629, 40.767907817284396 ], [ -73.920678732056714, 40.767914647918225 ], [ -73.911381195136528, 40.769024852393443 ], [ -73.911344238063037, 40.769027792099294 ], [ -73.911307079296336, 40.769027828040272 ], [ -73.911270112504155, 40.769024959835598 ], [ -73.911233729320287, 40.769019217871623 ], [ -73.910819927783706, 40.768936817546361 ], [ -73.910787097536527, 40.768928991457301 ], [ -73.910755396302804, 40.768918824828965 ], [ -73.910725112017616, 40.768906410002693 ], [ -73.91069651974577, 40.768891859739632 ], [ -73.910669879183374, 40.768875306196648 ], [ -73.91064543229912, 40.768856899725783 ], [ -73.910623401136434, 40.768836807508755 ], [ -73.910603985796783, 40.768815212038248 ], [ -73.910587362622223, 40.768792309460558 ], [ -73.910573682593807, 40.768768307793827 ], [ -73.910563069960318, 40.768743425038771 ], [ -73.910555621109864, 40.768717887198498 ], [ -73.910551403694541, 40.768691926225884 ], [ -73.910550456016097, 40.768665777916603 ], [ -73.910552786678124, 40.768639679767702 ], [ -73.91055837450817, 40.768613868820267 ], [ -73.910567168750049, 40.768588579506662 ], [ -73.910618969329718, 40.76846397965987 ], [ -73.910630774043312, 40.768439649681177 ], [ -73.913588295788159, 40.763130558129994 ], [ -73.913604314932954, 40.763105439538407 ], [ -73.913623606832644, 40.763081688052722 ], [ -73.913645971924396, 40.763059549363277 ], [ -73.913671178856376, 40.763039252477114 ], [ -73.91369896688083, 40.763021007349039 ], [ -73.917430462099233, 40.760812414460666 ], [ -73.917459622061159, 40.760796848520108 ] ] ] } },
{ "type": "Feature", "properties": { "dining_cluster_id": 122, "taxi_hotspot_id": 46, "n_restaurants": 55, "n_taxi_dropoffs": 329, "taxi_weight": 232.7, "avg_rating": 4.3903225806451607, "bayesian_rating": 4.0069660081445644, "n_rated_restaurants": 0, "rating_coverage": null, "total_review_count": 0, "dining_area_sqm": 151733.83202385067, "taxi_area_sqm": 458260.25441077485, "intersection_area_sqm": 133205.43161199088, "overlap_ratio_dining": 0.87788879932230701, "overlap_ratio_taxi": 0.29067637948061786, "min_overlap_ratio": 0.29067637948061786, "airport_overlap_ratio": 0.0, "is_airport": false, "airport_zone_id": null, "peak_hour_ratio": 0.83284944006636252, "peak_weight": 200.8, "lunch_peak_ratio": 0.089589381999170478, "lunch_weight": 21.6, "peak_time_score": 97.869643687859806, "lunch_peak_score": 8.4783505992896373, "distance_to_midtown_km": 3.1777039237237932, "accessibility_proxy": 85.309429182573254, "restaurant_density": 412.89607589131532, "taxi_density": 1746.9257610892557, "restaurant_score": 18.257722037341924, "taxi_score": 2.8163910267721222, "popularity_score": 10.537056532057024, "rank": 21, "restaurant_score_v2": 21.555974662483745, "taxi_score_v2": 2.9398723093979751, "popularity_score_v2": 4.585116199217941, "entropy_weight_restaurant": 0.20005164229110195, "entropy_weight_taxi": 0.75057148244721517, "entropy_weight_peak_time": 0.03862928693469727, "entropy_weight_accessibility": 0.010747588326985616, "rank_v2": 23, "demand_score_v3": 75.806451612903231, "poi_score_v3": 61.79482353900687, "time_fit_score_v3": 97.869643687859806, "data_confidence_v3": 80.806451612903231, "area_quality_score_v3": 76.553540901852472, "product_weight_demand": 0.42875776396814919, "product_weight_poi": 0.22963833177845744, "product_weight_time": 0.19965786771492983, "product_weight_confidence": 0.14194603653846352, "rank_v3": 12 }, "geometry": { "type": "Polygon", "coordinates": [ [ [ -73.954652314123024, 40.741550633253389 ], [ -73.954687408031177, 40.74155214347779 ], [ -73.954722142293036, 40.741556243354111 ], [ -73.954756187372823, 40.741562893985474 ], [ -73.954789220272957, 40.74157203227503 ], [ -73.954820927598533, 40.741583571524679 ], [ -73.954851008530298, 40.741597402257554 ], [ -73.95487917767872, 40.741613393256543 ], [ -73.954905167791452, 40.741631392809268 ], [ -73.95492873228892, 40.741651230147369 ], [ -73.95494964760357, 40.741672717066542 ], [ -73.954967715301152, 40.741695649712113 ], [ -73.954982763963287, 40.741719810513011 ], [ -73.954994650813902, 40.741744970245982 ], [ -73.955003263073849, 40.741770890210184 ], [ -73.955008519031111, 40.74179732449187 ], [ -73.955010368816119, 40.741824022297486 ], [ -73.955015073749877, 40.742734922282906 ], [ -73.955013549469598, 40.742761224179681 ], [ -73.955008718991422, 40.742787294006362 ], [ -73.955000626754341, 40.742812891907178 ], [ -73.953868040795754, 40.745764595281742 ], [ -73.95385567133718, 40.745791535757114 ], [ -73.953839690980303, 40.745817353904911 ], [ -73.953363893278123, 40.746492555206501 ], [ -73.953355934454166, 40.746502604987612 ], [ -73.950042152780469, 40.743914213820155 ], [ -73.950006952611361, 40.743883866360882 ], [ -73.949975839802249, 40.743851037160482 ], [ -73.949949114949519, 40.743816043404856 ], [ -73.949946132431123, 40.743811069519523 ], [ -73.949961407029932, 40.743797001800189 ], [ -73.951539107911785, 40.74248180541769 ], [ -73.951563671548215, 40.74246320652307 ], [ -73.951590467814924, 40.742446485722901 ], [ -73.951619249523944, 40.742431797260821 ], [ -73.952374847829304, 40.742084998472585 ], [ -73.952410768627985, 40.742070544257444 ], [ -73.95366516492075, 40.741632645881602 ], [ -73.953703297690467, 40.741621278840611 ], [ -73.953742878297618, 40.741613271425095 ], [ -73.953783396909884, 40.741608726777287 ], [ -73.954617193516341, 40.741551727008947 ], [ -73.954652314123024, 40.741550633253389 ] ] ] } },
{ "type": "Feature", "properties": { "dining_cluster_id": 170, "taxi_hotspot_id": 44, "n_restaurants": 172, "n_taxi_dropoffs": 3442, "taxi_weight": 2358.5, "avg_rating": 4.3763157894736846, "bayesian_rating": 4.0069660081445644, "n_rated_restaurants": 0, "rating_coverage": null, "total_review_count": 0, "dining_area_sqm": 1136573.8525708963, "taxi_area_sqm": 8264649.3126225919, "intersection_area_sqm": 1136573.852570896, "overlap_ratio_dining": 0.99999999999999978, "overlap_ratio_taxi": 0.13752233271834144, "min_overlap_ratio": 0.13752233271834144, "airport_overlap_ratio": 0.0, "is_airport": false, "airport_zone_id": null, "peak_hour_ratio": 0.8267447133022795, "peak_weight": 2005.6, "lunch_peak_ratio": 0.083927614493590014, "lunch_weight": 203.6, "peak_time_score": 96.930697865980903, "lunch_peak_score": 7.0173632806466433, "distance_to_midtown_km": 5.2821603453857016, "accessibility_proxy": 76.7890589732162, "restaurant_density": 151.33200505267754, "taxi_density": 2075.0961274229066, "restaurant_score": 6.6917024523446811, "taxi_score": 3.3454667869339714, "popularity_score": 5.0185846196393262, "rank": 43, "restaurant_score_v2": 5.801393695613025, "taxi_score_v2": 3.5046450701625749, "popularity_score_v2": 3.7604915115735471, "entropy_weight_restaurant": 0.20005164229110195, "entropy_weight_taxi": 0.75057148244721517, "entropy_weight_peak_time": 0.03862928693469727, "entropy_weight_accessibility": 0.010747588326985616, "rank_v2": 28, "demand_score_v3": 79.032258064516128, "poi_score_v3": 40.020629990619774, "time_fit_score_v3": 96.930697865980903, "data_confidence_v3": 95.483870967741936, "area_quality_score_v3": 74.441816080820942, "product_weight_demand": 0.42875776396814919, "product_weight_poi": 0.22963833177845744, "product_weight_time": 0.19965786771492983, "product_weight_confidence": 0.14194603653846352, "rank_v3": 13 }, "geometry": { "type": "Polygon", "coordinates": [ [ [ -73.957689198809319, 40.708187607446007 ], [ -73.957708061799636, 40.708165298849828 ], [ -73.957729666687442, 40.708144480141165 ], [ -73.957753811662258, 40.708125345784431 ], [ -73.957780271187602, 40.708108074510641 ], [ -73.957808798107791, 40.708092827647931 ], [ -73.95783912595644, 40.708079747614576 ], [ -73.957870971445587, 40.708068956588846 ], [ -73.957904037111732, 40.708060555367744 ], [ -73.957938014094282, 40.708054622425493 ], [ -73.957972585020542, 40.708051213180589 ], [ -73.958007426970113, 40.708050359478165 ], [ -73.958042214491087, 40.708052069292414 ], [ -73.961250201534327, 40.708328668170601 ], [ -73.96128385457331, 40.708332802988373 ], [ -73.964022544026236, 40.708771201237283 ], [ -73.964058463328513, 40.708778438868457 ], [ -73.964093213554193, 40.708788450141583 ], [ -73.964126425925855, 40.708801128814862 ], [ -73.964157747985524, 40.708816340339453 ], [ -73.964186847335029, 40.708833923287187 ], [ -73.964213415163371, 40.708853691063666 ], [ -73.96423716952394, 40.708875433888466 ], [ -73.965900572758216, 40.710568229750791 ], [ -73.965917589298812, 40.71058714476731 ], [ -73.965932472396318, 40.710607074277171 ], [ -73.965945118245713, 40.710627879280786 ], [ -73.966857925229192, 40.712310676660188 ], [ -73.966870368423798, 40.71233747147955 ], [ -73.966879103930225, 40.712365101695248 ], [ -73.966884038099678, 40.71239327111283 ], [ -73.966885118033247, 40.712421677757369 ], [ -73.966882332149126, 40.712450017110427 ], [ -73.966875710307065, 40.712477985374512 ], [ -73.966865323488449, 40.712505282729907 ], [ -73.965042741491345, 40.71650658807814 ], [ -73.965030644643448, 40.716529701058619 ], [ -73.965015846996124, 40.716551885686584 ], [ -73.964998470116797, 40.716572959704251 ], [ -73.964978656762923, 40.716592749977977 ], [ -73.963742958168694, 40.717717352922129 ], [ -73.963729404275796, 40.717729000612337 ], [ -73.9587798062025, 40.721746711826476 ], [ -73.958756329573546, 40.721764110588971 ], [ -73.958730874457345, 40.721779816586981 ], [ -73.9587036509336, 40.721793700198909 ], [ -73.958674883677148, 40.721805646843258 ], [ -73.958644810103664, 40.721815557924273 ], [ -73.957509506364971, 40.722143959177117 ], [ -73.957475441442554, 40.722152365888988 ], [ -73.957440448839023, 40.722158161616193 ], [ -73.957404873375552, 40.722161289246856 ], [ -73.957369065617087, 40.722161717960979 ], [ -73.957333378417786, 40.72215944353394 ], [ -73.957298163443667, 40.722154488378209 ], [ -73.957263767707275, 40.722146901322503 ], [ -73.957230530147982, 40.722136757130585 ], [ -73.957198778291925, 40.722124155764476 ], [ -73.957168825024524, 40.722109221399421 ], [ -73.957140965507094, 40.722092101200204 ], [ -73.957115474268321, 40.722072963870914 ], [ -73.957092602499017, 40.722051997992516 ], [ -73.954038808388106, 40.718951390403781 ], [ -73.95401909761074, 40.718929196693196 ], [ -73.954002323916299, 40.718905646871434 ], [ -73.95398864704643, 40.71888096521613 ], [ -73.953978197249697, 40.718855386783545 ], [ -73.953971074041149, 40.718829155170361 ], [ -73.953967345254696, 40.718802520193393 ], [ -73.953967046397366, 40.718775735510718 ], [ -73.953970180311202, 40.718749056205702 ], [ -73.954858705914262, 40.713879258938825 ], [ -73.954860637287325, 40.713869869365084 ], [ -73.955199744940089, 40.712389470402648 ], [ -73.955208768909614, 40.712359870171305 ], [ -73.955222037458725, 40.712331210337112 ], [ -73.955332538294357, 40.712129010654017 ], [ -73.955337238638521, 40.712120790943381 ], [ -73.957673253915843, 40.708211197548231 ], [ -73.957689198809319, 40.708187607446007 ] ] ] } },
{ "type": "Feature", "properties": { "dining_cluster_id": 41, "taxi_hotspot_id": 26, "n_restaurants": 72, "n_taxi_dropoffs": 690, "taxi_weight": 413.5, "avg_rating": 3.3018181818181813, "bayesian_rating": 4.0069660081445644, "n_rated_restaurants": 0, "rating_coverage": null, "total_review_count": 0, "dining_area_sqm": 1097014.0718618142, "taxi_area_sqm": 106383.42493559139, "intersection_area_sqm": 106383.42493559132, "overlap_ratio_dining": 0.096975442397964018, "overlap_ratio_taxi": 0.99999999999999933, "min_overlap_ratio": 0.096975442397964018, "airport_overlap_ratio": 0.9874738227893014, "is_airport": true, "airport_zone_id": 138.0, "peak_hour_ratio": 0.26073546856465007, "peak_weight": 109.9, "lunch_peak_ratio": 0.43463819691577704, "lunch_weight": 183.2, "peak_time_score": 9.8748743984961358, "lunch_peak_score": 97.516260122964482, "distance_to_midtown_km": 10.24371972868213, "accessibility_proxy": 59.918433732344589, "restaurant_density": 676.79716124566971, "taxi_density": 3886.883696876173, "restaurant_score": 29.927081333991982, "taxi_score": 6.2664279214493721, "popularity_score": 18.096754627720678, "rank": 12, "restaurant_score_v2": 37.451319168821335, "taxi_score_v2": 6.6226848826871718, "popularity_score_v2": 8.7040132973237334, "entropy_weight_restaurant": 0.20005164229110195, "entropy_weight_taxi": 0.75057148244721517, "entropy_weight_peak_time": 0.03862928693469727, "entropy_weight_accessibility": 0.010747588326985616, "rank_v2": 10, "demand_score_v3": 90.322580645161281, "poi_score_v3": 69.052888055135895, "time_fit_score_v3": 9.8748743984961358, "data_confidence_v3": 89.838709677419359, "area_quality_score_v3": 73.443460010417866, "product_weight_demand": 0.42875776396814919, "product_weight_poi": 0.22963833177845744, "product_weight_time": 0.19965786771492983, "product_weight_confidence": 0.14194603653846352, "rank_v3": 14 }, "geometry": { "type": "Polygon", "coordinates": [ [ [ -73.863226953244549, 40.768406810350271 ], [ -73.863276220599417, 40.768394132384415 ], [ -73.863326860485628, 40.768385106451596 ], [ -73.863378405735773, 40.768379815818619 ], [ -73.863430380830692, 40.768378309292927 ], [ -73.863482306285974, 40.768380600772709 ], [ -73.863533703075177, 40.768386669118421 ], [ -73.863584097048602, 40.768396458347915 ], [ -73.866721080262366, 40.769129454059502 ], [ -73.866768389195656, 40.769142362946596 ], [ -73.866813920083999, 40.769158551064621 ], [ -73.86685728067674, 40.769177878952732 ], [ -73.866898097419508, 40.769200180100803 ], [ -73.866936018672192, 40.769225262383721 ], [ -73.867323018520153, 40.769506261139959 ], [ -73.867358815626446, 40.769534871518367 ], [ -73.867390843004017, 40.769565957527639 ], [ -73.867418806040249, 40.769599233220013 ], [ -73.867442447507585, 40.769634392505047 ], [ -73.86746154992997, 40.769671111965422 ], [ -73.867475937583322, 40.769709053831861 ], [ -73.867653941847479, 40.770280053025886 ], [ -73.867663471364281, 40.770318806442859 ], [ -73.86766808161812, 40.770358075147975 ], [ -73.867667730325778, 40.77039749906006 ], [ -73.867662420699702, 40.770436716674034 ], [ -73.867652201418906, 40.770475368375912 ], [ -73.867637166182917, 40.770513099740413 ], [ -73.867617452852869, 40.770549564780744 ], [ -73.867593242187624, 40.77058442912157 ], [ -73.86674924713661, 40.771670432502738 ], [ -73.866719529414766, 40.771704655912828 ], [ -73.866685480819015, 40.771736462001655 ], [ -73.866647439144884, 40.771765535216048 ], [ -73.866605781805347, 40.77179158711575 ], [ -73.866560922086535, 40.771814359235087 ], [ -73.866513305047363, 40.771833625647481 ], [ -73.866463403103978, 40.77184919520699 ], [ -73.866411711342693, 40.771860913444748 ], [ -73.866358742607858, 40.771868664101589 ], [ -73.866305022413712, 40.771872370281535 ], [ -73.866251083730248, 40.771871995214774 ], [ -73.866197461695265, 40.77186754262241 ], [ -73.866144688304857, 40.771859056679588 ], [ -73.866093287135072, 40.771846621577247 ], [ -73.865780285576207, 40.771757621067053 ], [ -73.865720203695517, 40.771737296085142 ], [ -73.865663805301736, 40.7717115845237 ], [ -73.863938800639147, 40.770812579985332 ], [ -73.86388736013717, 40.770782155574693 ], [ -73.863549359781786, 40.770556154536024 ], [ -73.863538655735411, 40.770548802807305 ], [ -73.862876655318345, 40.770081800712035 ], [ -73.862839541121559, 40.770052917372197 ], [ -73.862806326951087, 40.770021408923938 ], [ -73.862777332281283, 40.769987578440386 ], [ -73.862752835998734, 40.769951751329337 ], [ -73.862733073719895, 40.769914272203131 ], [ -73.862718235524937, 40.769875501563888 ], [ -73.862708464129739, 40.769835812335792 ], [ -73.862703853513381, 40.769795586278079 ], [ -73.862658860840213, 40.768892586068823 ], [ -73.862659351733996, 40.768853552595651 ], [ -73.862664702708486, 40.768814729910822 ], [ -73.862674865653432, 40.768776467005083 ], [ -73.862689749202573, 40.768739107836488 ], [ -73.862709219555128, 40.768702988238566 ], [ -73.86273310167887, 40.768668432901372 ], [ -73.862761180883723, 40.768635752452901 ], [ -73.862793204752066, 40.768605240666744 ], [ -73.862828885407637, 40.768577171821441 ], [ -73.862867902103673, 40.768551798234959 ], [ -73.862909904106047, 40.768529347996605 ], [ -73.862954513846233, 40.768510022916757 ], [ -73.863179512927104, 40.768423023391378 ], [ -73.863226953244549, 40.768406810350271 ] ] ] } },
{ "type": "Feature", "properties": { "dining_cluster_id": 167, "taxi_hotspot_id": 40, "n_restaurants": 81, "n_taxi_dropoffs": 7091, "taxi_weight": 4920.7, "avg_rating": 4.2788461538461542, "bayesian_rating": 4.0069660081445644, "n_rated_restaurants": 0, "rating_coverage": null, "total_review_count": 0, "dining_area_sqm": 1688967.87303567, "taxi_area_sqm": 28258898.231867317, "intersection_area_sqm": 1688967.8730356698, "overlap_ratio_dining": 0.99999999999999989, "overlap_ratio_taxi": 0.059767647668975118, "min_overlap_ratio": 0.059767647668975118, "airport_overlap_ratio": 0.0, "is_airport": false, "airport_zone_id": null, "peak_hour_ratio": 0.80724156025887706, "peak_weight": 4153.5, "lunch_peak_ratio": 0.081997162458943118, "lunch_weight": 421.9, "peak_time_score": 93.930988825552021, "lunch_peak_score": 6.5192209710078579, "distance_to_midtown_km": 8.6492593370695516, "accessibility_proxy": 64.890888382725905, "restaurant_density": 47.958283454151491, "taxi_density": 2913.4361159610276, "restaurant_score": 2.1206522895713706, "taxi_score": 4.6970372278156738, "popularity_score": 3.4088447586935224, "rank": 51, "restaurant_score_v2": 0.0, "taxi_score_v2": 4.9474066304938891, "popularity_score_v2": 5.0043166987676679, "entropy_weight_restaurant": 0.20005164229110195, "entropy_weight_taxi": 0.75057148244721517, "entropy_weight_peak_time": 0.03862928693469727, "entropy_weight_accessibility": 0.010747588326985616, "rank_v2": 21, "demand_score_v3": 83.870967741935488, "poi_score_v3": 27.117404184168159, "time_fit_score_v3": 93.930988825552021, "data_confidence_v3": 97.741935483870961, "area_quality_score_v3": 73.322433135039731, "product_weight_demand": 0.42875776396814919, "product_weight_poi": 0.22963833177845744, "product_weight_time": 0.19965786771492983, "product_weight_confidence": 0.14194603653846352, "rank_v3": 15 }, "geometry": { "type": "Polygon", "coordinates": [ [ [ -73.950073203698111, 40.672207933325183 ], [ -73.950084078079399, 40.672182277032732 ], [ -73.950098205684327, 40.672157556740842 ], [ -73.950115450218632, 40.672134010929234 ], [ -73.950135645319122, 40.672111866747073 ], [ -73.950158596158715, 40.672091337821627 ], [ -73.950184081326029, 40.672072622197334 ], [ -73.950211854961438, 40.672055900425484 ], [ -73.950241649128898, 40.672041333822357 ], [ -73.950273176400685, 40.672029062913019 ], [ -73.95030613263026, 40.672019206075738 ], [ -73.95034019988627, 40.672011858400069 ], [ -73.950375049519636, 40.672007090769448 ], [ -73.950410345333893, 40.672004949177499 ], [ -73.950445746828379, 40.67200545428426 ], [ -73.95048091248303, 40.672008601216945 ], [ -73.950515503052785, 40.672014359616902 ], [ -73.950549184840284, 40.672022673932553 ], [ -73.950581632914961, 40.672033463955188 ], [ -73.950612534247512, 40.672046625592706 ], [ -73.950641590729674, 40.672062031873971 ], [ -73.950668522049995, 40.672079534173385 ], [ -73.950693068398095, 40.672098963644821 ], [ -73.961986778056342, 40.681963537184224 ], [ -73.962008153474869, 40.681984111404965 ], [ -73.962026851394612, 40.682006145055091 ], [ -73.96204270103641, 40.682029436891575 ], [ -73.962055557635367, 40.682053774179522 ], [ -73.962065303762884, 40.682078934635271 ], [ -73.962071850399454, 40.68210468845654 ], [ -73.962075137747703, 40.682130800421291 ], [ -73.962075135778889, 40.682157032036059 ], [ -73.962071844507108, 40.682183143714397 ], [ -73.962065293989369, 40.682208896964887 ], [ -73.960350320454992, 40.687565002142733 ], [ -73.960334343597438, 40.687602780182388 ], [ -73.958609057244175, 40.690854685153319 ], [ -73.958593752627792, 40.69087980161099 ], [ -73.958575201685306, 40.690903616692886 ], [ -73.954904512316659, 40.695115726197095 ], [ -73.954883394814914, 40.69513753751388 ], [ -73.954859554907927, 40.695157657904183 ], [ -73.954833224887963, 40.695175891316197 ], [ -73.954804661311456, 40.695192060084459 ], [ -73.954774142499161, 40.69520600666123 ], [ -73.954741965824113, 40.695217595151547 ], [ -73.954708444814045, 40.695226712637592 ], [ -73.954673906096289, 40.695233270278784 ], [ -73.954638686215077, 40.695237204177651 ], [ -73.95460312835209, 40.695238476002373 ], [ -73.954567578982406, 40.69523707336031 ], [ -73.954532384498407, 40.695233009918802 ], [ -73.95449788783425, 40.695226325271868 ], [ -73.954464425124385, 40.695217084554628 ], [ -73.954432322428062, 40.695205377808307 ], [ -73.954401892552156, 40.695191319103081 ], [ -73.954373432003067, 40.695175045426446 ], [ -73.954347218097624, 40.695156715348368 ], [ -73.95432350626082, 40.695136507476192 ], [ -73.954302527536981, 40.6951146187142 ], [ -73.954284486338594, 40.695091262344938 ], [ -73.950705504454561, 40.689885252492161 ], [ -73.950688836111524, 40.689857302393072 ], [ -73.950676371917496, 40.689828110403319 ], [ -73.950668267747076, 40.689798041604902 ], [ -73.948806718040458, 40.680187235881867 ], [ -73.948803579276955, 40.680164503678697 ], [ -73.948802935849827, 40.680141651479396 ], [ -73.948804792218652, 40.680118837762578 ], [ -73.949571422102025, 40.674500540132534 ], [ -73.949574375787606, 40.674483876602011 ], [ -73.950065687450916, 40.672234278108434 ], [ -73.950073203698111, 40.672207933325183 ] ] ] } },
{ "type": "Feature", "properties": { "dining_cluster_id": 41, "taxi_hotspot_id": 24, "n_restaurants": 72, "n_taxi_dropoffs": 622, "taxi_weight": 358.5, "avg_rating": 3.3018181818181813, "bayesian_rating": 4.0069660081445644, "n_rated_restaurants": 0, "rating_coverage": null, "total_review_count": 0, "dining_area_sqm": 1097014.0718618142, "taxi_area_sqm": 66553.571572666828, "intersection_area_sqm": 66553.571572666842, "overlap_ratio_dining": 0.060667928771154622, "overlap_ratio_taxi": 1.0000000000000002, "min_overlap_ratio": 0.060667928771154622, "airport_overlap_ratio": 0.96418121958057645, "is_airport": true, "airport_zone_id": 138.0, "peak_hour_ratio": 0.20313358988455196, "peak_weight": 73.9, "lunch_peak_ratio": 0.45931830676195706, "lunch_weight": 167.1, "peak_time_score": 1.0153389255471545, "lunch_peak_score": 100.0, "distance_to_midtown_km": 10.450375304496815, "accessibility_proxy": 59.302497457832104, "restaurant_density": 1081.8352538959755, "taxi_density": 5386.6380350237114, "restaurant_score": 47.837333675772527, "taxi_score": 8.6843295600900312, "popularity_score": 28.260831617931281, "rank": 5, "restaurant_score_v2": 61.847656956600972, "taxi_score_v2": 9.2037235288247228, "popularity_score_v2": 12.962292808002914, "entropy_weight_restaurant": 0.20005164229110195, "entropy_weight_taxi": 0.75057148244721517, "entropy_weight_peak_time": 0.03862928693469727, "entropy_weight_accessibility": 0.010747588326985616, "rank_v2": 5, "demand_score_v3": 93.548387096774192, "poi_score_v3": 72.278694506748806, "time_fit_score_v3": 1.0153389255471545, "data_confidence_v3": 88.709677419354847, "area_quality_score_v3": 72.954371533352642, "product_weight_demand": 0.42875776396814919, "product_weight_poi": 0.22963833177845744, "product_weight_time": 0.19965786771492983, "product_weight_confidence": 0.14194603653846352, "rank_v3": 16 }, "geometry": { "type": "Polygon", "coordinates": [ [ [ -73.862857662464307, 40.766761886745847 ], [ -73.86290495560398, 40.766766668060733 ], [ -73.863384952775377, 40.766831667669088 ], [ -73.863433781788004, 40.766840066980578 ], [ -73.863481381896548, 40.766851858922863 ], [ -73.863527346261691, 40.76686694271006 ], [ -73.863571282024012, 40.766885189420726 ], [ -73.863612813661817, 40.766906443099892 ], [ -73.863651586200518, 40.766930522091684 ], [ -73.863912585965863, 40.76710852128064 ], [ -73.863951385925546, 40.767137800627005 ], [ -73.863986105447722, 40.767169905014924 ], [ -73.864016390690253, 40.767204507259997 ], [ -73.864041933000536, 40.767241254720844 ], [ -73.864062472061164, 40.767279772893062 ], [ -73.864077798543207, 40.767319669225678 ], [ -73.864087756239911, 40.767360537121803 ], [ -73.864092243658916, 40.767401960082211 ], [ -73.86409121505703, 40.767443515950099 ], [ -73.864084680906856, 40.767484781213319 ], [ -73.863794690876176, 40.76876678254326 ], [ -73.863782908405184, 40.768806813096866 ], [ -73.863765944909858, 40.768845753542536 ], [ -73.863743968779318, 40.768883217315214 ], [ -73.863717198164608, 40.76891883250827 ], [ -73.863685898813344, 40.768952245565515 ], [ -73.863650381431796, 40.768983124791077 ], [ -73.863610998600578, 40.769011163642418 ], [ -73.863568141274854, 40.769036083773329 ], [ -73.863522234902987, 40.769057637797459 ], [ -73.863473735203215, 40.769075611744093 ], [ -73.862694731582749, 40.769328613168106 ], [ -73.862646828758159, 40.769342176075831 ], [ -73.862597457271988, 40.769352244648047 ], [ -73.862547057034917, 40.7693587291715 ], [ -73.862496077124504, 40.769361571867556 ], [ -73.862444971783603, 40.769360747407212 ], [ -73.86239419637279, 40.769356263136523 ], [ -73.862344203312659, 40.769348159011365 ], [ -73.862295438052556, 40.769336507241434 ], [ -73.862248335101242, 40.769321411646544 ], [ -73.862203314155138, 40.769303006731796 ], [ -73.862160776358664, 40.769281456488919 ], [ -73.861487774827552, 40.768904454631276 ], [ -73.861450734851402, 40.768881730067939 ], [ -73.861416462500699, 40.768856620567711 ], [ -73.861266462569233, 40.768736620061745 ], [ -73.861218335808289, 40.768692294370403 ], [ -73.86070633757474, 40.768147292431621 ], [ -73.860678364694678, 40.768114296021082 ], [ -73.860654652455594, 40.768079424071345 ], [ -73.860635416432501, 40.768042993623716 ], [ -73.860620831503596, 40.768005335888063 ], [ -73.860611030260586, 40.767966793231842 ], [ -73.860606101803484, 40.767927716067071 ], [ -73.860599102702921, 40.767816716034531 ], [ -73.860598564254957, 40.76778980395963 ], [ -73.860600564962041, 40.767702803968923 ], [ -73.860606121316309, 40.767650739739295 ], [ -73.860694124939286, 40.767190740144585 ], [ -73.860704134862587, 40.767151739496704 ], [ -73.860719043265306, 40.767113654167552 ], [ -73.860738711266222, 40.767076838924986 ], [ -73.860762955648966, 40.767041636705351 ], [ -73.860791550568862, 40.767008375419032 ], [ -73.86082422965697, 40.76697736489605 ], [ -73.860860688501461, 40.76694889400013 ], [ -73.860900587483286, 40.76692322793788 ], [ -73.860943554939823, 40.766900605788678 ], [ -73.860989190626867, 40.766881238277499 ], [ -73.86103706944688, 40.766865305812352 ], [ -73.861086745408613, 40.766852956803689 ], [ -73.861137755781428, 40.766844306282096 ], [ -73.86118962540526, 40.766839434826906 ], [ -73.862561616994682, 40.766761435302975 ], [ -73.86260200064288, 40.766760288868554 ], [ -73.862809999357069, 40.766760288868554 ], [ -73.862857662464307, 40.766761886745847 ] ] ] } },
{ "type": "Feature", "properties": { "dining_cluster_id": 53, "taxi_hotspot_id": 59, "n_restaurants": 99, "n_taxi_dropoffs": 161, "taxi_weight": 111.2, "avg_rating": 4.0745098039215684, "bayesian_rating": 4.0069660081445644, "n_rated_restaurants": 0, "rating_coverage": null, "total_review_count": 0, "dining_area_sqm": 1028938.5639822208, "taxi_area_sqm": 226126.5635243853, "intersection_area_sqm": 101218.41780074187, "overlap_ratio_dining": 0.09837168257063289, "overlap_ratio_taxi": 0.44761843201064944, "min_overlap_ratio": 0.09837168257063289, "airport_overlap_ratio": 0.0, "is_airport": false, "airport_zone_id": null, "peak_hour_ratio": 0.69463087248322153, "peak_weight": 103.5, "lunch_peak_ratio": 0.12550335570469798, "lunch_weight": 18.7, "peak_time_score": 76.610748481962176, "lunch_peak_score": 17.745749886550588, "distance_to_midtown_km": 5.8930981337620372, "accessibility_proxy": 74.478856467524849, "restaurant_density": 978.0828642756594, "taxi_density": 1098.6142879540741, "restaurant_score": 43.249539310547426, "taxi_score": 1.7711842663240744, "popularity_score": 22.510361788435752, "rank": 10, "restaurant_score_v2": 55.598421663929678, "taxi_score_v2": 1.8241449370317029, "popularity_score_v2": 8.5278496474042882, "entropy_weight_restaurant": 0.20005164229110195, "entropy_weight_taxi": 0.75057148244721517, "entropy_weight_peak_time": 0.03862928693469727, "entropy_weight_accessibility": 0.010747588326985616, "rank_v2": 11, "demand_score_v3": 70.967741935483872, "poi_score_v3": 70.665791280942358, "time_fit_score_v3": 76.610748481962176, "data_confidence_v3": 65.0, "area_quality_score_v3": 71.300174336079806, "product_weight_demand": 0.42875776396814919, "product_weight_poi": 0.22963833177845744, "product_weight_time": 0.19965786771492983, "product_weight_confidence": 0.14194603653846352, "rank_v3": 17 }, "geometry": { "type": "Polygon", "coordinates": [ [ [ -73.949192619778657, 40.801403109239551 ], [ -73.949230238680428, 40.801397473014077 ], [ -73.949268431867438, 40.801394898916385 ], [ -73.94930676893901, 40.80139541595404 ], [ -73.951161021859278, 40.801495397914813 ], [ -73.951167865064207, 40.801525513496962 ], [ -73.951171690259159, 40.801566972667004 ], [ -73.951169995428586, 40.801608513651225 ], [ -73.951091001351429, 40.802343514017338 ], [ -73.951084204845543, 40.802383041982054 ], [ -73.951072409429699, 40.802421885175249 ], [ -73.951055725679879, 40.802459679433369 ], [ -73.951034310002086, 40.802496070426201 ], [ -73.951008363166181, 40.802530716978971 ], [ -73.949354371279668, 40.804509723471469 ], [ -73.949326017087955, 40.804540456896511 ], [ -73.949294097297354, 40.804569100463326 ], [ -73.949258877191809, 40.804595416112591 ], [ -73.949220649485554, 40.80461918513226 ], [ -73.949179731890311, 40.804640209975325 ], [ -73.949136464474847, 40.80465831590174 ], [ -73.949091206838446, 40.804673352430932 ], [ -73.948001201472167, 40.80499135424764 ], [ -73.947952994283497, 40.805003481211813 ], [ -73.947903504699482, 40.805012125577385 ], [ -73.947853167430054, 40.805017211413315 ], [ -73.94780242463149, 40.805018694046296 ], [ -73.947751722022431, 40.805016560452977 ], [ -73.947701504968421, 40.805010829374659 ], [ -73.947652214569743, 40.805001551152408 ], [ -73.947604283786617, 40.804988807284936 ], [ -73.947558133635908, 40.804972709712693 ], [ -73.946993131361722, 40.804750708505964 ], [ -73.946964040347211, 40.804738402811957 ], [ -73.946517038821639, 40.804535401745625 ], [ -73.946473066298537, 40.804513151939346 ], [ -73.946432154488818, 40.804487753814854 ], [ -73.946394692348491, 40.804459448838941 ], [ -73.946361036035327, 40.804428506114412 ], [ -73.946331505522735, 40.804395219821423 ], [ -73.946306381557889, 40.804359906420544 ], [ -73.946285902992685, 40.804322901644042 ], [ -73.946270264513146, 40.804284557303902 ], [ -73.946259614788801, 40.804245237946972 ], [ -73.94623506162182, 40.804125209112016 ], [ -73.948332658053928, 40.801700051785758 ], [ -73.948355317749815, 40.801676651920594 ], [ -73.948381105359516, 40.80165520319688 ], [ -73.948409731959984, 40.801635945922619 ], [ -73.948440876821422, 40.801619095852992 ], [ -73.94847419100077, 40.801604841773091 ], [ -73.948509301251022, 40.801593343382976 ], [ -73.949155999091332, 40.801411744077946 ], [ -73.949192619778657, 40.801403109239551 ] ] ] } },
{ "type": "Feature", "properties": { "dining_cluster_id": 68, "taxi_hotspot_id": 54, "n_restaurants": 39, "n_taxi_dropoffs": 111, "taxi_weight": 73.5, "avg_rating": 4.0952380952380949, "bayesian_rating": 4.0069660081445644, "n_rated_restaurants": 0, "rating_coverage": null, "total_review_count": 0, "dining_area_sqm": 343854.89688449597, "taxi_area_sqm": 143085.26730071832, "intersection_area_sqm": 71264.937221418921, "overlap_ratio_dining": 0.20725293682630749, "overlap_ratio_taxi": 0.49805922416626858, "min_overlap_ratio": 0.20725293682630749, "airport_overlap_ratio": 0.0, "is_airport": false, "airport_zone_id": null, "peak_hour_ratio": 0.69278350515463916, "peak_weight": 67.2, "lunch_peak_ratio": 0.1422680412371134, "lunch_weight": 13.8, "peak_time_score": 76.326611631668825, "lunch_peak_score": 22.071782868257326, "distance_to_midtown_km": 6.0078688584716016, "accessibility_proxy": 74.052680832595513, "restaurant_density": 547.25369193587687, "taxi_density": 1031.3627271099219, "restaurant_score": 24.198839307701316, "taxi_score": 1.6627614033056775, "popularity_score": 12.930800355503496, "rank": 17, "restaurant_score_v2": 29.648630254297128, "taxi_score_v2": 1.7084067303556492, "popularity_score_v2": 4.9502393163695224, "entropy_weight_restaurant": 0.20005164229110195, "entropy_weight_taxi": 0.75057148244721517, "entropy_weight_peak_time": 0.03862928693469727, "entropy_weight_accessibility": 0.010747588326985616, "rank_v2": 22, "demand_score_v3": 69.354838709677423, "poi_score_v3": 65.020629990619767, "time_fit_score_v3": 76.326611631668825, "data_confidence_v3": 53.709677419354833, "area_quality_score_v3": 68.648381609711507, "product_weight_demand": 0.42875776396814919, "product_weight_poi": 0.22963833177845744, "product_weight_time": 0.19965786771492983, "product_weight_confidence": 0.14194603653846352, "rank_v3": 18 }, "geometry": { "type": "Polygon", "coordinates": [ [ [ -73.934132405474543, 40.798118832245535 ], [ -73.934102874990643, 40.798105103906984 ], [ -73.934075209658729, 40.798089290142748 ], [ -73.934049663633445, 40.798071536230687 ], [ -73.934026471599182, 40.79805200527246 ], [ -73.934005846614184, 40.798030876694845 ], [ -73.933987978153183, 40.798008344601556 ], [ -73.933744379316579, 40.797664943936766 ], [ -73.933728841366147, 40.797640143533108 ], [ -73.933716643044761, 40.797614287107606 ], [ -73.933707906516062, 40.797587633615343 ], [ -73.933702719273128, 40.797560449993881 ], [ -73.933701133262304, 40.797533008489651 ], [ -73.933703164363152, 40.797505583931539 ], [ -73.933708792229638, 40.797478450978375 ], [ -73.933717960494008, 40.79745188136819 ], [ -73.933730577331517, 40.79742614119683 ], [ -73.933746516380211, 40.797401488252916 ], [ -73.934733320814175, 40.796050490927982 ], [ -73.935531437985347, 40.794959437683914 ], [ -73.935552116878171, 40.794934437595714 ], [ -73.935576210073378, 40.794911270496982 ], [ -73.936374317055723, 40.794223391293713 ], [ -73.936379478696225, 40.7942241699783 ], [ -73.93642959950661, 40.79423363865282 ], [ -73.936478306136834, 40.794246691559366 ], [ -73.936525155911198, 40.794263210065417 ], [ -73.936569723029379, 40.794283044040803 ], [ -73.936611602436159, 40.794306013222354 ], [ -73.936650413502747, 40.794331908851987 ], [ -73.936685803486142, 40.794360495573983 ], [ -73.936717450735074, 40.794391513573949 ], [ -73.936745067613373, 40.794424680940224 ], [ -73.936768403114428, 40.794459696225815 ], [ -73.936787245142526, 40.794496241188064 ], [ -73.936801422440794, 40.794533983681163 ], [ -73.936810806147932, 40.794572580674675 ], [ -73.93688480942464, 40.794986580333628 ], [ -73.936889737027897, 40.795043391372261 ], [ -73.936883747997527, 40.796391391400107 ], [ -73.936880502187989, 40.796435022935547 ], [ -73.936871189100458, 40.796478147214223 ], [ -73.936855913653446, 40.796520278356546 ], [ -73.936834847944084, 40.796560941671629 ], [ -73.936808229309477, 40.796599679005737 ], [ -73.935259811732962, 40.798588060694755 ], [ -73.934132405474543, 40.798118832245535 ] ] ] } },
{ "type": "Feature", "properties": { "dining_cluster_id": 44, "taxi_hotspot_id": 28, "n_restaurants": 171, "n_taxi_dropoffs": 174, "taxi_weight": 122.9, "avg_rating": 4.0109375, "bayesian_rating": 4.0069660081445644, "n_rated_restaurants": 0, "rating_coverage": null, "total_review_count": 0, "dining_area_sqm": 2089048.356706972, "taxi_area_sqm": 379190.7055387111, "intersection_area_sqm": 154450.67729290403, "overlap_ratio_dining": 0.073933509866841551, "overlap_ratio_taxi": 0.40731662205031643, "min_overlap_ratio": 0.073933509866841551, "airport_overlap_ratio": 0.0, "is_airport": false, "airport_zone_id": null, "peak_hour_ratio": 0.79225352112676062, "peak_weight": 112.5, "lunch_peak_ratio": 0.1176056338028169, "lunch_weight": 16.7, "peak_time_score": 91.625733035226361, "lunch_peak_score": 15.707787088988779, "distance_to_midtown_km": 9.2118115960095786, "accessibility_proxy": 63.091093220682318, "restaurant_density": 1107.1495638423871, "taxi_density": 795.72328301888535, "restaurant_score": 48.956699205151793, "taxi_score": 1.2828638537511039, "popularity_score": 25.119781529451448, "rank": 7, "restaurant_score_v2": 63.372393685129857, "taxi_score_v2": 1.3028773071138664, "popularity_score_v2": 9.4664167144225093, "entropy_weight_restaurant": 0.20005164229110195, "entropy_weight_taxi": 0.75057148244721517, "entropy_weight_peak_time": 0.03862928693469727, "entropy_weight_accessibility": 0.010747588326985616, "rank_v2": 7, "demand_score_v3": 64.516129032258064, "poi_score_v3": 73.891597732555255, "time_fit_score_v3": 91.625733035226361, "data_confidence_v3": 66.129032258064512, "area_quality_score_v3": 67.477240072358214, "product_weight_demand": 0.42875776396814919, "product_weight_poi": 0.22963833177845744, "product_weight_time": 0.19965786771492983, "product_weight_confidence": 0.14194603653846352, "rank_v3": 19 }, "geometry": { "type": "Polygon", "coordinates": [ [ [ -73.942329372012694, 40.832335471336556 ], [ -73.942358613158078, 40.832320384627565 ], [ -73.942389655085734, 40.832307540127481 ], [ -73.942422200750897, 40.832297060746747 ], [ -73.942455938719846, 40.83228904676384 ], [ -73.942490546149969, 40.83228357486535 ], [ -73.94252569187897, 40.832280697412479 ], [ -73.942561039593755, 40.832280441939908 ], [ -73.9425962510484, 40.832282810892217 ], [ -73.942630989300881, 40.832287781600677 ], [ -73.942664921937109, 40.832295306500107 ], [ -73.942697724251758, 40.832305313583845 ], [ -73.945172516935315, 40.833169310381663 ], [ -73.945205036855654, 40.833182220524442 ], [ -73.945235665402095, 40.83319756896978 ], [ -73.945264086769413, 40.833215197463488 ], [ -73.945290007909392, 40.833234924242078 ], [ -73.945313161552534, 40.833256545907027 ], [ -73.945333308963569, 40.833279839521786 ], [ -73.945834710959105, 40.833929138181844 ], [ -73.945850732432078, 40.833952360082137 ], [ -73.945863763761182, 40.833976637058171 ], [ -73.945873686048657, 40.834001747613122 ], [ -73.945880408762477, 40.834027462644606 ], [ -73.94588387056244, 40.834053547534744 ], [ -73.945884039860076, 40.83407976429109 ], [ -73.945880915106841, 40.834105873717547 ], [ -73.945874524808488, 40.834131637597181 ], [ -73.944820461578615, 40.837490384535613 ], [ -73.943124906306238, 40.836583625739465 ], [ -73.943083465720449, 40.836559098323484 ], [ -73.943045346075792, 40.836531639229484 ], [ -73.943010905446442, 40.836501506395493 ], [ -73.940413446777342, 40.833992897170134 ], [ -73.940881061929559, 40.83336333830394 ], [ -73.940901313820248, 40.833339123617826 ], [ -73.940924782668091, 40.833316646689106 ], [ -73.940951212097175, 40.833296153054832 ], [ -73.942302211462987, 40.832352655887824 ], [ -73.942329372012694, 40.832335471336556 ] ] ] } },
{ "type": "Feature", "properties": { "dining_cluster_id": 102, "taxi_hotspot_id": 22, "n_restaurants": 44, "n_taxi_dropoffs": 317, "taxi_weight": 210.0, "avg_rating": 4.1678571428571427, "bayesian_rating": 4.0069660081445644, "n_rated_restaurants": 0, "rating_coverage": null, "total_review_count": 0, "dining_area_sqm": 220608.05540029422, "taxi_area_sqm": 3388029.1260003415, "intersection_area_sqm": 220608.05540029416, "overlap_ratio_dining": 0.99999999999999978, "overlap_ratio_taxi": 0.065113978421055624, "min_overlap_ratio": 0.065113978421055624, "airport_overlap_ratio": 0.0, "is_airport": false, "airport_zone_id": null, "peak_hour_ratio": 0.76766363242306013, "peak_weight": 177.1, "lunch_peak_ratio": 0.10966623320329431, "lunch_weight": 25.3, "peak_time_score": 87.843651682355954, "lunch_peak_score": 13.659069337492227, "distance_to_midtown_km": 11.874140569861408, "accessibility_proxy": 55.22761817928977, "restaurant_density": 199.44874596787426, "taxi_density": 951.9144693921271, "restaurant_score": 8.8193615226713824, "taxi_score": 1.5346750443355299, "popularity_score": 5.1770182835034557, "rank": 42, "restaurant_score_v2": 8.6995711409322034, "taxi_score_v2": 1.5716783220276507, "popularity_score_v2": 2.3169936392292789, "entropy_weight_restaurant": 0.20005164229110195, "entropy_weight_taxi": 0.75057148244721517, "entropy_weight_peak_time": 0.03862928693469727, "entropy_weight_accessibility": 0.010747588326985616, "rank_v2": 38, "demand_score_v3": 67.741935483870961, "poi_score_v3": 45.665791280942358, "time_fit_score_v3": 87.843651682355954, "data_confidence_v3": 77.419354838709666, "area_quality_score_v3": 66.574349197760611, "product_weight_demand": 0.42875776396814919, "product_weight_poi": 0.22963833177845744, "product_weight_time": 0.19965786771492983, "product_weight_confidence": 0.14194603653846352, "rank_v3": 20 }, "geometry": { "type": "Polygon", "coordinates": [ [ [ -73.850297552759287, 40.72189986435334 ], [ -73.850329451022816, 40.721887034518822 ], [ -73.850362874183233, 40.721876693022971 ], [ -73.850397487919125, 40.721868943308401 ], [ -73.850432946000581, 40.721863862892846 ], [ -73.850468893752236, 40.721861502593981 ], [ -73.850504971600955, 40.721861886021138 ], [ -73.8505408186723, 40.721865009339012 ], [ -73.850576076400174, 40.72187084130605 ], [ -73.850610392113239, 40.721879323587132 ], [ -73.850643422562456, 40.721890371336777 ], [ -73.850674837354489, 40.721903874048024 ], [ -73.850704322256249, 40.721919696657579 ], [ -73.850731582338213, 40.721937680896964 ], [ -73.850756344924349, 40.721957646875353 ], [ -73.85077836231963, 40.721979394879092 ], [ -73.855221873577179, 40.72685428354125 ], [ -73.855240916806451, 40.726877579248004 ], [ -73.855267816927409, 40.726914479174951 ], [ -73.855281559624203, 40.726935382210876 ], [ -73.855292914984034, 40.726957098901622 ], [ -73.855326015307625, 40.727029198804608 ], [ -73.855335714463479, 40.727054034135953 ], [ -73.855342292384037, 40.727079454543492 ], [ -73.855345690457625, 40.72710523353603 ], [ -73.855345878404322, 40.727131141427314 ], [ -73.855261386724123, 40.72867184168939 ], [ -73.855258257545586, 40.728698227423749 ], [ -73.855251799049398, 40.728724260744769 ], [ -73.855242071402316, 40.72874969911318 ], [ -73.855229165228238, 40.728774305532291 ], [ -73.855213200764354, 40.728797850756031 ], [ -73.855194326740857, 40.72882011542471 ], [ -73.855172718995391, 40.728840892108785 ], [ -73.855148578835056, 40.7288599872414 ], [ -73.855122131160826, 40.728877222921724 ], [ -73.855093622372394, 40.728892438572529 ], [ -73.855063318072439, 40.728905492436176 ], [ -73.855031500592233, 40.728916262895453 ], [ -73.854998466361153, 40.728924649606505 ], [ -73.854964523144901, 40.728930574433882 ], [ -73.854929987178124, 40.728933982178447 ], [ -73.854895180218136, 40.728934841091601 ], [ -73.854860426546978, 40.728933143171254 ], [ -73.85482604995029, 40.728928904236199 ], [ -73.854792370700466, 40.728922163778861 ], [ -73.854759702572835, 40.728912984597258 ], [ -73.854728349922169, 40.728901452209968 ], [ -73.854698604847044, 40.728887674059344 ], [ -73.854670744468493, 40.728871778510502 ], [ -73.851436041248434, 40.726833372103741 ], [ -73.851412682208647, 40.726817292578708 ], [ -73.847490481925945, 40.72387028402111 ], [ -73.847467070687003, 40.72385092013166 ], [ -73.847446203904283, 40.723829939880744 ], [ -73.847428073301415, 40.723807536036979 ], [ -73.84741284546125, 40.723783914449044 ], [ -73.847400660295335, 40.723759292154 ], [ -73.847391629758434, 40.723733895383354 ], [ -73.847385836820095, 40.723707957484287 ], [ -73.847383334702315, 40.723681716775523 ], [ -73.847384146390752, 40.723655414357872 ], [ -73.847388264423714, 40.723629291898796 ], [ -73.847395650960763, 40.723603589411965 ], [ -73.847406238130588, 40.723578543052113 ], [ -73.84741992865473, 40.72355438294526 ], [ -73.847436596741503, 40.723531331074113 ], [ -73.847456089241845, 40.723509599238945 ], [ -73.847478227056541, 40.723489387111194 ], [ -73.847502806781918, 40.72347088039907 ], [ -73.847529602578646, 40.723454249141525 ], [ -73.850267498461548, 40.721915054193872 ], [ -73.850297552759287, 40.72189986435334 ] ] ] } },
{ "type": "Feature", "properties": { "dining_cluster_id": 128, "taxi_hotspot_id": 50, "n_restaurants": 31, "n_taxi_dropoffs": 90, "taxi_weight": 56.7, "avg_rating": 4.1166666666666663, "bayesian_rating": 4.0069660081445644, "n_rated_restaurants": 0, "rating_coverage": null, "total_review_count": 0, "dining_area_sqm": 251245.75296628004, "taxi_area_sqm": 153607.47273729404, "intersection_area_sqm": 63560.2547021922, "overlap_ratio_dining": 0.25298041440215985, "overlap_ratio_taxi": 0.41378361071596836, "min_overlap_ratio": 0.25298041440215985, "airport_overlap_ratio": 0.0, "is_airport": false, "airport_zone_id": null, "peak_hour_ratio": 0.71452702702702697, "peak_weight": 42.3, "lunch_peak_ratio": 0.050675675675675672, "lunch_weight": 3.0, "peak_time_score": 79.670903653897952, "lunch_peak_score": 0.0, "distance_to_midtown_km": 4.1973622086333053, "accessibility_proxy": 81.069116062679598, "restaurant_density": 487.7261764486102, "taxi_density": 892.06690982697421, "restaurant_score": 21.566610776601973, "taxi_score": 1.438188900798206, "popularity_score": 11.502399838700089, "rank": 18, "restaurant_score_v2": 26.063156685645744, "taxi_score_v2": 1.4686822111409332, "popularity_score_v2": 4.3841620110271524, "entropy_weight_restaurant": 0.20005164229110195, "entropy_weight_taxi": 0.75057148244721517, "entropy_weight_peak_time": 0.03862928693469727, "entropy_weight_accessibility": 0.010747588326985616, "rank_v2": 25, "demand_score_v3": 66.129032258064512, "poi_score_v3": 64.21417837771655, "time_fit_score_v3": 79.670903653897952, "data_confidence_v3": 46.935483870967744, "area_quality_score_v3": 65.822408676153515, "product_weight_demand": 0.42875776396814919, "product_weight_poi": 0.22963833177845744, "product_weight_time": 0.19965786771492983, "product_weight_confidence": 0.14194603653846352, "rank_v3": 21 }, "geometry": { "type": "Polygon", "coordinates": [ [ [ -73.936569740801133, 40.752395634476137 ], [ -73.936602193385383, 40.752389450556272 ], [ -73.936635259498033, 40.752385578338625 ], [ -73.936668655033728, 40.752384051093443 ], [ -73.93670209305678, 40.752384881942909 ], [ -73.936735286266412, 40.752388063748263 ], [ -73.936767949465249, 40.752393569171389 ], [ -73.937220603713399, 40.752486793228812 ], [ -73.937580977947889, 40.754406825804971 ], [ -73.937585857897133, 40.754446410825736 ], [ -73.937585694047328, 40.754486169212484 ], [ -73.937580487917486, 40.754525730195944 ], [ -73.93757028804886, 40.754564724847093 ], [ -73.937555189552626, 40.754602789517598 ], [ -73.937535333223195, 40.754639569231216 ], [ -73.937510904225618, 40.75467472099411 ], [ -73.937243905784044, 40.755017722063592 ], [ -73.937233106530428, 40.755031013341245 ], [ -73.936922107996622, 40.755398014558047 ], [ -73.936890691409047, 40.755431321397744 ], [ -73.936855075300059, 40.755462087672008 ], [ -73.936815612682111, 40.755490008433206 ], [ -73.936808623670146, 40.755494046766692 ], [ -73.934271364720829, 40.753879495609958 ], [ -73.934245894332008, 40.753861638613174 ], [ -73.934222792527578, 40.753842006947195 ], [ -73.93420227213052, 40.753820781468484 ], [ -73.934184522182051, 40.753798157716375 ], [ -73.934169706200208, 40.75377434411152 ], [ -73.934157960673446, 40.753749560035907 ], [ -73.934149393803381, 40.753724033811636 ], [ -73.934064295411559, 40.753407833552906 ], [ -73.934058868535899, 40.75338094563368 ], [ -73.934056968253429, 40.753353781259065 ], [ -73.934058613225375, 40.753326607251417 ], [ -73.934063787289702, 40.753299690527491 ], [ -73.934072439619982, 40.753273295476475 ], [ -73.93408448522483, 40.753247681363185 ], [ -73.934099805782878, 40.753223099781351 ], [ -73.934118250805113, 40.753199792182414 ], [ -73.93413963911317, 40.753177987504046 ], [ -73.934163760619015, 40.753157899921199 ], [ -73.934190378388635, 40.753139726742695 ], [ -73.934219230969276, 40.753123646473057 ], [ -73.934250034957628, 40.753109817059297 ], [ -73.934282487783378, 40.753098374339451 ], [ -73.936538180579461, 40.752404076965739 ], [ -73.936569740801133, 40.752395634476137 ] ] ] } },
{ "type": "Feature", "properties": { "dining_cluster_id": 10, "taxi_hotspot_id": 5, "n_restaurants": 48, "n_taxi_dropoffs": 176, "taxi_weight": 100.2, "avg_rating": 2.5538461538461537, "bayesian_rating": 4.0069660081445644, "n_rated_restaurants": 0, "rating_coverage": null, "total_review_count": 0, "dining_area_sqm": 499310.78828817961, "taxi_area_sqm": 87697.938629800527, "intersection_area_sqm": 76640.802463488581, "overlap_ratio_dining": 0.15349318352651931, "overlap_ratio_taxi": 0.87391794677195944, "min_overlap_ratio": 0.15349318352651931, "airport_overlap_ratio": 1.0000000000000002, "is_airport": true, "airport_zone_id": 132.0, "peak_hour_ratio": 0.18620689655172412, "peak_weight": 18.9, "lunch_peak_ratio": 0.29950738916256159, "lunch_weight": 30.4, "peak_time_score": 0.0, "lunch_peak_score": 62.646513830690431, "distance_to_midtown_km": 21.537884064880199, "accessibility_proxy": 34.065187988849708, "restaurant_density": 626.29824397868276, "taxi_density": 1307.3975843055005, "restaurant_score": 27.694085554952252, "taxi_score": 2.1077843757743002, "popularity_score": 14.900934965363277, "rank": 13, "restaurant_score_v2": 34.409657987026755, "taxi_score_v2": 2.1834556206844868, "popularity_score_v2": 5.7029802751861354, "entropy_weight_restaurant": 0.20005164229110195, "entropy_weight_taxi": 0.75057148244721517, "entropy_weight_peak_time": 0.03862928693469727, "entropy_weight_accessibility": 0.010747588326985616, "rank_v2": 16, "demand_score_v3": 72.58064516129032, "poi_score_v3": 66.63353321642623, "time_fit_score_v3": 0.0, "data_confidence_v3": 67.258064516129025, "area_quality_score_v3": 62.002969720746634, "product_weight_demand": 0.42875776396814919, "product_weight_poi": 0.22963833177845744, "product_weight_time": 0.19965786771492983, "product_weight_confidence": 0.14194603653846352, "rank_v3": 22 }, "geometry": { "type": "Polygon", "coordinates": [ [ [ -73.775983247132913, 40.646521473973472 ], [ -73.775965427533762, 40.646500254732416 ], [ -73.775942129457519, 40.646465725826857 ], [ -73.775735131478584, 40.646119724948164 ], [ -73.775716314008321, 40.646083913363299 ], [ -73.775701979175366, 40.646046917566863 ], [ -73.775692252798606, 40.646009062295853 ], [ -73.775687220244933, 40.645970679830711 ], [ -73.775686925680191, 40.645932107078991 ], [ -73.775706928678105, 40.645561107172206 ], [ -73.775708479006312, 40.645542567153072 ], [ -73.775741481337462, 40.645251567306474 ], [ -73.77574190962622, 40.645247974479354 ], [ -73.775751910265555, 40.645167974525776 ], [ -73.77576091418527, 40.645122751661489 ], [ -73.77577644816283, 40.645078568620349 ], [ -73.775801448561111, 40.645020568731162 ], [ -73.775817197368454, 40.64498857683666 ], [ -73.775836374395553, 40.644957689741723 ], [ -73.775858847571314, 40.644928120156521 ], [ -73.775969848113149, 40.644795120593528 ], [ -73.776005964131883, 40.644756871515206 ], [ -73.776173964474069, 40.644598872124256 ], [ -73.776209890099736, 40.644568329848532 ], [ -73.776249626301691, 40.644540661287301 ], [ -73.776411626057666, 40.644438661768802 ], [ -73.776467194936515, 40.644407980035439 ], [ -73.776548194682832, 40.644368980237331 ], [ -73.776555311504737, 40.644365612139524 ], [ -73.776598311362733, 40.644345612244081 ], [ -73.776650032047144, 40.644324404580885 ], [ -73.776704468470555, 40.644307597025502 ], [ -73.776769468135925, 40.644290597123991 ], [ -73.776771223362715, 40.644290140627092 ], [ -73.776829223062876, 40.6442751407141 ], [ -73.776881436544713, 40.64426382994224 ], [ -73.77693487611181, 40.64425656540844 ], [ -73.777089875178348, 40.644241565499556 ], [ -73.77710066990592, 40.644240604736773 ], [ -73.777260668935369, 40.644227604815974 ], [ -73.777315704613855, 40.644225286021353 ], [ -73.777370764162058, 40.644227248685993 ], [ -73.777544763103791, 40.644240248606742 ], [ -73.777599063929543, 40.644246439872198 ], [ -73.77765226002856, 40.644256795276767 ], [ -73.778151257371377, 40.644374794586568 ], [ -73.778156059951996, 40.644375948965205 ], [ -73.77929005397408, 40.644652947349719 ], [ -73.779350519034566, 40.644670829748478 ], [ -73.779513518313166, 40.644727829431211 ], [ -73.779550237165765, 40.6447419827171 ], [ -73.779585435973118, 40.644758222850278 ], [ -73.780597433023487, 40.645266220252417 ], [ -73.780640185933393, 40.645290048988286 ], [ -73.780679671151944, 40.64531695108105 ], [ -73.780715509395336, 40.645346668119672 ], [ -73.780747356409904, 40.645378914653477 ], [ -73.780774906278808, 40.645413380933988 ], [ -73.780797894360873, 40.645449735890175 ], [ -73.780816099832606, 40.645487630308509 ], [ -73.780829347809842, 40.645526700187226 ], [ -73.780837511027684, 40.645566570232944 ], [ -73.780840511063474, 40.645606857465339 ], [ -73.780838319090293, 40.645647174896062 ], [ -73.780830956154347, 40.645687135246 ], [ -73.780818492973054, 40.645726354665371 ], [ -73.780801049256198, 40.645764456420942 ], [ -73.780778792556248, 40.645801074514893 ], [ -73.780751936659286, 40.645835857200581 ], [ -73.780720739531517, 40.645868470361364 ], [ -73.78068550084167, 40.645898600720308 ], [ -73.780663236086951, 40.645914242597222 ], [ -73.775983247132913, 40.646521473973472 ] ] ] } },
{ "type": "Feature", "properties": { "dining_cluster_id": 41, "taxi_hotspot_id": 23, "n_restaurants": 72, "n_taxi_dropoffs": 1200, "taxi_weight": 723.7, "avg_rating": 3.3018181818181813, "bayesian_rating": 4.0069660081445644, "n_rated_restaurants": 0, "rating_coverage": null, "total_review_count": 0, "dining_area_sqm": 1097014.0718618142, "taxi_area_sqm": 602648.4920621434, "intersection_area_sqm": 438430.71183523984, "overlap_ratio_dining": 0.3996582387417788, "overlap_ratio_taxi": 0.72750652761947032, "min_overlap_ratio": 0.3996582387417788, "airport_overlap_ratio": 0.50342292799991628, "is_airport": true, "airport_zone_id": null, "peak_hour_ratio": 0.23890879030035822, "peak_weight": 173.4, "lunch_peak_ratio": 0.42504822265086795, "lunch_weight": 308.5, "peak_time_score": 6.5177923940518854, "lunch_peak_score": 95.041621103729739, "distance_to_midtown_km": 9.6605694171559762, "accessibility_proxy": 61.69122591023104, "restaurant_density": 164.22207216874273, "taxi_density": 1650.6599115072099, "restaurant_score": 7.2616842860052859, "taxi_score": 2.6611913720492932, "popularity_score": 4.9614378290272896, "rank": 44, "restaurant_score_v2": 6.5777908720192908, "taxi_score_v2": 2.7742012579766975, "popularity_score_v2": 2.9325210469267229, "entropy_weight_restaurant": 0.20005164229110195, "entropy_weight_taxi": 0.75057148244721517, "entropy_weight_peak_time": 0.03862928693469727, "entropy_weight_accessibility": 0.010747588326985616, "rank_v2": 34, "demand_score_v3": 74.193548387096769, "poi_score_v3": 43.246436442232678, "time_fit_score_v3": 6.5177923940518854, "data_confidence_v3": 90.967741935483872, "area_quality_score_v3": 61.837947267439716, "product_weight_demand": 0.42875776396814919, "product_weight_poi": 0.22963833177845744, "product_weight_time": 0.19965786771492983, "product_weight_confidence": 0.14194603653846352, "rank_v3": 23 }, "geometry": { "type": "Polygon", "coordinates": [ [ [ -73.876373340134009, 40.767733393953151 ], [ -73.876408051858832, 40.767741094561032 ], [ -73.876441576270537, 40.767751396557799 ], [ -73.876473577049481, 40.767764196593191 ], [ -73.876503733160661, 40.767779366256306 ], [ -73.876531742074349, 40.767796753363982 ], [ -73.876557322801062, 40.76781618348727 ], [ -73.876580218710302, 40.76783746170139 ], [ -73.876600200105443, 40.767860374541158 ], [ -73.876617066527785, 40.767884692142452 ], [ -73.876630648767843, 40.767910170548149 ], [ -73.876640810562989, 40.767936554155469 ], [ -73.876647449964523, 40.767963578280344 ], [ -73.876650500360597, 40.767990971812452 ], [ -73.876649931144698, 40.768018459935348 ], [ -73.876645748022867, 40.768045766883226 ], [ -73.87615725953755, 40.770261768377807 ], [ -73.876156290686282, 40.770265963436493 ], [ -73.875149932483339, 40.774433069147342 ], [ -73.875037761715774, 40.774492245120491 ], [ -73.874998392066502, 40.774511161542932 ], [ -73.874957030072096, 40.774527436533404 ], [ -73.874913981632545, 40.774540949726763 ], [ -73.873476974385298, 40.77493795201044 ], [ -73.873415218190715, 40.774951913055162 ], [ -73.873351718081381, 40.774960200021361 ], [ -73.872604713547631, 40.775023200404583 ], [ -73.872541171694152, 40.775025700360587 ], [ -73.87198316824454, 40.77502270034222 ], [ -73.87192850595612, 40.775020302187393 ], [ -73.871874441553814, 40.775013720477006 ], [ -73.871821527646631, 40.775003022484853 ], [ -73.871202524377836, 40.774852021604858 ], [ -73.871158546552849, 40.774839673350428 ], [ -73.871116138305311, 40.774824479978612 ], [ -73.871075617427834, 40.774806555343652 ], [ -73.870632616070793, 40.774590554230883 ], [ -73.870598306593095, 40.774572366516189 ], [ -73.867525300109236, 40.772805357890761 ], [ -73.867483972671636, 40.772779034783859 ], [ -73.867446292919055, 40.772749718106617 ], [ -73.867412634307243, 40.77271769842968 ], [ -73.867383330435217, 40.772683293113829 ], [ -73.867358671738856, 40.772646843164409 ], [ -73.867338902612616, 40.772608709851461 ], [ -73.867324218987363, 40.772569271128923 ], [ -73.867314766388759, 40.772528917888401 ], [ -73.867310638495226, 40.772488050084917 ], [ -73.867311876209911, 40.772447072772806 ], [ -73.867318467255529, 40.772406392091035 ], [ -73.867330346296612, 40.772366411237861 ], [ -73.867347395587288, 40.772327526474548 ], [ -73.867369446138724, 40.772290123198133 ], [ -73.869166460529598, 40.769608130648891 ], [ -73.869191357167111, 40.769574886999386 ], [ -73.869220204786231, 40.769543543678289 ], [ -73.869252754330731, 40.769514371282654 ], [ -73.869288724785562, 40.769487621666897 ], [ -73.869327805603035, 40.769463525768572 ], [ -73.86936965938385, 40.769442291614581 ], [ -73.869413924790052, 40.769424102525406 ], [ -73.873439907575403, 40.767949110658208 ], [ -73.873489752407153, 40.76793312824033 ], [ -73.873541445877336, 40.767921006572053 ], [ -73.875411330291456, 40.767559196149499 ], [ -73.876373340134009, 40.767733393953151 ] ] ] } },
{ "type": "Feature", "properties": { "dining_cluster_id": 105, "taxi_hotspot_id": 22, "n_restaurants": 87, "n_taxi_dropoffs": 317, "taxi_weight": 210.0, "avg_rating": 4.1117647058823534, "bayesian_rating": 4.0069660081445644, "n_rated_restaurants": 0, "rating_coverage": null, "total_review_count": 0, "dining_area_sqm": 305314.05242928769, "taxi_area_sqm": 3388029.1260003415, "intersection_area_sqm": 299209.23924396426, "overlap_ratio_dining": 0.98000480771602427, "overlap_ratio_taxi": 0.088313656145332112, "min_overlap_ratio": 0.088313656145332112, "airport_overlap_ratio": 0.0, "is_airport": false, "airport_zone_id": null, "peak_hour_ratio": 0.76766363242306013, "peak_weight": 177.1, "lunch_peak_ratio": 0.10966623320329431, "lunch_weight": 25.3, "peak_time_score": 87.843651682355954, "lunch_peak_score": 13.659069337492227, "distance_to_midtown_km": 12.864427329502076, "accessibility_proxy": 52.559655488022486, "restaurant_density": 290.76642225296854, "taxi_density": 701.84998474854478, "restaurant_score": 12.857309200207764, "taxi_score": 1.1315214665753377, "popularity_score": 6.9944153333915509, "rank": 31, "restaurant_score_v2": 14.199836219875491, "taxi_score_v2": 1.1413237749697835, "popularity_score_v2": 2.6983261752571766, "entropy_weight_restaurant": 0.20005164229110195, "entropy_weight_taxi": 0.75057148244721517, "entropy_weight_peak_time": 0.03862928693469727, "entropy_weight_accessibility": 0.010747588326985616, "rank_v2": 37, "demand_score_v3": 59.677419354838712, "poi_score_v3": 54.536759022877845, "time_fit_score_v3": 87.843651682355954, "data_confidence_v3": 77.419354838709666, "area_quality_score_v3": 61.629348767048207, "product_weight_demand": 0.42875776396814919, "product_weight_poi": 0.22963833177845744, "product_weight_time": 0.19965786771492983, "product_weight_confidence": 0.14194603653846352, "rank_v3": 24 }, "geometry": { "type": "Polygon", "coordinates": [ [ [ -73.840567073794631, 40.717703639692118 ], [ -73.84057628931869, 40.717705482386343 ], [ -73.845290272044565, 40.718698778479272 ], [ -73.845325233888886, 40.718707630180418 ], [ -73.845358826637977, 40.718719149173602 ], [ -73.845390699835207, 40.718733215287131 ], [ -73.845420520962534, 40.718749681776352 ], [ -73.845447978909476, 40.718768376854676 ], [ -73.845472787218696, 40.718789105485484 ], [ -73.847638789951475, 40.72079580028754 ], [ -73.847659979119172, 40.720817531675777 ], [ -73.847678253001234, 40.720840744806644 ], [ -73.84769343400346, 40.720865214088015 ], [ -73.847705374588685, 40.72089070171976 ], [ -73.847713958710685, 40.720916960004864 ], [ -73.847719102942094, 40.720943733756627 ], [ -73.847720757285344, 40.720970762778443 ], [ -73.847718905658695, 40.720997784392658 ], [ -73.84771356605269, 40.721024535993308 ], [ -73.847704790355522, 40.721050757598171 ], [ -73.847692663848818, 40.721076194375456 ], [ -73.847677304379104, 40.721100599120327 ], [ -73.847658861212622, 40.721123734657382 ], [ -73.847637513584729, 40.721145376145685 ], [ -73.84761346895823, 40.721165313263903 ], [ -73.846554768880296, 40.721960615573686 ], [ -73.846529695901154, 40.72197776570178 ], [ -73.846502628012814, 40.721993060075739 ], [ -73.846473801636805, 40.722006365107795 ], [ -73.846443468554483, 40.722017564585897 ], [ -73.846411893707909, 40.722026560688796 ], [ -73.846379352885648, 40.722033274840449 ], [ -73.846346130313819, 40.722037648396459 ], [ -73.846312516173469, 40.722039643156108 ], [ -73.846278804065889, 40.722039241696301 ], [ -73.843521492776489, 40.721908141162288 ], [ -73.843487227044562, 40.721905255836916 ], [ -73.843453479764534, 40.721899895243858 ], [ -73.843420559117135, 40.721892108336107 ], [ -73.843388765733962, 40.721881966223812 ], [ -73.843358389952087, 40.721869561524983 ], [ -73.835032471137268, 40.718068348221834 ], [ -73.835003595318568, 40.718053680525443 ], [ -73.834976706473341, 40.718036968663583 ], [ -73.834952053673348, 40.718018367439484 ], [ -73.834929865277175, 40.717998049157451 ], [ -73.834910346814894, 40.717976202026961 ], [ -73.834893679084274, 40.717953028419039 ], [ -73.83488001647612, 40.717928742991731 ], [ -73.834869485544289, 40.717903570701743 ], [ -73.834862183833366, 40.717877744720425 ], [ -73.834858178975438, 40.71785150427408 ], [ -73.83485750806355, 40.717825092427958 ], [ -73.834860177308443, 40.717798753834678 ], [ -73.834866161980997, 40.717772732468006 ], [ -73.834924909132852, 40.717574130602188 ], [ -73.836623188917827, 40.716957186803654 ], [ -73.840567073794631, 40.717703639692118 ] ] ] } },
{ "type": "Feature", "properties": { "dining_cluster_id": 132, "taxi_hotspot_id": 22, "n_restaurants": 39, "n_taxi_dropoffs": 317, "taxi_weight": 210.0, "avg_rating": 4.0285714285714285, "bayesian_rating": 4.0069660081445644, "n_rated_restaurants": 0, "rating_coverage": null, "total_review_count": 0, "dining_area_sqm": 286583.77597369044, "taxi_area_sqm": 3388029.1260003415, "intersection_area_sqm": 280277.83812815434, "overlap_ratio_dining": 0.97799617991593835, "overlap_ratio_taxi": 0.082725923451263172, "min_overlap_ratio": 0.082725923451263172, "airport_overlap_ratio": 0.0, "is_airport": false, "airport_zone_id": null, "peak_hour_ratio": 0.76766363242306013, "peak_weight": 177.1, "lunch_peak_ratio": 0.10966623320329431, "lunch_weight": 25.3, "peak_time_score": 87.843651682355954, "lunch_peak_score": 13.659069337492227, "distance_to_midtown_km": 10.784925540034001, "accessibility_proxy": 58.318764870478134, "restaurant_density": 139.14764099959851, "taxi_density": 749.25652845937657, "restaurant_score": 6.1529258810181604, "taxi_score": 1.2079502234758122, "popularity_score": 3.6804380522469864, "rank": 47, "restaurant_score_v2": 5.0675025713902162, "taxi_score_v2": 1.2229092175220613, "popularity_score_v2": 1.7865591280582696, "entropy_weight_restaurant": 0.20005164229110195, "entropy_weight_taxi": 0.75057148244721517, "entropy_weight_peak_time": 0.03862928693469727, "entropy_weight_accessibility": 0.010747588326985616, "rank_v2": 47, "demand_score_v3": 62.903225806451616, "poi_score_v3": 37.601275151910095, "time_fit_score_v3": 87.843651682355954, "data_confidence_v3": 77.419354838709666, "area_quality_score_v3": 61.422835253632805, "product_weight_demand": 0.42875776396814919, "product_weight_poi": 0.22963833177845744, "product_weight_time": 0.19965786771492983, "product_weight_confidence": 0.14194603653846352, "rank_v3": 25 }, "geometry": { "type": "Polygon", "coordinates": [ [ [ -73.863956996668321, 40.727411679276543 ], [ -73.863990684835699, 40.727403368464103 ], [ -73.864025281739657, 40.727397610315649 ], [ -73.864053726565501, 40.727395062819511 ], [ -73.864589157803223, 40.727905765375432 ], [ -73.866226497930157, 40.731191820659909 ], [ -73.866013731372149, 40.732846798967572 ], [ -73.864254821496061, 40.733847594075662 ], [ -73.864225393078954, 40.733862680238829 ], [ -73.864194158817639, 40.733875494470638 ], [ -73.864161420833923, 40.733885912821556 ], [ -73.864127495795287, 40.733893834516969 ], [ -73.864092711851782, 40.733899182931836 ], [ -73.86405740546175, 40.733901906331909 ], [ -73.864021918137269, 40.73390197837432 ], [ -73.863986593140623, 40.73389939836219 ], [ -73.863951772163873, 40.733894191251458 ], [ -73.863917792023585, 40.73388640740955 ], [ -73.863884981402833, 40.733876122128066 ], [ -73.863853657671712, 40.733863434894502 ], [ -73.86382412381748, 40.73384846842994 ], [ -73.859670217588601, 40.731511060760781 ], [ -73.859643979356093, 40.731494793117314 ], [ -73.85961986055554, 40.73147672664912 ], [ -73.859598073451536, 40.731457020356807 ], [ -73.859578809787266, 40.731435847672756 ], [ -73.85956223909696, 40.731413394934677 ], [ -73.859548507213873, 40.731389859745526 ], [ -73.859537734987043, 40.731365449234794 ], [ -73.859530017217637, 40.731340378235039 ], [ -73.859076226802358, 40.729476176849701 ], [ -73.859071456639427, 40.729449129124184 ], [ -73.85907024077224, 40.729421854736508 ], [ -73.85907259121602, 40.729394623309695 ], [ -73.859078484730915, 40.729367704041785 ], [ -73.859087863052068, 40.729341363044647 ], [ -73.859100633465616, 40.729315860713285 ], [ -73.859116669725452, 40.729291449151788 ], [ -73.85913581330135, 40.729268369681058 ], [ -73.859157874946206, 40.729246850453471 ], [ -73.859182636566942, 40.72922710419725 ], [ -73.859209853380591, 40.729209326113896 ], [ -73.859239256333979, 40.729193691948225 ], [ -73.859270554763597, 40.729180356251454 ], [ -73.863924541827004, 40.727422462677396 ], [ -73.863956996668321, 40.727411679276543 ] ] ] } },
{ "type": "Feature", "properties": { "dining_cluster_id": 127, "taxi_hotspot_id": 48, "n_restaurants": 88, "n_taxi_dropoffs": 270, "taxi_weight": 173.7, "avg_rating": 4.3147540983606563, "bayesian_rating": 4.0069660081445644, "n_rated_restaurants": 0, "rating_coverage": null, "total_review_count": 0, "dining_area_sqm": 560504.21138580644, "taxi_area_sqm": 349154.25505180674, "intersection_area_sqm": 246487.96209114586, "overlap_ratio_dining": 0.43976112415234503, "overlap_ratio_taxi": 0.70595720523174643, "min_overlap_ratio": 0.43976112415234503, "airport_overlap_ratio": 0.0, "is_airport": false, "airport_zone_id": null, "peak_hour_ratio": 0.57513513513513514, "peak_weight": 106.4, "lunch_peak_ratio": 0.18270270270270272, "lunch_weight": 33.8, "peak_time_score": 58.231543703223807, "lunch_peak_score": 32.505720252055283, "distance_to_midtown_km": 3.5996563410616487, "accessibility_proxy": 83.528456393828549, "restaurant_density": 357.01540656764212, "taxi_density": 704.69972864544809, "restaurant_score": 15.786752252584751, "taxi_score": 1.1361158193054917, "popularity_score": 8.4614340359451212, "rank": 26, "restaurant_score_v2": 18.190158682788837, "taxi_score_v2": 1.1462281109282884, "popularity_score_v2": 3.1349691105964723, "entropy_weight_restaurant": 0.20005164229110195, "entropy_weight_taxi": 0.75057148244721517, "entropy_weight_peak_time": 0.03862928693469727, "entropy_weight_accessibility": 0.010747588326985616, "rank_v2": 31, "demand_score_v3": 61.29032258064516, "poi_score_v3": 58.569017087393966, "time_fit_score_v3": 58.231543703223807, "data_confidence_v3": 72.903225806451616, "area_quality_score_v3": 60.605971752694508, "product_weight_demand": 0.42875776396814919, "product_weight_poi": 0.22963833177845744, "product_weight_time": 0.19965786771492983, "product_weight_confidence": 0.14194603653846352, "rank_v3": 26 }, "geometry": { "type": "Polygon", "coordinates": [ [ [ -73.946334896714475, 40.744599772146721 ], [ -73.946369812304155, 40.744593380574578 ], [ -73.946405390256146, 40.74458965994878 ], [ -73.946441278256088, 40.744588647113169 ], [ -73.946477120919369, 40.744590352097468 ], [ -73.946512563310392, 40.744594758017925 ], [ -73.946547254457045, 40.744601821244395 ], [ -73.946580850826336, 40.744611471832592 ], [ -73.946613019725987, 40.744623614216437 ], [ -73.946643442598926, 40.744638128154627 ], [ -73.946671818177748, 40.744654869921106 ], [ -73.946697865468067, 40.744673673728357 ], [ -73.946721326530948, 40.744694353369198 ], [ -73.949555295762678, 40.74745920874215 ], [ -73.949313380751661, 40.747827852738538 ], [ -73.949277246760147, 40.747874853808803 ], [ -73.94851324988575, 40.748732856753733 ], [ -73.948483842173346, 40.74876285059873 ], [ -73.948450975551026, 40.748790690293234 ], [ -73.948414921436097, 40.748816145929446 ], [ -73.947374920051075, 40.749486149058789 ], [ -73.947334064727556, 40.749510025119193 ], [ -73.947290409763539, 40.74953083923824 ], [ -73.947244350602148, 40.749548402872655 ], [ -73.947196304465763, 40.749562556923301 ], [ -73.947146706576603, 40.749573173176572 ], [ -73.947096006214096, 40.749580155465594 ], [ -73.947044662644899, 40.749583440541691 ], [ -73.946993140962491, 40.749582998647099 ], [ -73.946941907873793, 40.749578833784732 ], [ -73.946891427471456, 40.749570983681799 ], [ -73.946842157029508, 40.749559519448084 ], [ -73.94679454286107, 40.749544544931766 ], [ -73.940939517367056, 40.747449533327924 ], [ -73.940892876170267, 40.747430676707815 ], [ -73.940848873417892, 40.747408452836417 ], [ -73.940807928048926, 40.747383073302863 ], [ -73.940770429892297, 40.747354779740611 ], [ -73.94073673595534, 40.747323841526601 ], [ -73.940707167024982, 40.747290553216565 ], [ -73.940682004613564, 40.747255231740532 ], [ -73.940425006907276, 40.746848230662017 ], [ -73.940404756478344, 40.746811764328257 ], [ -73.940389204474243, 40.746773987478853 ], [ -73.940378494656258, 40.746735249339238 ], [ -73.940372726021891, 40.746695908020712 ], [ -73.940371951889858, 40.746656327209998 ], [ -73.940376179407693, 40.746616872807174 ], [ -73.940385369485838, 40.746577909543063 ], [ -73.940399437159428, 40.746539797607625 ], [ -73.940418252373959, 40.74650288932024 ], [ -73.940441641187974, 40.746467525872809 ], [ -73.940453099183557, 40.746453695233875 ], [ -73.941010538822653, 40.746242436467355 ], [ -73.941035806032815, 40.746233765227217 ], [ -73.946300989242673, 40.744608771371972 ], [ -73.946334896714475, 40.744599772146721 ] ] ] } },
{ "type": "Feature", "properties": { "dining_cluster_id": 127, "taxi_hotspot_id": 49, "n_restaurants": 88, "n_taxi_dropoffs": 109, "taxi_weight": 72.7, "avg_rating": 4.3147540983606563, "bayesian_rating": 4.0069660081445644, "n_rated_restaurants": 0, "rating_coverage": null, "total_review_count": 0, "dining_area_sqm": 560504.21138580644, "taxi_area_sqm": 179023.11818568737, "intersection_area_sqm": 109136.15039086733, "overlap_ratio_dining": 0.19471066973972601, "overlap_ratio_taxi": 0.60962043057293036, "min_overlap_ratio": 0.19471066973972601, "airport_overlap_ratio": 0.0, "is_airport": false, "airport_zone_id": null, "peak_hour_ratio": 0.66334164588528677, "peak_weight": 53.2, "lunch_peak_ratio": 0.11471321695760599, "lunch_weight": 9.2, "peak_time_score": 71.798266331769398, "lunch_peak_score": 14.961415160625878, "distance_to_midtown_km": 3.961950872831344, "accessibility_proxy": 82.028983517760906, "restaurant_density": 806.33227106537151, "taxi_density": 666.14041030059673, "restaurant_score": 35.654953714613022, "taxi_score": 1.0739505455406952, "popularity_score": 18.36445213007686, "rank": 11, "restaurant_score_v2": 45.253504572817285, "taxi_score_v2": 1.0798685157030394, "popularity_score_v2": 6.946478069269153, "entropy_weight_restaurant": 0.20005164229110195, "entropy_weight_taxi": 0.75057148244721517, "entropy_weight_peak_time": 0.03862928693469727, "entropy_weight_accessibility": 0.010747588326985616, "rank_v2": 13, "demand_score_v3": 58.064516129032263, "poi_score_v3": 69.859339668039127, "time_fit_score_v3": 71.798266331769398, "data_confidence_v3": 52.58064516129032, "area_quality_score_v3": 59.686248096947068, "product_weight_demand": 0.42875776396814919, "product_weight_poi": 0.22963833177845744, "product_weight_time": 0.19965786771492983, "product_weight_confidence": 0.14194603653846352, "rank_v3": 27 }, "geometry": { "type": "Polygon", "coordinates": [ [ [ -73.939190642821899, 40.752328322113115 ], [ -73.939157247026458, 40.752336569359244 ], [ -73.939122955464413, 40.752342309826112 ], [ -73.939088092680805, 40.752345489184243 ], [ -73.939052988627068, 40.752346077343319 ], [ -73.939017975538135, 40.752344068736804 ], [ -73.938983384788074, 40.752339482374779 ], [ -73.93894954375358, 40.752332361663804 ], [ -73.938916772715601, 40.752322773996426 ], [ -73.938885381828001, 40.752310810112945 ], [ -73.938855668182043, 40.752296583242924 ], [ -73.938827912994626, 40.752280228033328 ], [ -73.93880237894669, 40.752261899274146 ], [ -73.93877930769716, 40.75224177043355 ], [ -73.938758917595777, 40.752220032015877 ], [ -73.93874140161671, 40.752196889758764 ], [ -73.938726925532151, 40.752172562685914 ], [ -73.938715626343622, 40.752147281034112 ], [ -73.937403642997964, 40.748663877119874 ], [ -73.937395138760536, 40.748635807026908 ], [ -73.937390549600835, 40.748607213694498 ], [ -73.937389926059112, 40.748578412051593 ], [ -73.937393274997959, 40.748549719321169 ], [ -73.937394630337195, 40.748544459895648 ], [ -73.937434305823885, 40.748530109449284 ], [ -73.937483341639577, 40.748516599806933 ], [ -73.937533859250721, 40.748506741371123 ], [ -73.937585389800944, 40.748500625638357 ], [ -73.937637455033268, 40.748498309368991 ], [ -73.937689571728598, 40.748499814060338 ], [ -73.939608560000963, 40.748625813291888 ], [ -73.939660073991888, 40.748631100179466 ], [ -73.939710683797202, 40.748640120055441 ], [ -73.939759922823129, 40.748652789761827 ], [ -73.939807337113038, 40.748668992491083 ], [ -73.939852489532441, 40.748688578863195 ], [ -73.940766486693192, 40.749130576580114 ], [ -73.940775637648713, 40.749135100964651 ], [ -73.941517635516135, 40.749510099052884 ], [ -73.941558661503805, 40.749533018296077 ], [ -73.94159667546684, 40.749558766750944 ], [ -73.941631341293558, 40.749587116757397 ], [ -73.941662352474353, 40.749617817652862 ], [ -73.941689434811749, 40.749650597988563 ], [ -73.941712348845002, 40.749685167929485 ], [ -73.941730891967381, 40.749721221816912 ], [ -73.941744900217799, 40.749758440870941 ], [ -73.94175424973082, 40.749796496009075 ], [ -73.941758857831928, 40.749835050755721 ], [ -73.941765858820531, 40.749957050723133 ], [ -73.941766270423287, 40.749966962656927 ], [ -73.941788277383893, 40.750823962554527 ], [ -73.941786900587147, 40.750862423518406 ], [ -73.94178080870897, 40.750900618797445 ], [ -73.941770054943248, 40.750938214822803 ], [ -73.941754733197612, 40.750974883258529 ], [ -73.941734977273725, 40.751010303869073 ], [ -73.941283877744141, 40.751724289365974 ], [ -73.939190642821899, 40.752328322113115 ] ] ] } },
{ "type": "Feature", "properties": { "dining_cluster_id": 53, "taxi_hotspot_id": 57, "n_restaurants": 99, "n_taxi_dropoffs": 132, "taxi_weight": 92.6, "avg_rating": 4.0745098039215684, "bayesian_rating": 4.0069660081445644, "n_rated_restaurants": 0, "rating_coverage": null, "total_review_count": 0, "dining_area_sqm": 1028938.5639822208, "taxi_area_sqm": 164334.98635504642, "intersection_area_sqm": 154896.51051145309, "overlap_ratio_dining": 0.15054009630270751, "overlap_ratio_taxi": 0.9425656334482454, "min_overlap_ratio": 0.15054009630270751, "airport_overlap_ratio": 0.0, "is_airport": false, "airport_zone_id": null, "peak_hour_ratio": 0.72431077694235591, "peak_weight": 86.7, "lunch_peak_ratio": 0.15622389306599832, "lunch_weight": 18.7, "peak_time_score": 81.175706646777883, "lunch_peak_score": 25.673012082061138, "distance_to_midtown_km": 6.6153923476249759, "accessibility_proxy": 71.837065008946126, "restaurant_density": 639.13641226075208, "taxi_density": 597.8185027812691, "restaurant_score": 28.261772490355199, "taxi_score": 0.96380207125784467, "popularity_score": 14.612787280806522, "rank": 14, "restaurant_score_v2": 35.182929182178597, "taxi_score_v2": 0.96228826992556593, "popularity_score_v2": 5.5278999589777005, "entropy_weight_restaurant": 0.20005164229110195, "entropy_weight_taxi": 0.75057148244721517, "entropy_weight_peak_time": 0.03862928693469727, "entropy_weight_accessibility": 0.010747588326985616, "rank_v2": 17, "demand_score_v3": 54.838709677419352, "poi_score_v3": 68.246436442232678, "time_fit_score_v3": 81.175706646777883, "data_confidence_v3": 61.612903225806448, "area_quality_score_v3": 58.200604101094719, "product_weight_demand": 0.42875776396814919, "product_weight_poi": 0.22963833177845744, "product_weight_time": 0.19965786771492983, "product_weight_confidence": 0.14194603653846352, "rank_v3": 28 }, "geometry": { "type": "Polygon", "coordinates": [ [ [ -73.943790235803448, 40.8069670829654 ], [ -73.943801207549612, 40.806945786535742 ], [ -73.943814474534321, 40.806925258079396 ], [ -73.943829944645429, 40.806905640121393 ], [ -73.944124516171172, 40.806565116716442 ], [ -73.946040257179305, 40.806017645949581 ], [ -73.946091261948297, 40.806005218772931 ], [ -73.946143632265873, 40.805996678842334 ], [ -73.946196856358327, 40.805992109611665 ], [ -73.946250414109159, 40.805991555732412 ], [ -73.946303782141499, 40.805995022617132 ], [ -73.946356438932341, 40.806002476386816 ], [ -73.946407869908654, 40.806013844201672 ], [ -73.946457572475666, 40.806029014973085 ], [ -73.946505060928146, 40.806047840449033 ], [ -73.947019059128422, 40.806276839240184 ], [ -73.947063547553427, 40.80629895720304 ], [ -73.947104969134685, 40.806324281599991 ], [ -73.947142925078467, 40.806352568618131 ], [ -73.947177049955386, 40.806383545921186 ], [ -73.947207015218694, 40.806416915271612 ], [ -73.947232532367508, 40.806452355401625 ], [ -73.947253355724513, 40.806489525106265 ], [ -73.947269284801536, 40.806528066528188 ], [ -73.947280166229945, 40.806567608603061 ], [ -73.947285895237641, 40.806607770631977 ], [ -73.947286416658059, 40.806648165946477 ], [ -73.947281725461636, 40.806688405631512 ], [ -73.947271866804641, 40.806728102269645 ], [ -73.946823877382442, 40.808146104295133 ], [ -73.946812366347132, 40.808177132064202 ], [ -73.946797695603962, 40.808207380397221 ], [ -73.946748696165116, 40.808297380607748 ], [ -73.946729920417866, 40.808328202355135 ], [ -73.946707865084178, 40.808357743353341 ], [ -73.946682680251854, 40.808385802568523 ], [ -73.943379690075886, 40.811757814888033 ], [ -73.943353649653105, 40.8117823746026 ], [ -73.943325211291565, 40.811805347787526 ], [ -73.942908211235959, 40.812117349147876 ], [ -73.942853708339726, 40.812153034773587 ], [ -73.942776708174392, 40.812197034988742 ], [ -73.942733142708462, 40.812219497905588 ], [ -73.94268691363574, 40.812238642496588 ], [ -73.942638457386153, 40.812254288024604 ], [ -73.942588231416735, 40.8122662867857 ], [ -73.942536709892636, 40.812274525503753 ], [ -73.942484379210597, 40.812278926399905 ], [ -73.942431733406693, 40.81227944792672 ], [ -73.942379269492207, 40.812276085160697 ], [ -73.942327482761101, 40.812268869848559 ], [ -73.942276862113957, 40.812257870107572 ], [ -73.942227885442165, 40.812243189782478 ], [ -73.942181015116105, 40.812224967465106 ], [ -73.942136693619844, 40.812203375185767 ], [ -73.942095339373807, 40.812178616789247 ], [ -73.942057342784338, 40.812150926010283 ], [ -73.942023062558178, 40.812120564266699 ], [ -73.941992822315967, 40.812087818191642 ], [ -73.941966907537221, 40.812052996927214 ], [ -73.941945562865342, 40.81201642920616 ], [ -73.941928989798285, 40.811978460248099 ], [ -73.941917344786518, 40.811939448500574 ], [ -73.941910737756345, 40.811899762255017 ], [ -73.94190923107243, 40.811859776169769 ], [ -73.941912838949492, 40.811819867733149 ], [ -73.941923839515624, 40.811748867783962 ], [ -73.941931684962427, 40.811712408732753 ], [ -73.942386637046042, 40.810065926121517 ], [ -73.943790235803448, 40.8069670829654 ] ] ] } },
{ "type": "Feature", "properties": { "dining_cluster_id": 54, "taxi_hotspot_id": 36, "n_restaurants": 76, "n_taxi_dropoffs": 294, "taxi_weight": 189.9, "avg_rating": 4.0941176470588232, "bayesian_rating": 4.0069660081445644, "n_rated_restaurants": 0, "rating_coverage": null, "total_review_count": 0, "dining_area_sqm": 1245843.2053448702, "taxi_area_sqm": 684318.49460922356, "intersection_area_sqm": 316790.49458596448, "overlap_ratio_dining": 0.25427798074981001, "overlap_ratio_taxi": 0.4629284420653661, "min_overlap_ratio": 0.25427798074981001, "airport_overlap_ratio": 0.0, "is_airport": false, "airport_zone_id": null, "peak_hour_ratio": 0.71943193626602009, "peak_weight": 207.7, "lunch_peak_ratio": 0.12469691721510219, "lunch_weight": 36.0, "peak_time_score": 80.425309905745948, "lunch_peak_score": 17.537652961799832, "distance_to_midtown_km": 8.0151965132809284, "accessibility_proxy": 66.981091311216247, "restaurant_density": 239.90618815545486, "taxi_density": 599.4498043515905, "restaurant_score": 10.608336465598937, "taxi_score": 0.96643205314199054, "popularity_score": 5.7873842593704641, "rank": 39, "restaurant_score_v2": 11.136412128354912, "taxi_score_v2": 0.96509569797521888, "popularity_score_v2": 2.2095040355463214, "entropy_weight_restaurant": 0.20005164229110195, "entropy_weight_taxi": 0.75057148244721517, "entropy_weight_peak_time": 0.03862928693469727, "entropy_weight_accessibility": 0.010747588326985616, "rank_v2": 40, "demand_score_v3": 56.451612903225815, "poi_score_v3": 48.891597732555255, "time_fit_score_v3": 80.425309905745948, "data_confidence_v3": 75.161290322580641, "area_quality_score_v3": 57.538243728459094, "product_weight_demand": 0.42875776396814919, "product_weight_poi": 0.22963833177845744, "product_weight_time": 0.19965786771492983, "product_weight_confidence": 0.14194603653846352, "rank_v3": 29 }, "geometry": { "type": "Polygon", "coordinates": [ [ [ -73.954276634381102, 40.821626976454937 ], [ -73.954307515575834, 40.821639836884081 ], [ -73.954336601945698, 40.821654920136957 ], [ -73.954363617149298, 40.821672082912521 ], [ -73.954388304522084, 40.821691162152639 ], [ -73.954410429514908, 40.821711976591388 ], [ -73.954429781922386, 40.821734328477042 ], [ -73.954446177880087, 40.82175800545091 ], [ -73.954459461611435, 40.821782782564682 ], [ -73.954469506907785, 40.821808424417782 ], [ -73.954476218327628, 40.821834687393689 ], [ -73.954479532103477, 40.821861321974467 ], [ -73.95447941674783, 40.821888075111268 ], [ -73.954475873352578, 40.821914692628702 ], [ -73.954468935578618, 40.821940921639516 ], [ -73.95416934002732, 40.82284332253974 ], [ -73.954159560480846, 40.822867876538375 ], [ -73.954146805938905, 40.822891629695178 ], [ -73.954131187816841, 40.82291437451228 ], [ -73.948959808709304, 40.829656188357482 ], [ -73.948940949551769, 40.829678265643132 ], [ -73.948919393375263, 40.829698869476992 ], [ -73.948895338362192, 40.829717810429926 ], [ -73.94886900566965, 40.829734914360948 ], [ -73.947465003843689, 40.830561717026278 ], [ -73.947436867383516, 40.830576714651976 ], [ -73.947406982111829, 40.83058961377612 ], [ -73.94737561844957, 40.830600297678814 ], [ -73.947343060195507, 40.830608669684949 ], [ -73.947309601958338, 40.830614654039017 ], [ -73.947275546490616, 40.830618196590471 ], [ -73.947241201949325, 40.830619265283978 ], [ -73.947206879107242, 40.830617850449215 ], [ -73.947172888540763, 40.830613964888585 ], [ -73.947139537819552, 40.83060764376129 ], [ -73.947107128723303, 40.83059894426512 ], [ -73.947075954510922, 40.830587945119021 ], [ -73.947046297266922, 40.830574745850598 ], [ -73.947018425348787, 40.830559465895625 ], [ -73.946992590958715, 40.830542243517179 ], [ -73.946969027861442, 40.830523234554569 ], [ -73.946394092581968, 40.830012806485925 ], [ -73.950662088953806, 40.820291323985536 ], [ -73.954276634381102, 40.821626976454937 ] ] ] } },
{ "type": "Feature", "properties": { "dining_cluster_id": 56, "taxi_hotspot_id": 15, "n_restaurants": 56, "n_taxi_dropoffs": 124, "taxi_weight": 90.7, "avg_rating": 4.2085106382978728, "bayesian_rating": 4.0069660081445644, "n_rated_restaurants": 0, "rating_coverage": null, "total_review_count": 0, "dining_area_sqm": 275854.20003460813, "taxi_area_sqm": 2535680.3066551764, "intersection_area_sqm": 178706.93348223585, "overlap_ratio_dining": 0.64783111317433495, "overlap_ratio_taxi": 0.070476918171900271, "min_overlap_ratio": 0.070476918171900271, "airport_overlap_ratio": 0.0, "is_airport": false, "airport_zone_id": null, "peak_hour_ratio": 0.76550998948475291, "peak_weight": 72.8, "lunch_peak_ratio": 0.12513144058885384, "lunch_weight": 11.9, "peak_time_score": 87.512407694395691, "lunch_peak_score": 17.649779278904766, "distance_to_midtown_km": 15.833474464432346, "accessibility_proxy": 45.308582004390175, "restaurant_density": 313.36221213580734, "taxi_density": 507.53486858424509, "restaurant_score": 13.856465343807555, "taxi_score": 0.81824693498329093, "popularity_score": 7.337356139395423, "rank": 30, "restaurant_score_v2": 15.560830488232769, "taxi_score_v2": 0.80691245733475647, "popularity_score_v2": 2.7552696161811965, "entropy_weight_restaurant": 0.20005164229110195, "entropy_weight_taxi": 0.75057148244721517, "entropy_weight_peak_time": 0.03862928693469727, "entropy_weight_accessibility": 0.010747588326985616, "rank_v2": 36, "demand_score_v3": 51.612903225806448, "poi_score_v3": 55.343210635781062, "time_fit_score_v3": 87.512407694395691, "data_confidence_v3": 57.661290322580641, "area_quality_score_v3": 54.447997243578094, "product_weight_demand": 0.42875776396814919, "product_weight_poi": 0.22963833177845744, "product_weight_time": 0.19965786771492983, "product_weight_confidence": 0.14194603653846352, "rank_v3": 30 }, "geometry": { "type": "Polygon", "coordinates": [ [ [ -73.909844210742193, 40.88502395976446 ], [ -73.90987809295828, 40.885017528234265 ], [ -73.909912634619801, 40.885013607140586 ], [ -73.90994751357573, 40.885012233053317 ], [ -73.909982404529416, 40.885013418787828 ], [ -73.910016982072335, 40.885017153285396 ], [ -73.910050923718813, 40.885023401716431 ], [ -73.910083912913677, 40.885032105805294 ], [ -73.910115641984376, 40.885043184373664 ], [ -73.910145815010466, 40.885056534097828 ], [ -73.910174150583416, 40.885072030472045 ], [ -73.911297149258772, 40.885751028306466 ], [ -73.911323994121176, 40.885768976230054 ], [ -73.911348371062886, 40.88578884926671 ], [ -73.91137004153363, 40.885810452942799 ], [ -73.911388793467566, 40.885833575848807 ], [ -73.911404443358464, 40.885857991708086 ], [ -73.911416838055615, 40.885883461591099 ], [ -73.91142585626271, 40.885909736253659 ], [ -73.911431409724827, 40.885936558575636 ], [ -73.911433444092296, 40.885963666077437 ], [ -73.911431939452783, 40.885990793488361 ], [ -73.911426910526188, 40.886017675342536 ], [ -73.911418406520852, 40.886044048576785 ], [ -73.911406510652199, 40.886069655104997 ], [ -73.911391339328432, 40.886094244343568 ], [ -73.911373041011615, 40.886117575663818 ], [ -73.911351794764911, 40.886139420746773 ], [ -73.911327808500346, 40.886159565817316 ], [ -73.911301316944332, 40.886177813736616 ], [ -73.911272579340562, 40.88619398593098 ], [ -73.91006777704655, 40.886804288000917 ], [ -73.910042084439709, 40.886816161073455 ], [ -73.90237495137437, 40.890035095428082 ], [ -73.901956855381087, 40.887813017480184 ], [ -73.904180383680696, 40.886792822422187 ], [ -73.904204721301525, 40.886782603980002 ], [ -73.904230021684839, 40.886773835181337 ], [ -73.909811303972489, 40.885032841747865 ], [ -73.909844210742193, 40.88502395976446 ] ] ] } },
{ "type": "Feature", "properties": { "dining_cluster_id": 44, "taxi_hotspot_id": 29, "n_restaurants": 171, "n_taxi_dropoffs": 322, "taxi_weight": 224.0, "avg_rating": 4.0109375, "bayesian_rating": 4.0069660081445644, "n_rated_restaurants": 0, "rating_coverage": null, "total_review_count": 0, "dining_area_sqm": 2089048.356706972, "taxi_area_sqm": 683790.51780964842, "intersection_area_sqm": 507270.52991162648, "overlap_ratio_dining": 0.24282373755639236, "overlap_ratio_taxi": 0.74185078134242122, "min_overlap_ratio": 0.24282373755639236, "airport_overlap_ratio": 0.0, "is_airport": false, "airport_zone_id": null, "peak_hour_ratio": 0.80346607669616521, "peak_weight": 217.9, "lunch_peak_ratio": 0.098082595870206499, "lunch_weight": 26.6, "peak_time_score": 93.350295429471217, "lunch_peak_score": 10.669976756293805, "distance_to_midtown_km": 11.144156449844276, "accessibility_proxy": 57.280620966880861, "restaurant_density": 337.09823440717236, "taxi_density": 441.57897372635443, "restaurant_score": 14.906041065657748, "taxi_score": 0.71191294267633454, "popularity_score": 7.8089770041670414, "rank": 29, "restaurant_score_v2": 16.990503468572495, "taxi_score_v2": 0.69340405849987097, "popularity_score_v2": 2.9448570216044714, "entropy_weight_restaurant": 0.20005164229110195, "entropy_weight_taxi": 0.75057148244721517, "entropy_weight_peak_time": 0.03862928693469727, "entropy_weight_accessibility": 0.010747588326985616, "rank_v2": 33, "demand_score_v3": 48.387096774193552, "poi_score_v3": 56.956113861587511, "time_fit_score_v3": 93.350295429471217, "data_confidence_v3": 79.677419354838705, "area_quality_score_v3": 53.565583378877278, "product_weight_demand": 0.42875776396814919, "product_weight_poi": 0.22963833177845744, "product_weight_time": 0.19965786771492983, "product_weight_confidence": 0.14194603653846352, "rank_v3": 31 }, "geometry": { "type": "Polygon", "coordinates": [ [ [ -73.940505710062965, 40.851235453774173 ], [ -73.940490754544768, 40.851271733796146 ], [ -73.940324255931458, 40.851595134276394 ], [ -73.940322594522442, 40.851598303112361 ], [ -73.938363909966185, 40.855267408733901 ], [ -73.938348634660585, 40.855292352075573 ], [ -73.938330147768227, 40.855316009202646 ], [ -73.938308634978171, 40.855338142490098 ], [ -73.938284312373895, 40.855358529619025 ], [ -73.938257424262844, 40.855376965809612 ], [ -73.938228240722538, 40.855393265878249 ], [ -73.938197054887837, 40.855407266097643 ], [ -73.933736458302178, 40.857186891948963 ], [ -73.933371256679649, 40.85677811574817 ], [ -73.933354604831706, 40.856758279858724 ], [ -73.933228605551051, 40.856598279356355 ], [ -73.933202715627957, 40.856561242064906 ], [ -73.933181921652647, 40.856522397431924 ], [ -73.933166439305623, 40.856482148380955 ], [ -73.933156429170523, 40.856440912402412 ], [ -73.933151995068798, 40.856399117222999 ], [ -73.933153182983276, 40.85635719636894 ], [ -73.933159980581593, 40.856315584669417 ], [ -73.934811035954624, 40.849197592222779 ], [ -73.934821798552406, 40.849161020384187 ], [ -73.93483689576091, 40.849125343145779 ], [ -73.934856202496263, 40.84909085608561 ], [ -73.934879558800347, 40.849057844920729 ], [ -73.934906771166112, 40.849026583140549 ], [ -73.934937614140907, 40.848997329740769 ], [ -73.937842617661119, 40.846485339881689 ], [ -73.937877663178114, 40.846457739631802 ], [ -73.937915937784041, 40.846432734744127 ], [ -73.937957109539298, 40.846410542073315 ], [ -73.938000821379987, 40.846391354084894 ], [ -73.93804669421435, 40.846375337186188 ], [ -73.938094330210433, 40.846362630283217 ], [ -73.93814331624607, 40.846353343576112 ], [ -73.938193227491595, 40.846347557603444 ], [ -73.938243631093926, 40.846345322543776 ], [ -73.939923620698224, 40.846330322635531 ], [ -73.939974848521572, 40.846331705189712 ], [ -73.940025675433262, 40.846336755512588 ], [ -73.940075647079183, 40.846345428458129 ], [ -73.940124316750229, 40.846357646496756 ], [ -73.940171249375354, 40.846373300408345 ], [ -73.940216025410621, 40.846392250258596 ], [ -73.940258244589373, 40.846414326649885 ], [ -73.940297529500356, 40.846439332235406 ], [ -73.940333528961375, 40.846467043483202 ], [ -73.940365921158573, 40.846497212674443 ], [ -73.94107192331164, 40.847222210037174 ], [ -73.941101892149518, 40.847256435174081 ], [ -73.941568194008809, 40.847851369786731 ], [ -73.940505710062965, 40.851235453774173 ] ] ] } },
{ "type": "Feature", "properties": { "dining_cluster_id": 54, "taxi_hotspot_id": 35, "n_restaurants": 76, "n_taxi_dropoffs": 105, "taxi_weight": 71.3, "avg_rating": 4.0941176470588232, "bayesian_rating": 4.0069660081445644, "n_rated_restaurants": 0, "rating_coverage": null, "total_review_count": 0, "dining_area_sqm": 1245843.2053448702, "taxi_area_sqm": 191175.11601078871, "intersection_area_sqm": 178053.64759422018, "overlap_ratio_dining": 0.14291818330777184, "overlap_ratio_taxi": 0.9313641404259535, "min_overlap_ratio": 0.14291818330777184, "airport_overlap_ratio": 0.0, "is_airport": false, "airport_zone_id": null, "peak_hour_ratio": 0.73378839590443679, "peak_weight": 64.5, "lunch_peak_ratio": 0.12514220705346984, "lunch_weight": 11.0, "peak_time_score": 82.633424751077527, "lunch_peak_score": 17.652557504654073, "distance_to_midtown_km": 8.1144701741033654, "accessibility_proxy": 66.649442185703663, "restaurant_density": 426.8376471185926, "taxi_density": 400.44110841520592, "restaurant_score": 18.87420000139609, "taxi_score": 0.6455905394560415, "popularity_score": 9.7598952704260657, "rank": 22, "restaurant_score_v2": 22.395706251005461, "taxi_score_v2": 0.62260685025920359, "popularity_score_v2": 3.6493230681549935, "entropy_weight_restaurant": 0.20005164229110195, "entropy_weight_taxi": 0.75057148244721517, "entropy_weight_peak_time": 0.03862928693469727, "entropy_weight_accessibility": 0.010747588326985616, "rank_v2": 29, "demand_score_v3": 46.774193548387096, "poi_score_v3": 62.601275151910095, "time_fit_score_v3": 82.633424751077527, "data_confidence_v3": 50.322580645161295, "area_quality_score_v3": 50.870528277073824, "product_weight_demand": 0.42875776396814919, "product_weight_poi": 0.22963833177845744, "product_weight_time": 0.19965786771492983, "product_weight_confidence": 0.14194603653846352, "rank_v3": 32 }, "geometry": { "type": "Polygon", "coordinates": [ [ [ -73.939791388159279, 40.823655113880378 ], [ -73.940237705814567, 40.823012810975172 ], [ -73.940261841653268, 40.822981501213363 ], [ -73.940289512505373, 40.82295192728612 ], [ -73.940320503459205, 40.822924318880958 ], [ -73.940354573818254, 40.822898890419751 ], [ -73.941901572458775, 40.821841895228452 ], [ -73.941956782170507, 40.821808830899315 ], [ -73.942000782052446, 40.821785831015269 ], [ -73.942055032376516, 40.821760893512568 ], [ -73.942267031539686, 40.821675893972539 ], [ -73.942315746021279, 40.82165865109193 ], [ -73.942366469018566, 40.821645158220981 ], [ -73.942418701749958, 40.82163554804076 ], [ -73.942471930588837, 40.821629915052227 ], [ -73.942525632113956, 40.821628314646844 ], [ -73.942579278256162, 40.82163076256208 ], [ -73.942632341490992, 40.821637234726538 ], [ -73.942684300025476, 40.821647667496791 ], [ -73.945651284302755, 40.822364663316016 ], [ -73.94570269811102, 40.822379304310871 ], [ -73.945751897992139, 40.822397822023305 ], [ -73.945798378955885, 40.822420026387228 ], [ -73.94584166391769, 40.822445689496519 ], [ -73.945881308595318, 40.822474547944168 ], [ -73.945916906069058, 40.822506305525692 ], [ -73.945948090958254, 40.822540636279413 ], [ -73.945974543171872, 40.822577187831783 ], [ -73.946461547438844, 40.823339185795419 ], [ -73.94648142296731, 40.823374357568262 ], [ -73.946496912863893, 40.823410779493415 ], [ -73.946507883242802, 40.823448136777657 ], [ -73.946514239279693, 40.82348610654298 ], [ -73.946515926031481, 40.823524360617206 ], [ -73.946512928911517, 40.823562568370313 ], [ -73.946505273815959, 40.823600399571987 ], [ -73.946274280479471, 40.824470400624499 ], [ -73.946273641338976, 40.824472771831815 ], [ -73.946244642147775, 40.824578771963765 ], [ -73.946232242863587, 40.824615509563735 ], [ -73.946215445853213, 40.824651224552056 ], [ -73.94619439364655, 40.824685613856936 ], [ -73.946169264883252, 40.824718385655437 ], [ -73.946140272796995, 40.824749261850329 ], [ -73.946107663406082, 40.824777980429786 ], [ -73.946071713425965, 40.82480429769091 ], [ -73.94603272792105, 40.824827990307931 ], [ -73.945105725734535, 40.825339992841769 ], [ -73.945060034378628, 40.825362649125687 ], [ -73.945011575671884, 40.825381700755436 ], [ -73.944960840767507, 40.825396954632339 ], [ -73.944908343890404, 40.825408256150006 ], [ -73.944854617124932, 40.825415490761294 ], [ -73.943985611874524, 40.825498491265193 ], [ -73.943945701189818, 40.82550116924952 ], [ -73.943905639120814, 40.825501600261909 ], [ -73.941632818886873, 40.825462192078703 ], [ -73.939791388159279, 40.823655113880378 ] ] ] } },
{ "type": "Feature", "properties": { "dining_cluster_id": 128, "taxi_hotspot_id": 45, "n_restaurants": 31, "n_taxi_dropoffs": 57, "taxi_weight": 36.2, "avg_rating": 4.1166666666666663, "bayesian_rating": 4.0069660081445644, "n_rated_restaurants": 0, "rating_coverage": null, "total_review_count": 0, "dining_area_sqm": 251245.75296628004, "taxi_area_sqm": 78526.944558746138, "intersection_area_sqm": 67033.592339002294, "overlap_ratio_dining": 0.26680487748582538, "overlap_ratio_taxi": 0.85363810747601865, "min_overlap_ratio": 0.26680487748582538, "airport_overlap_ratio": 0.0, "is_airport": false, "airport_zone_id": null, "peak_hour_ratio": 0.39502762430939226, "peak_weight": 14.3, "lunch_peak_ratio": 0.30662983425414364, "lunch_weight": 11.1, "peak_time_score": 30.529862479126351, "lunch_peak_score": 64.484420799896782, "distance_to_midtown_km": 3.7231660878683766, "accessibility_proxy": 83.01421694270033, "restaurant_density": 462.45470246062297, "taxi_density": 540.02774932498562, "restaurant_score": 20.449139397028869, "taxi_score": 0.87063190736765705, "popularity_score": 10.659885652198263, "rank": 20, "restaurant_score_v2": 24.541000061383954, "taxi_score_v2": 0.86283186945646329, "popularity_score_v2": 3.9088992320157807, "entropy_weight_restaurant": 0.20005164229110195, "entropy_weight_taxi": 0.75057148244721517, "entropy_weight_peak_time": 0.03862928693469727, "entropy_weight_accessibility": 0.010747588326985616, "rank_v2": 27, "demand_score_v3": 53.225806451612897, "poi_score_v3": 63.407726764813319, "time_fit_score_v3": 30.529862479126351, "data_confidence_v3": 35.645161290322577, "area_quality_score_v3": 50.208226648513502, "product_weight_demand": 0.42875776396814919, "product_weight_poi": 0.22963833177845744, "product_weight_time": 0.19965786771492983, "product_weight_confidence": 0.14194603653846352, "rank_v3": 33 }, "geometry": { "type": "Polygon", "coordinates": [ [ [ -73.942860527010936, 40.753648164229688 ], [ -73.942895318604243, 40.753656788964022 ], [ -73.942928783008583, 40.753668048298437 ], [ -73.942960576247984, 40.753681826500092 ], [ -73.942990371523521, 40.75369798194496 ], [ -73.943017862572447, 40.753716348573576 ], [ -73.943042766816106, 40.753736737597968 ], [ -73.943064828264596, 40.753758939442022 ], [ -73.94308382014799, 40.753782725895647 ], [ -73.943099547247485, 40.753807852460533 ], [ -73.943111847902003, 40.753834060863248 ], [ -73.943120595670109, 40.753861081709871 ], [ -73.943125700629793, 40.75388863725518 ], [ -73.943127110302953, 40.753916444257428 ], [ -73.943124810195016, 40.753944216889913 ], [ -73.942983692068921, 40.754884703318524 ], [ -73.942575865570888, 40.75585799585577 ], [ -73.942558736578931, 40.755893229625215 ], [ -73.942537455763798, 40.755927129549256 ], [ -73.942512200275445, 40.755959413421643 ], [ -73.942483180352625, 40.755989812488785 ], [ -73.942450637572875, 40.756018073687287 ], [ -73.942214637659504, 40.756205074479851 ], [ -73.942175360646544, 40.756233240488818 ], [ -73.942132590073271, 40.75625829199862 ], [ -73.941768589114162, 40.756450292964288 ], [ -73.941720862495515, 40.756472773645029 ], [ -73.941670331072174, 40.756491375317175 ], [ -73.941617538158269, 40.756505897974677 ], [ -73.941563051384819, 40.756516185469131 ], [ -73.941507456596312, 40.756522127188866 ], [ -73.940386449747635, 40.75659712764616 ], [ -73.940333539614059, 40.756598690833115 ], [ -73.940280681706113, 40.756596316469796 ], [ -73.94022838158088, 40.756590027265631 ], [ -73.940177139460246, 40.756579883373469 ], [ -73.940127445446322, 40.756565981814006 ], [ -73.940079774833706, 40.756548455547922 ], [ -73.940034583563218, 40.75652747220412 ], [ -73.939992303861075, 40.756503232476256 ], [ -73.939953340104751, 40.756475968203262 ], [ -73.939918064955251, 40.756445940151771 ], [ -73.939886815792917, 40.756413435521935 ], [ -73.939859891490627, 40.756378765200516 ], [ -73.939837549555449, 40.75634226078715 ], [ -73.939820003665815, 40.756304271423012 ], [ -73.939807421628259, 40.756265160451186 ], [ -73.939799923772611, 40.756225301941534 ], [ -73.939797581801443, 40.756185077112995 ], [ -73.939800418104753, 40.756144870687315 ], [ -73.939808405546017, 40.756105067209674 ], [ -73.939821467722226, 40.756066047370602 ], [ -73.939839479694854, 40.756028184364993 ], [ -73.940435486402706, 40.754944186924469 ], [ -73.940436958944744, 40.754941534758629 ], [ -73.941259967925475, 40.753473538282627 ], [ -73.941283431258469, 40.753436841809595 ], [ -73.941311556050138, 40.753402091769381 ], [ -73.941344066037459, 40.753369629494422 ], [ -73.94137703834032, 40.753342715300917 ], [ -73.942860527010936, 40.753648164229688 ] ] ] } },
{ "type": "Feature", "properties": { "dining_cluster_id": 139, "taxi_hotspot_id": 52, "n_restaurants": 195, "n_taxi_dropoffs": 90, "taxi_weight": 57.9, "avg_rating": 4.1066666666666674, "bayesian_rating": 4.0069660081445644, "n_rated_restaurants": 0, "rating_coverage": null, "total_review_count": 0, "dining_area_sqm": 1303201.8346095232, "taxi_area_sqm": 562536.66166073538, "intersection_area_sqm": 155742.85822250092, "overlap_ratio_dining": 0.11950785679270162, "overlap_ratio_taxi": 0.27685814780980283, "min_overlap_ratio": 0.11950785679270162, "airport_overlap_ratio": 0.0, "is_airport": false, "airport_zone_id": null, "peak_hour_ratio": 0.70374848851269656, "peak_weight": 58.2, "lunch_peak_ratio": 0.13180169286577992, "lunch_weight": 10.9, "peak_time_score": 78.013095844458377, "lunch_peak_score": 19.371000430980214, "distance_to_midtown_km": 8.4133584678970532, "accessibility_proxy": 65.66081094013731, "restaurant_density": 1252.0638328173909, "taxi_density": 371.76664574424069, "restaurant_score": 55.364617799385819, "taxi_score": 0.59936161481435357, "popularity_score": 27.981989707100087, "rank": 6, "restaurant_score_v2": 72.100899769706103, "taxi_score_v2": 0.57325883743571338, "popularity_score_v2": 10.480605101779753, "entropy_weight_restaurant": 0.20005164229110195, "entropy_weight_taxi": 0.75057148244721517, "entropy_weight_peak_time": 0.03862928693469727, "entropy_weight_accessibility": 0.010747588326985616, "rank_v2": 6, "demand_score_v3": 43.548387096774192, "poi_score_v3": 74.698049345458486, "time_fit_score_v3": 78.013095844458377, "data_confidence_v3": 46.935483870967744, "area_quality_score_v3": 49.42027315825667, "product_weight_demand": 0.42875776396814919, "product_weight_poi": 0.22963833177845744, "product_weight_time": 0.19965786771492983, "product_weight_confidence": 0.14194603653846352, "rank_v3": 34 }, "geometry": { "type": "Polygon", "coordinates": [ [ [ -73.888934584531214, 40.74989367210194 ], [ -73.888919213540873, 40.749895038719906 ], [ -73.883022451331556, 40.750321921955553 ], [ -73.883712219577035, 40.747569912255209 ], [ -73.883724841726959, 40.747530317116592 ], [ -73.883742547789723, 40.747491864622766 ], [ -73.883765164368384, 40.747454931323574 ], [ -73.883792469980236, 40.747419878891378 ], [ -73.883824197226133, 40.747387050579526 ], [ -73.883860035409114, 40.747356767860907 ], [ -73.883899633577073, 40.747329327280212 ], [ -73.883942603959611, 40.747304997550081 ], [ -73.883988525765218, 40.747284016919679 ], [ -73.884036949301901, 40.74726659084201 ], [ -73.884087400380679, 40.747252889961814 ], [ -73.884139384958857, 40.747243048444844 ], [ -73.884192393977798, 40.747237162663993 ], [ -73.884245908347566, 40.747235290255645 ], [ -73.884299404029889, 40.747237449555335 ], [ -73.884352357169462, 40.747243619418185 ], [ -73.886946342118279, 40.747646617001244 ], [ -73.887006125093947, 40.747658645699289 ], [ -73.890089108915816, 40.748424641242281 ], [ -73.890135950498731, 40.748438132562221 ], [ -73.890180952035266, 40.748454858588985 ], [ -73.890223728295936, 40.748474676142266 ], [ -73.89026391309946, 40.748497415577077 ], [ -73.890301162447216, 40.74852288223601 ], [ -73.890335157468087, 40.748550858115458 ], [ -73.890365607148041, 40.748581103731624 ], [ -73.891333446658251, 40.749640609818037 ], [ -73.888934584531214, 40.74989367210194 ] ] ] } },
{ "type": "Feature", "properties": { "dining_cluster_id": 44, "taxi_hotspot_id": 30, "n_restaurants": 171, "n_taxi_dropoffs": 395, "taxi_weight": 230.6, "avg_rating": 4.0109375, "bayesian_rating": 4.0069660081445644, "n_rated_restaurants": 0, "rating_coverage": null, "total_review_count": 0, "dining_area_sqm": 2089048.356706972, "taxi_area_sqm": 572644.78139048093, "intersection_area_sqm": 461904.69871611835, "overlap_ratio_dining": 0.22110771023234341, "overlap_ratio_taxi": 0.80661644657711462, "min_overlap_ratio": 0.22110771023234341, "airport_overlap_ratio": 0.0, "is_airport": false, "airport_zone_id": null, "peak_hour_ratio": 0.39494787489975941, "peak_weight": 98.5, "lunch_peak_ratio": 0.23055332798716921, "lunch_weight": 57.5, "peak_time_score": 30.517596512463825, "lunch_peak_score": 44.853305464771651, "distance_to_midtown_km": 9.9964359091051591, "accessibility_proxy": 60.663875586404629, "restaurant_density": 370.20623621128124, "taxi_density": 499.2371816977863, "restaurant_score": 16.37003341009056, "taxi_score": 0.80486941693958436, "popularity_score": 8.5874514135150726, "rank": 25, "restaurant_score_v2": 18.984671449678427, "taxi_score_v2": 0.79263235159827194, "popularity_score_v2": 3.0789874620350863, "entropy_weight_restaurant": 0.20005164229110195, "entropy_weight_taxi": 0.75057148244721517, "entropy_weight_peak_time": 0.03862928693469727, "entropy_weight_accessibility": 0.010747588326985616, "rank_v2": 32, "demand_score_v3": 50.0, "poi_score_v3": 59.375468700297191, "time_fit_score_v3": 30.517596512463825, "data_confidence_v3": 83.064516129032256, "area_quality_score_v3": 49.14160223454612, "product_weight_demand": 0.42875776396814919, "product_weight_poi": 0.22963833177845744, "product_weight_time": 0.19965786771492983, "product_weight_confidence": 0.14194603653846352, "rank_v3": 35 }, "geometry": { "type": "Polygon", "coordinates": [ [ [ -73.942138450936227, 40.846034910512067 ], [ -73.941854460983635, 40.846149541101852 ], [ -73.941804537127965, 40.846167282716976 ], [ -73.941752499050594, 40.846181083206119 ], [ -73.941698884648147, 40.846190799918894 ], [ -73.941644248112013, 40.846196332417314 ], [ -73.941589154199534, 40.846197623514044 ], [ -73.940339146467679, 40.846178623397797 ], [ -73.940288591465489, 40.846176056383982 ], [ -73.940238572819069, 40.846169916625016 ], [ -73.940189527402083, 40.846160257746916 ], [ -73.940141883587387, 40.846147164112416 ], [ -73.94009605750523, 40.846130750084043 ], [ -73.940052449408626, 40.846111159025334 ], [ -73.940011440177329, 40.846088562048479 ], [ -73.937781436288915, 40.844734555578391 ], [ -73.937740089622949, 40.84470671137516 ], [ -73.937702690407292, 40.844675815403683 ], [ -73.937669627231642, 40.844642188687544 ], [ -73.937641243630637, 40.844606180623643 ], [ -73.937617834514541, 40.844568165351554 ], [ -73.937599643105244, 40.844528537865884 ], [ -73.937586858409404, 40.844487709912279 ], [ -73.937378865036123, 40.843631708961901 ], [ -73.937372985762039, 40.84360111431414 ], [ -73.937370146459045, 40.843570270874551 ], [ -73.937198179411581, 40.839520270075866 ], [ -73.937198930211707, 40.839481604303501 ], [ -73.937204454385665, 40.839443162585674 ], [ -73.937214703190435, 40.83940528405892 ], [ -73.937229586202278, 40.839368302890712 ], [ -73.937248972114674, 40.83933254533131 ], [ -73.937272689897, 40.839298326835866 ], [ -73.937300530303574, 40.83926594928122 ], [ -73.937332247719837, 40.839235698302979 ], [ -73.937367562329243, 40.839207840775721 ], [ -73.937406162581993, 40.83918262245858 ], [ -73.937447707943505, 40.839160265827331 ], [ -73.942397692720817, 40.836753278229843 ], [ -73.942441901736984, 40.836733944164841 ], [ -73.942488307985798, 40.836717852038099 ], [ -73.942536500478326, 40.836705144366306 ], [ -73.942586052406895, 40.83669593369229 ], [ -73.942636524924964, 40.836690301588476 ], [ -73.942687471033409, 40.836688297934352 ], [ -73.942738439539113, 40.836689940474884 ], [ -73.942788979050562, 40.83669521466323 ], [ -73.942838641975371, 40.836704073789697 ], [ -73.942886988484005, 40.836716439395296 ], [ -73.94293359040492, 40.836732201966583 ], [ -73.942978035016267, 40.836751221905615 ], [ -73.944782651667168, 40.837610858161668 ], [ -73.942138450936227, 40.846034910512067 ] ] ] } },
{ "type": "Feature", "properties": { "dining_cluster_id": 63, "taxi_hotspot_id": 11, "n_restaurants": 86, "n_taxi_dropoffs": 214, "taxi_weight": 145.6, "avg_rating": 4.395, "bayesian_rating": 4.0069660081445644, "n_rated_restaurants": 0, "rating_coverage": null, "total_review_count": 0, "dining_area_sqm": 407060.01161570247, "taxi_area_sqm": 5437232.2186247054, "intersection_area_sqm": 407060.01161570247, "overlap_ratio_dining": 1.0, "overlap_ratio_taxi": 0.074865298234156399, "min_overlap_ratio": 0.074865298234156399, "airport_overlap_ratio": 0.0, "is_airport": false, "airport_zone_id": null, "peak_hour_ratio": 0.83669354838709675, "peak_weight": 124.5, "lunch_peak_ratio": 0.076612903225806453, "lunch_weight": 11.4, "peak_time_score": 98.460892008397138, "lunch_peak_score": 5.1298431040880761, "distance_to_midtown_km": 14.268130010150248, "accessibility_proxy": 48.997226059648433, "restaurant_density": 211.27105966181455, "taxi_density": 357.68681728790926, "restaurant_score": 9.3421287027572486, "taxi_score": 0.57666213701961488, "popularity_score": 4.9593954198884314, "rank": 45, "restaurant_score_v2": 9.4116551733826341, "taxi_score_v2": 0.54902781475924989, "popularity_score_v2": 1.9568022122292785, "entropy_weight_restaurant": 0.20005164229110195, "entropy_weight_taxi": 0.75057148244721517, "entropy_weight_peak_time": 0.03862928693469727, "entropy_weight_accessibility": 0.010747588326985616, "rank_v2": 46, "demand_score_v3": 41.935483870967744, "poi_score_v3": 46.472242893845575, "time_fit_score_v3": 98.460892008397138, "data_confidence_v3": 68.951612903225794, "area_quality_score_v3": 47.542180414475126, "product_weight_demand": 0.42875776396814919, "product_weight_poi": 0.22963833177845744, "product_weight_time": 0.19965786771492983, "product_weight_confidence": 0.14194603653846352, "rank_v3": 36 }, "geometry": { "type": "Polygon", "coordinates": [ [ [ -74.029072162296742, 40.628233681978813 ], [ -74.029102274281925, 40.628219187789824 ], [ -74.02913411763268, 40.628207029911458 ], [ -74.02916738108631, 40.628197327184338 ], [ -74.029201739499527, 40.628190174450424 ], [ -74.029236857026333, 40.628185641626075 ], [ -74.029272390400862, 40.62818377301862 ], [ -74.029307992292601, 40.628184586893248 ], [ -74.029343314701308, 40.628188075294524 ], [ -74.029378012358507, 40.628194204124178 ], [ -74.029411746102326, 40.628202913474233 ], [ -74.029444186192606, 40.628214118212767 ], [ -74.02947501553389, 40.628227708815899 ], [ -74.029503932774944, 40.628243552438512 ], [ -74.029530655254348, 40.628261494212381 ], [ -74.029554921763378, 40.628281358760375 ], [ -74.029576495099334, 40.628302951910271 ], [ -74.029595164384091, 40.628326062593075 ], [ -74.029610747125602, 40.628350464905886 ], [ -74.029623091001639, 40.628375920320053 ], [ -74.029632075348943, 40.628402180012849 ], [ -74.02963761234281, 40.628428987299486 ], [ -74.02963964785566, 40.628456080142229 ], [ -74.029638161986341, 40.628483193711773 ], [ -74.02865930546416, 40.636638496744276 ], [ -74.028654455635333, 40.636664792945041 ], [ -74.028646292908647, 40.636690609067969 ], [ -74.028634893680575, 40.636715703483262 ], [ -74.028620364640389, 40.636739841315816 ], [ -74.028602841771786, 40.636762796643517 ], [ -74.028582489080151, 40.636784354611919 ], [ -74.028559497057685, 40.636804313445168 ], [ -74.028534080900471, 40.636822486334715 ], [ -74.028506478494307, 40.636838703187664 ], [ -74.028476948188271, 40.63685281221899 ], [ -74.028445766376521, 40.636864681372153 ], [ -74.02841322491139, 40.636874199555173 ], [ -74.02837962837161, 40.636881277680452 ], [ -74.028345291211437, 40.636885849498682 ], [ -74.025345179159288, 40.6371721506586 ], [ -74.025310251218784, 40.637174176072321 ], [ -74.025275230165732, 40.637173608136756 ], [ -74.025240447014994, 40.637170452220012 ], [ -74.025206230532774, 40.63716473815137 ], [ -74.025172904128965, 40.637156519939595 ], [ -74.025140782800278, 40.637145875262163 ], [ -74.025110170152786, 40.637132904731203 ], [ -74.025081355532251, 40.637117730942506 ], [ -74.025054611289178, 40.63710049731656 ], [ -74.025030190204589, 40.637081366743146 ], [ -74.021199193179555, 40.633772457805819 ], [ -74.021176989856457, 40.633751252715335 ], [ -74.021157642324653, 40.633728481568873 ], [ -74.02114133953657, 40.633704366758195 ], [ -74.021128240707981, 40.633679143797536 ], [ -74.021118473763124, 40.633653059023509 ], [ -74.021112134085385, 40.633626367189194 ], [ -74.021109283586185, 40.633599328976111 ], [ -74.021109950100126, 40.633572208448371 ], [ -74.021114127113563, 40.633545270473611 ], [ -74.021121773828327, 40.633518778136306 ], [ -74.02113281556025, 40.633492990168435 ], [ -74.021147144468813, 40.633468158422538 ], [ -74.021164620610449, 40.633444525412195 ], [ -74.021185073305347, 40.633422321943577 ], [ -74.02120830280451, 40.633401764861276 ], [ -74.021234082240611, 40.633383054930725 ], [ -74.029044076016547, 40.628250370800764 ], [ -74.029072162296742, 40.628233681978813 ] ] ] } },
{ "type": "Feature", "properties": { "dining_cluster_id": 134, "taxi_hotspot_id": 47, "n_restaurants": 121, "n_taxi_dropoffs": 535, "taxi_weight": 354.1, "avg_rating": 4.2857142857142856, "bayesian_rating": 4.0069660081445644, "n_rated_restaurants": 0, "rating_coverage": null, "total_review_count": 0, "dining_area_sqm": 912426.92664092884, "taxi_area_sqm": 2843498.1641887468, "intersection_area_sqm": 912426.92664092907, "overlap_ratio_dining": 1.0000000000000002, "overlap_ratio_taxi": 0.32088184129397723, "min_overlap_ratio": 0.32088184129397723, "airport_overlap_ratio": 0.0, "is_airport": false, "airport_zone_id": null, "peak_hour_ratio": 0.68557692307692308, "peak_weight": 285.2, "lunch_peak_ratio": 0.15072115384615387, "lunch_weight": 62.7, "peak_time_score": 75.218193451233617, "lunch_peak_score": 24.253061119739176, "distance_to_midtown_km": 5.8057293669669727, "accessibility_proxy": 74.804924445009348, "restaurant_density": 132.61335945603631, "taxi_density": 388.08587258993771, "restaurant_score": 5.8639885355164916, "taxi_score": 0.62567144725017598, "popularity_score": 3.2448299913833338, "rank": 53, "restaurant_score_v2": 4.6739283801478422, "taxi_score_v2": 0.60134380714872371, "popularity_score_v2": 1.3119667877073691, "entropy_weight_restaurant": 0.20005164229110195, "entropy_weight_taxi": 0.75057148244721517, "entropy_weight_peak_time": 0.03862928693469727, "entropy_weight_accessibility": 0.010747588326985616, "rank_v2": 52, "demand_score_v3": 45.161290322580641, "poi_score_v3": 35.988371926103646, "time_fit_score_v3": 75.218193451233617, "data_confidence_v3": 85.887096774193537, "area_quality_score_v3": 46.949373366426521, "product_weight_demand": 0.42875776396814919, "product_weight_poi": 0.22963833177845744, "product_weight_time": 0.19965786771492983, "product_weight_confidence": 0.14194603653846352, "rank_v3": 37 }, "geometry": { "type": "Polygon", "coordinates": [ [ [ -73.917599686974015, 40.738758676524334 ], [ -73.917628265704096, 40.7387431127149 ], [ -73.917658699554266, 40.738729737554117 ], [ -73.917690699784217, 40.738718677937982 ], [ -73.91772396279319, 40.73871003879394 ], [ -73.917758173000351, 40.738703902085206 ], [ -73.917793005838703, 40.738700326033324 ], [ -73.91782813083428, 40.738699344565902 ], [ -73.917863214741402, 40.738700966994479 ], [ -73.924686687137239, 40.739271064681773 ], [ -73.92472033836934, 40.739275105745421 ], [ -73.924753338620633, 40.739281542554387 ], [ -73.924785393764125, 40.739290317738359 ], [ -73.924816218096282, 40.739301353085175 ], [ -73.924845536883112, 40.739314550238362 ], [ -73.924873088809036, 40.739329791573248 ], [ -73.924898628305726, 40.73934694124565 ], [ -73.924921927740925, 40.739365846402485 ], [ -73.924942779447264, 40.739386338544065 ], [ -73.925451380691626, 40.739938137251364 ], [ -73.925461161125611, 40.73994932076814 ], [ -73.929319273974258, 40.744603610638194 ], [ -73.929336341876436, 40.74462657592931 ], [ -73.929350432192393, 40.744650681340651 ], [ -73.929361414761487, 40.744675704201804 ], [ -73.929369188130153, 40.744701413367402 ], [ -73.92937368048905, 40.744727571352044 ], [ -73.929374850336629, 40.744753936524205 ], [ -73.929372686862607, 40.744780265338193 ], [ -73.929367210047957, 40.744806314583883 ], [ -73.92935847048048, 40.744831843633364 ], [ -73.929346548887708, 40.744856616663689 ], [ -73.929331555391158, 40.744880404835406 ], [ -73.92931362848941, 40.744902988406338 ], [ -73.929292933778697, 40.744924158761556 ], [ -73.929269662423309, 40.74494372034048 ], [ -73.929244029389835, 40.744961492443366 ], [ -73.929216271461328, 40.744977310900666 ], [ -73.929186645050194, 40.744991029589393 ], [ -73.9291554238294, 40.745002521783157 ], [ -73.929122896204476, 40.745011681322701 ], [ -73.929089362649307, 40.745018423596719 ], [ -73.929055132930358, 40.745022686323331 ], [ -73.914486774084565, 40.746292891473132 ], [ -73.914456716574264, 40.746294547008326 ], [ -73.914426582245426, 40.746294289538184 ], [ -73.914396581224636, 40.746292120858051 ], [ -73.913507477664197, 40.746199220482517 ], [ -73.913498247086693, 40.74619816328736 ], [ -73.912621143616391, 40.746088862847166 ], [ -73.912615627631936, 40.746088142002989 ], [ -73.912535927319226, 40.746077241959185 ], [ -73.912501593627496, 40.746071217171178 ], [ -73.912468196096313, 40.746062674684211 ], [ -73.912436053089991, 40.746051695930277 ], [ -73.909760245813018, 40.745015492162011 ], [ -73.909728907001778, 40.74500181177725 ], [ -73.909699524025626, 40.74498581648669 ], [ -73.909672391451451, 40.744967666645366 ], [ -73.909647781284903, 40.744947544207747 ], [ -73.909625940243515, 40.74492565090376 ], [ -73.909607087283391, 40.744902206216189 ], [ -73.909591411404151, 40.744877445180485 ], [ -73.909579069754301, 40.744851616028242 ], [ -73.90957018605593, 40.744824977698777 ], [ -73.909564849364529, 40.74479779724323 ], [ -73.909563113176404, 40.744770347147146 ], [ -73.909564994892449, 40.744742902598951 ], [ -73.909570475643946, 40.744715738731152 ], [ -73.909579500481925, 40.744689127862024 ], [ -73.90959197892812, 40.744663336765797 ], [ -73.909607785882258, 40.74463862399805 ], [ -73.909626762876229, 40.744615237303925 ], [ -73.909648719662968, 40.744593411134446 ], [ -73.909673436123683, 40.74457336429618 ], [ -73.917573234504488, 40.73877628132162 ], [ -73.917599686974015, 40.738758676524334 ] ] ] } },
{ "type": "Feature", "properties": { "dining_cluster_id": 38, "taxi_hotspot_id": 1, "n_restaurants": 104, "n_taxi_dropoffs": 119, "taxi_weight": 82.7, "avg_rating": 4.1166666666666663, "bayesian_rating": 4.0069660081445644, "n_rated_restaurants": 0, "rating_coverage": null, "total_review_count": 0, "dining_area_sqm": 3998598.5383368516, "taxi_area_sqm": 1059035.0953600593, "intersection_area_sqm": 252838.61759989426, "overlap_ratio_dining": 0.06323180863889831, "overlap_ratio_taxi": 0.23874432368450657, "min_overlap_ratio": 0.06323180863889831, "airport_overlap_ratio": 0.0, "is_airport": false, "airport_zone_id": null, "peak_hour_ratio": 0.72672309552599756, "peak_weight": 60.1, "lunch_peak_ratio": 0.16565900846432891, "lunch_weight": 13.7, "peak_time_score": 81.546736594994002, "lunch_peak_score": 28.107690640180593, "distance_to_midtown_km": 18.671341136329271, "accessibility_proxy": 39.314882201748638, "restaurant_density": 411.32957056653152, "taxi_density": 327.08611044088616, "restaurant_score": 18.188453229862517, "taxi_score": 0.52732772447817844, "popularity_score": 9.3578904771703471, "rank": 23, "restaurant_score_v2": 21.461620591241424, "taxi_score_v2": 0.4963647852467975, "popularity_score_v2": 3.4886621543756604, "entropy_weight_restaurant": 0.20005164229110195, "entropy_weight_taxi": 0.75057148244721517, "entropy_weight_peak_time": 0.03862928693469727, "entropy_weight_accessibility": 0.010747588326985616, "rank_v2": 30, "demand_score_v3": 40.322580645161288, "poi_score_v3": 60.988371926103646, "time_fit_score_v3": 81.546736594994002, "data_confidence_v3": 54.838709677419352, "area_quality_score_v3": 45.895607308498946, "product_weight_demand": 0.42875776396814919, "product_weight_poi": 0.22963833177845744, "product_weight_time": 0.19965786771492983, "product_weight_confidence": 0.14194603653846352, "rank_v3": 38 }, "geometry": { "type": "Polygon", "coordinates": [ [ [ -73.804963991933988, 40.668975550921402 ], [ -73.801516091338527, 40.67043769686444 ], [ -73.801469545808985, 40.670455259523784 ], [ -73.801421001681405, 40.67046934032755 ], [ -73.801370906990272, 40.670479809317762 ], [ -73.801319724081623, 40.670486569871279 ], [ -73.801267925345755, 40.6704895595919 ], [ -73.794599884231758, 40.67062956044888 ], [ -73.794545545051065, 40.670628618986065 ], [ -73.794491604528105, 40.670623528628674 ], [ -73.794438607684484, 40.670614340810253 ], [ -73.794387090006182, 40.670601148365634 ], [ -73.794337572032802, 40.67058408459279 ], [ -73.794290554097586, 40.670563321905945 ], [ -73.794246511271922, 40.670539070093326 ], [ -73.794205888565031, 40.670511574197391 ], [ -73.794169096427467, 40.670481112038829 ], [ -73.794136506603891, 40.670447991409219 ], [ -73.794108448377045, 40.670412546961082 ], [ -73.794085205240847, 40.670375136826308 ], [ -73.794067012036095, 40.670336138997612 ], [ -73.79322202722075, 40.668188135223289 ], [ -73.793209973034621, 40.668151434076044 ], [ -73.793202394013235, 40.668114045370061 ], [ -73.793199354140782, 40.668076284788299 ], [ -73.793200879075968, 40.668038471153068 ], [ -73.793206955935659, 40.668000923733956 ], [ -73.793400962671427, 40.667132924625776 ], [ -73.793415159661635, 40.667086112955097 ], [ -73.793490927876988, 40.66688943117402 ], [ -73.804963991933988, 40.668975550921402 ] ] ] } },
{ "type": "Feature", "properties": { "dining_cluster_id": 54, "taxi_hotspot_id": 37, "n_restaurants": 76, "n_taxi_dropoffs": 107, "taxi_weight": 66.7, "avg_rating": 4.0941176470588232, "bayesian_rating": 4.0069660081445644, "n_rated_restaurants": 0, "rating_coverage": null, "total_review_count": 0, "dining_area_sqm": 1245843.2053448702, "taxi_area_sqm": 220642.05085041697, "intersection_area_sqm": 220642.050850417, "overlap_ratio_dining": 0.17710258393979811, "overlap_ratio_taxi": 1.0000000000000002, "min_overlap_ratio": 0.17710258393979811, "airport_overlap_ratio": 0.0, "is_airport": false, "airport_zone_id": null, "peak_hour_ratio": 0.72923408845738935, "peak_weight": 67.6, "lunch_peak_ratio": 0.12189859762675297, "lunch_weight": 11.3, "peak_time_score": 81.932943285778137, "lunch_peak_score": 16.815562302291308, "distance_to_midtown_km": 8.0141692082162646, "accessibility_proxy": 66.984531900295892, "restaurant_density": 344.4493001541386, "taxi_density": 302.29958316159275, "restaurant_score": 15.231095535590914, "taxi_score": 0.48736692329867276, "popularity_score": 7.8592312294447932, "rank": 28, "restaurant_score_v2": 17.433274374117914, "taxi_score_v2": 0.453707809244701, "popularity_score_v2": 2.9126527769284629, "entropy_weight_restaurant": 0.20005164229110195, "entropy_weight_taxi": 0.75057148244721517, "entropy_weight_peak_time": 0.03862928693469727, "entropy_weight_accessibility": 0.010747588326985616, "rank_v2": 35, "demand_score_v3": 38.70967741935484, "poi_score_v3": 57.762565474490742, "time_fit_score_v3": 81.932943285778137, "data_confidence_v3": 51.451612903225808, "area_quality_score_v3": 44.189317578127316, "product_weight_demand": 0.42875776396814919, "product_weight_poi": 0.22963833177845744, "product_weight_time": 0.19965786771492983, "product_weight_confidence": 0.14194603653846352, "rank_v3": 39 }, "geometry": { "type": "Polygon", "coordinates": [ [ [ -73.950887855497669, 40.820546062471735 ], [ -73.950939570573254, 40.820533965387007 ], [ -73.9509926158062, 40.82052584632499 ], [ -73.951046462388518, 40.820521786224589 ], [ -73.95110057352403, 40.82052182556091 ], [ -73.951154409779363, 40.820525963941776 ], [ -73.951207434461239, 40.820534160111741 ], [ -73.951259118966561, 40.8205463323632 ], [ -73.95130894805169, 40.820562359350951 ], [ -73.951356424968751, 40.820582081301893 ], [ -73.951401076417397, 40.8206053016076 ], [ -73.951491076230568, 40.820657301354373 ], [ -73.951532013957774, 40.82068347513286 ], [ -73.951569354731362, 40.820712588049098 ], [ -73.951602734567984, 40.820744356325463 ], [ -73.951631828092047, 40.820778470300873 ], [ -73.951656351707399, 40.820814597449051 ], [ -73.951676066361969, 40.82085238561983 ], [ -73.951690779878049, 40.820891466471487 ], [ -73.951700348825909, 40.820931459061228 ], [ -73.951704679922216, 40.82097197355835 ], [ -73.951739686753058, 40.821811973395732 ], [ -73.951737946815797, 40.821860438546302 ], [ -73.951728719048447, 40.821908412262722 ], [ -73.951530724598399, 40.822635413163979 ], [ -73.951518073651158, 40.822672891313438 ], [ -73.95150084729751, 40.822709301816062 ], [ -73.951479197666075, 40.822744323109504 ], [ -73.951453315950843, 40.82277764589989 ], [ -73.947264334827651, 40.827633662185207 ], [ -73.947258840334896, 40.827639906052255 ], [ -73.946724842478432, 40.828234908102957 ], [ -73.946690980971567, 40.82826874294193 ], [ -73.946652707684066, 40.828299745798006 ], [ -73.946610430487411, 40.828327586274668 ], [ -73.9465645999244, 40.828351967676397 ], [ -73.946515704407645, 40.828372630170634 ], [ -73.946464265014541, 40.828389353557043 ], [ -73.946410829933967, 40.82840195961419 ], [ -73.946355968623948, 40.828410313999093 ], [ -73.945613964180311, 40.82849331450155 ], [ -73.945560608036828, 40.828497247376369 ], [ -73.94550700139493, 40.82849715746908 ], [ -73.945453668636048, 40.82849304565908 ], [ -73.945401131462404, 40.828484952168253 ], [ -73.945349903793343, 40.828472956167204 ], [ -73.945300486737906, 40.828457175001006 ], [ -73.945253363692785, 40.828437763041173 ], [ -73.945208995613541, 40.828414910175546 ], [ -73.945167816505347, 40.828388839950613 ], [ -73.945130229177579, 40.828359807384814 ], [ -73.945096601303391, 40.828328096473832 ], [ -73.945067261823354, 40.828294017412404 ], [ -73.945042497727798, 40.828257903559866 ], [ -73.945022551249664, 40.828220108179316 ], [ -73.94500761749525, 40.828181000981708 ], [ -73.944874620681816, 40.827755000380243 ], [ -73.944865311623616, 40.827717529284975 ], [ -73.944860606572163, 40.827679564683315 ], [ -73.944860545882079, 40.827641432256044 ], [ -73.944865130065949, 40.827603459123232 ], [ -73.944874319790486, 40.827565971037792 ], [ -73.945105325395929, 40.82681797208302 ], [ -73.945118751589121, 40.826781950292002 ], [ -73.945136429965316, 40.826747003860788 ], [ -73.946670446041679, 40.824083010393203 ], [ -73.946694638147846, 40.824046139463732 ], [ -73.948024646862237, 40.822250144851765 ], [ -73.948057596164944, 40.822210997795231 ], [ -73.948096142219626, 40.822174920452177 ], [ -73.948139794051173, 40.822142372344729 ], [ -73.950027792013984, 40.82088537812907 ], [ -73.950067759711615, 40.820861200253567 ], [ -73.950110546831951, 40.820839989003872 ], [ -73.950240546377614, 40.820781989309914 ], [ -73.950279988518147, 40.820766015858524 ], [ -73.950837986127837, 40.820562016983303 ], [ -73.950887855497669, 40.820546062471735 ] ] ] } },
{ "type": "Feature", "properties": { "dining_cluster_id": 32, "taxi_hotspot_id": 9, "n_restaurants": 153, "n_taxi_dropoffs": 253, "taxi_weight": 178.1, "avg_rating": 4.2272727272727275, "bayesian_rating": 4.0069660081445644, "n_rated_restaurants": 0, "rating_coverage": null, "total_review_count": 0, "dining_area_sqm": 1281664.2107732985, "taxi_area_sqm": 7193202.6947008148, "intersection_area_sqm": 604374.36328795447, "overlap_ratio_dining": 0.4715543729845606, "overlap_ratio_taxi": 0.084020204759862133, "min_overlap_ratio": 0.084020204759862133, "airport_overlap_ratio": 0.0, "is_airport": false, "airport_zone_id": null, "peak_hour_ratio": 0.73410724156992813, "peak_weight": 132.8, "lunch_peak_ratio": 0.14206744057490325, "lunch_weight": 25.7, "peak_time_score": 82.682465243307021, "lunch_peak_score": 22.020018993581878, "distance_to_midtown_km": 14.501733722026451, "accessibility_proxy": 48.42825865663761, "restaurant_density": 253.1543514977042, "taxi_density": 294.68490197216414, "restaurant_score": 11.194152843935651, "taxi_score": 0.47509054598984823, "popularity_score": 5.8346216949627498, "rank": 37, "restaurant_score_v2": 11.934378230383343, "taxi_score_v2": 0.44060313874765938, "popularity_score_v2": 2.1516114214897146, "entropy_weight_restaurant": 0.20005164229110195, "entropy_weight_taxi": 0.75057148244721517, "entropy_weight_peak_time": 0.03862928693469727, "entropy_weight_accessibility": 0.010747588326985616, "rank_v2": 43, "demand_score_v3": 37.096774193548384, "poi_score_v3": 50.50450095836171, "time_fit_score_v3": 82.682465243307021, "data_confidence_v3": 71.209677419354847, "area_quality_score_v3": 42.926684536994067, "product_weight_demand": 0.42875776396814919, "product_weight_poi": 0.22963833177845744, "product_weight_time": 0.19965786771492983, "product_weight_confidence": 0.14194603653846352, "rank_v3": 40 }, "geometry": { "type": "Polygon", "coordinates": [ [ [ -73.820820636161827, 40.764568615805459 ], [ -73.820847227982995, 40.764584917431186 ], [ -73.820871674287915, 40.764603057073941 ], [ -73.820893756193996, 40.764622872319812 ], [ -73.820913275987778, 40.764644185752225 ], [ -73.820930058895257, 40.764666806540248 ], [ -73.820943954646893, 40.764690532147362 ], [ -73.820954838822985, 40.764715150144745 ], [ -73.820962613967808, 40.764740440113201 ], [ -73.820967210462399, 40.764766175616863 ], [ -73.821278824908902, 40.767462474653854 ], [ -73.821280187834404, 40.767489586175451 ], [ -73.821278023546455, 40.767516667547397 ], [ -73.82127235318805, 40.767543454157348 ], [ -73.821263232160192, 40.767569684272772 ], [ -73.821250749580756, 40.767595101598381 ], [ -73.821235027413792, 40.767619457780356 ], [ -73.821216219278, 40.767642514833092 ], [ -73.821194508945837, 40.767664047464621 ], [ -73.821170108547875, 40.767683845278 ], [ -73.821143256500179, 40.767701714827162 ], [ -73.821114215174745, 40.767717481507091 ], [ -73.821083268335826, 40.767730991259953 ], [ -73.821050718367218, 40.767742112080555 ], [ -73.821016883317583, 40.767750735306116 ], [ -73.820982093792736, 40.767756776678127 ], [ -73.820946689724991, 40.767760177165613 ], [ -73.820911017051799, 40.767760903541991 ], [ -73.818377277538005, 40.767717199521911 ], [ -73.813088004227339, 40.76543818475897 ], [ -73.81304555308418, 40.765417861185455 ], [ -73.813005757851897, 40.765394637860886 ], [ -73.812968960080596, 40.765368714105506 ], [ -73.807681960851738, 40.761281696563735 ], [ -73.807643992154809, 40.761249053886289 ], [ -73.807610773788113, 40.761213542564839 ], [ -73.807582677902175, 40.761175560446581 ], [ -73.807560019256741, 40.761135533059431 ], [ -73.807543051694651, 40.761093908844337 ], [ -73.805949814598165, 40.756301512122185 ], [ -73.820820636161827, 40.764568615805459 ] ] ] } },
{ "type": "Feature", "properties": { "dining_cluster_id": 155, "taxi_hotspot_id": 14, "n_restaurants": 73, "n_taxi_dropoffs": 52, "taxi_weight": 30.3, "avg_rating": 4.3157894736842097, "bayesian_rating": 4.0069660081445644, "n_rated_restaurants": 0, "rating_coverage": null, "total_review_count": 0, "dining_area_sqm": 640537.62985160016, "taxi_area_sqm": 1924635.4274449849, "intersection_area_sqm": 114434.33453360046, "overlap_ratio_dining": 0.17865357037667345, "overlap_ratio_taxi": 0.059457668139007346, "min_overlap_ratio": 0.059457668139007346, "airport_overlap_ratio": 0.0, "is_airport": false, "airport_zone_id": null, "peak_hour_ratio": 0.71739130434782605, "peak_weight": 29.7, "lunch_peak_ratio": 0.065217391304347838, "lunch_weight": 2.7, "peak_time_score": 80.11144773179015, "lunch_peak_score": 2.1892952291909737, "distance_to_midtown_km": 13.127479775749093, "accessibility_proxy": 51.8728845105936, "restaurant_density": 637.920430939943, "taxi_density": 264.78067202027773, "restaurant_score": 28.208003393833739, "taxi_score": 0.42687899242817406, "popularity_score": 14.317441193130957, "rank": 15, "restaurant_score_v2": 35.109687944911315, "taxi_score_v2": 0.3891387280601471, "popularity_score_v2": 5.4247010761385894, "entropy_weight_restaurant": 0.20005164229110195, "entropy_weight_taxi": 0.75057148244721517, "entropy_weight_peak_time": 0.03862928693469727, "entropy_weight_accessibility": 0.010747588326985616, "rank_v2": 19, "demand_score_v3": 35.483870967741936, "poi_score_v3": 67.439984829329461, "time_fit_score_v3": 80.11144773179015, "data_confidence_v3": 32.822580645161288, "area_quality_score_v3": 42.499552787250522, "product_weight_demand": 0.42875776396814919, "product_weight_poi": 0.22963833177845744, "product_weight_time": 0.19965786771492983, "product_weight_confidence": 0.14194603653846352, "rank_v3": 41 }, "geometry": { "type": "Polygon", "coordinates": [ [ [ -73.997972097449846, 40.641890791481764 ], [ -73.997957722407946, 40.641914906954618 ], [ -73.997940363037856, 40.641937854793667 ], [ -73.997920180966759, 40.641959421335493 ], [ -73.997897364104034, 40.641979405777512 ], [ -73.997872124891757, 40.641997622047576 ], [ -73.997844698326716, 40.642013900536696 ], [ -73.997815339772416, 40.642028089678092 ], [ -73.997784322581396, 40.642040057358486 ], [ -73.997751935550014, 40.642049692148326 ], [ -73.997718480229494, 40.642056904339263 ], [ -73.997684268118164, 40.642061626779437 ], [ -73.997649617760899, 40.64206381549873 ], [ -73.997614851783283, 40.642063450118208 ], [ -73.997580293887353, 40.642060534039913 ], [ -73.995748538536674, 40.641837359123571 ], [ -73.994773428182597, 40.64017277375774 ], [ -73.994753774689684, 40.640134096546468 ], [ -73.9947393290158, 40.640094109378389 ], [ -73.994730237735055, 40.640053218012355 ], [ -73.994726593088672, 40.640011837381643 ], [ -73.994728432049428, 40.639970387383435 ], [ -73.994735735946946, 40.639929288617985 ], [ -73.994748430657424, 40.639888958120792 ], [ -73.994766387356307, 40.639849805130893 ], [ -73.994789423825793, 40.63981222693824 ], [ -73.994817306304171, 40.639776604852528 ], [ -73.994849751858141, 40.639743300334075 ], [ -73.994886431253903, 40.639712651326036 ], [ -73.994926972298146, 40.639684968825563 ], [ -73.996822969161855, 40.638515974390934 ], [ -73.996865479286726, 40.638492279191098 ], [ -73.996910815428876, 40.638471848879959 ], [ -73.996958546958211, 40.638454877515834 ], [ -73.997745543213981, 40.638209878904881 ], [ -73.997792801856818, 40.638197081827286 ], [ -73.997841414254466, 40.638187677124705 ], [ -73.997890961767567, 40.63818174578828 ], [ -73.997941017704221, 40.638179338897345 ], [ -73.997991150994295, 40.638180477179432 ], [ -73.998040929901592, 40.638185150831958 ], [ -73.998089925741581, 40.638193319606508 ], [ -73.998137716573012, 40.638204913155434 ], [ -73.999668190119934, 40.638636718351762 ], [ -73.997972097449846, 40.641890791481764 ] ] ] } },
{ "type": "Feature", "properties": { "dining_cluster_id": 55, "taxi_hotspot_id": 19, "n_restaurants": 107, "n_taxi_dropoffs": 214, "taxi_weight": 148.1, "avg_rating": 4.2541666666666664, "bayesian_rating": 4.0069660081445644, "n_rated_restaurants": 0, "rating_coverage": null, "total_review_count": 0, "dining_area_sqm": 1106251.8807956059, "taxi_area_sqm": 1192803.6028884037, "intersection_area_sqm": 899235.27473587787, "overlap_ratio_dining": 0.8128666629602983, "overlap_ratio_taxi": 0.75388376808919522, "min_overlap_ratio": 0.75388376808919522, "airport_overlap_ratio": 0.0, "is_airport": false, "airport_zone_id": null, "peak_hour_ratio": 0.84681697612732088, "peak_weight": 127.7, "lunch_peak_ratio": 0.063660477453580888, "lunch_weight": 9.6, "peak_time_score": 100.0, "lunch_peak_score": 1.7875423507924586, "distance_to_midtown_km": 13.227681823501507, "accessibility_proxy": 51.613645996069238, "restaurant_density": 118.98999406070664, "taxi_density": 164.69549645224907, "restaurant_score": 5.2615812153109474, "taxi_score": 0.26552182622155218, "popularity_score": 2.7635515207662498, "rank": 54, "restaurant_score_v2": 3.8533630308098039, "taxi_score_v2": 0.21689471484021017, "popularity_score_v2": 1.3496081033126153, "entropy_weight_restaurant": 0.20005164229110195, "entropy_weight_taxi": 0.75057148244721517, "entropy_weight_peak_time": 0.03862928693469727, "entropy_weight_accessibility": 0.010747588326985616, "rank_v2": 51, "demand_score_v3": 30.64516129032258, "poi_score_v3": 35.181920313200422, "time_fit_score_v3": 100.0, "data_confidence_v3": 68.951612903225794, "area_quality_score_v3": 38.98715107474461, "product_weight_demand": 0.42875776396814919, "product_weight_poi": 0.22963833177845744, "product_weight_time": 0.19965786771492983, "product_weight_confidence": 0.14194603653846352, "rank_v3": 42 }, "geometry": { "type": "Polygon", "coordinates": [ [ [ -73.928435921399412, 40.862655260621032 ], [ -73.928469097554355, 40.862666061770128 ], [ -73.928500689555975, 40.862679320838836 ], [ -73.928530382441892, 40.862694905638769 ], [ -73.928557880182652, 40.862712660794806 ], [ -73.928582908633018, 40.862732409293827 ], [ -73.928605218265133, 40.862753954249662 ], [ -73.928624586656198, 40.862777080865889 ], [ -73.928640820706079, 40.862801558577097 ], [ -73.928653758562518, 40.862827143347651 ], [ -73.930299576148812, 40.866640538505273 ], [ -73.930309145033192, 40.866667165081857 ], [ -73.930315143063538, 40.866694386578743 ], [ -73.93031750958589, 40.866721927743413 ], [ -73.930316220666356, 40.86674951009072 ], [ -73.930311289333517, 40.866776854718672 ], [ -73.930302765446655, 40.866803685128723 ], [ -73.93029073519196, 40.866829730021564 ], [ -73.930275320211067, 40.866854726040437 ], [ -73.9302566763713, 40.866878420434126 ], [ -73.930234992189682, 40.866900573612796 ], [ -73.930210486926796, 40.866920961570557 ], [ -73.930183408369786, 40.866939378150747 ], [ -73.930154030326889, 40.866955637130474 ], [ -73.930122649858632, 40.866969574103713 ], [ -73.916011551995339, 40.872532236694013 ], [ -73.913546217296883, 40.871471605569113 ], [ -73.914611140211804, 40.868999498926193 ], [ -73.9195028547108, 40.863267163952933 ], [ -73.919534838480843, 40.863233524733488 ], [ -73.919571119203098, 40.863202500049347 ], [ -73.919611328463034, 40.863174404937368 ], [ -73.919655057955751, 40.863149524686072 ], [ -73.91970186363217, 40.863128111938877 ], [ -73.919751270207925, 40.863110384128419 ], [ -73.919802775989467, 40.863096521269206 ], [ -73.919855857968315, 40.863086664129462 ], [ -73.926520965996701, 40.862116019206745 ], [ -73.928435921399412, 40.862655260621032 ] ] ] } },
{ "type": "Feature", "properties": { "dining_cluster_id": 60, "taxi_hotspot_id": 15, "n_restaurants": 72, "n_taxi_dropoffs": 124, "taxi_weight": 90.7, "avg_rating": 4.230882352941177, "bayesian_rating": 4.0069660081445644, "n_rated_restaurants": 0, "rating_coverage": null, "total_review_count": 0, "dining_area_sqm": 579810.68034102058, "taxi_area_sqm": 2535680.3066551764, "intersection_area_sqm": 463037.09370575444, "overlap_ratio_dining": 0.79860049047978077, "overlap_ratio_taxi": 0.18260862479014481, "min_overlap_ratio": 0.18260862479014481, "airport_overlap_ratio": 0.0, "is_airport": false, "airport_zone_id": null, "peak_hour_ratio": 0.76550998948475291, "peak_weight": 72.8, "lunch_peak_ratio": 0.12513144058885384, "lunch_weight": 11.9, "peak_time_score": 87.512407694395691, "lunch_peak_score": 17.649779278904766, "distance_to_midtown_km": 15.20124481805588, "accessibility_proxy": 46.763731993512039, "restaurant_density": 155.49510175043071, "taxi_density": 195.88063512172315, "restaurant_score": 6.875789119087818, "taxi_score": 0.31579845884879504, "popularity_score": 3.5957937889683067, "rank": 48, "restaurant_score_v2": 6.0521461930312439, "taxi_score_v2": 0.27056353648902087, "popularity_score_v2": 1.4331684386373733, "entropy_weight_restaurant": 0.20005164229110195, "entropy_weight_taxi": 0.75057148244721517, "entropy_weight_peak_time": 0.03862928693469727, "entropy_weight_accessibility": 0.010747588326985616, "rank_v2": 49, "demand_score_v3": 32.258064516129032, "poi_score_v3": 41.633533216426223, "time_fit_score_v3": 87.512407694395691, "data_confidence_v3": 57.661290322580641, "area_quality_score_v3": 38.524911634566031, "product_weight_demand": 0.42875776396814919, "product_weight_poi": 0.22963833177845744, "product_weight_time": 0.19965786771492983, "product_weight_confidence": 0.14194603653846352, "rank_v3": 43 }, "geometry": { "type": "Polygon", "coordinates": [ [ [ -73.906796387061249, 40.876894426508507 ], [ -73.906828833760656, 40.876905617327459 ], [ -73.906859671539138, 40.876919178145656 ], [ -73.906888600845832, 40.876934977236992 ], [ -73.906915340667652, 40.876952861133283 ], [ -73.90693963125895, 40.876972656114887 ], [ -73.906961236664742, 40.876994169898332 ], [ -73.906979947012601, 40.877017193503818 ], [ -73.909343565995343, 40.880274592530697 ], [ -73.90935347744481, 40.880289279314631 ], [ -73.909361669323403, 40.880302373856473 ], [ -73.909374297570636, 40.880325153975853 ], [ -73.909384174807784, 40.880348703919644 ], [ -73.909391220947626, 40.880372832745785 ], [ -73.90939537885717, 40.880397344818498 ], [ -73.909396614820992, 40.880422041394404 ], [ -73.909394918814627, 40.880446722233934 ], [ -73.909322321846361, 40.881012122457577 ], [ -73.909317208033002, 40.881038549648238 ], [ -73.90930873391703, 40.881064474424107 ], [ -73.909296979750977, 40.881089651257646 ], [ -73.909282056852277, 40.881113841704654 ], [ -73.909264106549202, 40.881136816662483 ], [ -73.909243298842426, 40.881158358539963 ], [ -73.909219830795124, 40.881178263318098 ], [ -73.909193924666553, 40.88119634248239 ], [ -73.909165825807293, 40.88121242480819 ], [ -73.902202413039873, 40.884807936930947 ], [ -73.902169778076939, 40.884822938443953 ], [ -73.902135242242721, 40.884835247045388 ], [ -73.901437150120614, 40.885050712974433 ], [ -73.900440015321223, 40.879750190252807 ], [ -73.900435048015567, 40.879709278982169 ], [ -73.90043532371125, 40.879682918325599 ], [ -73.902242193988229, 40.877419688424347 ], [ -73.903052773038439, 40.876476986893259 ], [ -73.903084974739031, 40.876443373847941 ], [ -73.903121476966319, 40.876412396285914 ], [ -73.903161907749407, 40.876384369874955 ], [ -73.903205855086199, 40.876359580209588 ], [ -73.903252871141788, 40.876338279900963 ], [ -73.903302476811987, 40.876320686002849 ], [ -73.903354166605226, 40.876306977799956 ], [ -73.903407413793545, 40.876297294980937 ], [ -73.90346167577971, 40.876291736215165 ], [ -73.904559788765184, 40.876221837257198 ], [ -73.906796387061249, 40.876894426508507 ] ] ] } },
{ "type": "Feature", "properties": { "dining_cluster_id": 147, "taxi_hotspot_id": 43, "n_restaurants": 92, "n_taxi_dropoffs": 86, "taxi_weight": 55.2, "avg_rating": 4.1972602739726028, "bayesian_rating": 4.0069660081445644, "n_rated_restaurants": 0, "rating_coverage": null, "total_review_count": 0, "dining_area_sqm": 1811902.8513926938, "taxi_area_sqm": 372903.99916820717, "intersection_area_sqm": 355291.00318037876, "overlap_ratio_dining": 0.19608722559671965, "overlap_ratio_taxi": 0.95276801528780697, "min_overlap_ratio": 0.19608722559671965, "airport_overlap_ratio": 0.0, "is_airport": false, "airport_zone_id": null, "peak_hour_ratio": 0.78006329113924056, "peak_weight": 49.3, "lunch_peak_ratio": 0.068037974683544306, "lunch_weight": 4.3, "peak_time_score": 89.750798094342997, "lunch_peak_score": 2.9171309349347356, "distance_to_midtown_km": 7.9926414010867104, "accessibility_proxy": 67.056672223075182, "restaurant_density": 258.94266721212819, "taxi_density": 155.36560032727692, "restaurant_score": 11.450104560478845, "taxi_score": 0.2504801820301566, "popularity_score": 5.8502923712545005, "rank": 36, "restaurant_score_v2": 12.283021254221893, "taxi_score_v2": 0.20083820355000218, "popularity_score_v2": 2.2017084406498642, "entropy_weight_restaurant": 0.20005164229110195, "entropy_weight_taxi": 0.75057148244721517, "entropy_weight_peak_time": 0.03862928693469727, "entropy_weight_accessibility": 0.010747588326985616, "rank_v2": 41, "demand_score_v3": 27.419354838709676, "poi_score_v3": 51.310952571264934, "time_fit_score_v3": 89.750798094342997, "data_confidence_v3": 44.677419354838712, "area_quality_score_v3": 36.483326913443051, "product_weight_demand": 0.42875776396814919, "product_weight_poi": 0.22963833177845744, "product_weight_time": 0.19965786771492983, "product_weight_confidence": 0.14194603653846352, "rank_v3": 44 }, "geometry": { "type": "Polygon", "coordinates": [ [ [ -73.931502983097261, 40.697768802964916 ], [ -73.931491085312274, 40.697760900408134 ], [ -73.929224793695653, 40.696187722200371 ], [ -73.929885259661887, 40.694298152495271 ], [ -73.929901862682186, 40.694258741723765 ], [ -73.929923580228817, 40.694220798807031 ], [ -73.929950192837254, 40.694184707158577 ], [ -73.929981431579577, 40.694150831484279 ], [ -73.930016980782284, 40.694119514097018 ], [ -73.930056481216255, 40.694091071457819 ], [ -73.930099533726889, 40.694065790978058 ], [ -73.930145703267542, 40.694043928115434 ], [ -73.930194523295668, 40.694025703792562 ], [ -73.930246523055061, 40.694008703888187 ], [ -73.930271997551202, 40.694000952018627 ], [ -73.930590995957957, 40.69391095253534 ], [ -73.93064426388446, 40.69389826154756 ], [ -73.930698966434903, 40.693889816241551 ], [ -73.930754521154952, 40.693885706540023 ], [ -73.930810336517212, 40.693885976201628 ], [ -73.930865818219175, 40.693890622355141 ], [ -73.930920375510823, 40.693899595529913 ], [ -73.931478372428742, 40.694014594850245 ], [ -73.931517813715161, 40.694023967721677 ], [ -73.933899801595786, 40.69466696401107 ], [ -73.933941239786122, 40.69467963811308 ], [ -73.933981163182821, 40.694694870724184 ], [ -73.934019299665479, 40.694712558018374 ], [ -73.937332290229349, 40.696395549447196 ], [ -73.93737206232349, 40.696417814166423 ], [ -73.937409001658096, 40.696442746101297 ], [ -73.937442800520614, 40.696470137565811 ], [ -73.941177805958631, 40.69978812434811 ], [ -73.941210596856422, 40.699820353382123 ], [ -73.941239039671174, 40.699854892220451 ], [ -73.941262855602602, 40.699891402317277 ], [ -73.941281811201563, 40.699929525804123 ], [ -73.941295720658289, 40.699968888997645 ], [ -73.941304447624148, 40.700009106062282 ], [ -73.941307906548417, 40.700049782792249 ], [ -73.941306063517146, 40.700090520475364 ], [ -73.941298936586065, 40.700130919801282 ], [ -73.941286595603884, 40.70017058477552 ], [ -73.941269161528027, 40.700209126600974 ], [ -73.941246805239416, 40.700246167489148 ], [ -73.941219745867699, 40.700281344363049 ], [ -73.94118824864367, 40.70031431241636 ], [ -73.941152622299569, 40.700344748493293 ], [ -73.941113216043149, 40.700372354256338 ], [ -73.941070416134664, 40.700396859110562 ], [ -73.941024642100814, 40.70041802285634 ], [ -73.940976342622349, 40.700435638043672 ], [ -73.940925991136041, 40.700449532006019 ], [ -73.940874081193755, 40.700459568552603 ], [ -73.940821121624381, 40.700465649303631 ], [ -73.940767631545981, 40.700467714654614 ], [ -73.940714135277091, 40.700465744360613 ], [ -73.940661157196857, 40.700459757734791 ], [ -73.938231143065991, 40.700090755519142 ], [ -73.938178338034987, 40.700080608762676 ], [ -73.933376860095066, 40.698959413560381 ], [ -73.931502983097261, 40.697768802964916 ] ] ] } },
{ "type": "Feature", "properties": { "dining_cluster_id": 140, "taxi_hotspot_id": 41, "n_restaurants": 432, "n_taxi_dropoffs": 152, "taxi_weight": 101.8, "avg_rating": 4.229838709677419, "bayesian_rating": 4.0069660081445644, "n_rated_restaurants": 0, "rating_coverage": null, "total_review_count": 0, "dining_area_sqm": 7174587.9671026934, "taxi_area_sqm": 997913.9308303619, "intersection_area_sqm": 733505.24098896841, "overlap_ratio_dining": 0.10223656666449364, "overlap_ratio_taxi": 0.73503858231402819, "min_overlap_ratio": 0.10223656666449364, "airport_overlap_ratio": 0.0, "is_airport": false, "airport_zone_id": null, "peak_hour_ratio": 0.80434782608695654, "peak_weight": 99.9, "lunch_peak_ratio": 0.066827697262479877, "lunch_weight": 8.3, "peak_time_score": 93.485914096517675, "lunch_peak_score": 2.6048256411422441, "distance_to_midtown_km": 7.8703125807306273, "accessibility_proxy": 67.468077288402441, "restaurant_density": 588.95284704107121, "taxi_density": 138.78564775180797, "restaurant_score": 26.042721164556376, "taxi_score": 0.22375000797356584, "popularity_score": 13.133235586264972, "rank": 16, "restaurant_score_v2": 32.160262349823611, "taxi_score_v2": 0.17230453156124906, "popularity_score_v2": 5.0141339652983845, "entropy_weight_restaurant": 0.20005164229110195, "entropy_weight_taxi": 0.75057148244721517, "entropy_weight_peak_time": 0.03862928693469727, "entropy_weight_accessibility": 0.010747588326985616, "rank_v2": 20, "demand_score_v3": 20.967741935483872, "poi_score_v3": 65.827081603522998, "time_fit_score_v3": 93.485914096517675, "data_confidence_v3": 63.87096774193548, "area_quality_score_v3": 36.226495559025977, "product_weight_demand": 0.42875776396814919, "product_weight_poi": 0.22963833177845744, "product_weight_time": 0.19965786771492983, "product_weight_confidence": 0.14194603653846352, "rank_v3": 45 }, "geometry": { "type": "Polygon", "coordinates": [ [ [ -73.929756377805703, 40.69985446134757 ], [ -73.929781553166819, 40.699869295444842 ], [ -73.929804911389937, 40.699885761601379 ], [ -73.933639411653374, 40.702838453129139 ], [ -73.933664385707729, 40.70285979961659 ], [ -73.933686307540668, 40.702883006824024 ], [ -73.933704939444752, 40.702907823109612 ], [ -73.934489743712007, 40.70409232093278 ], [ -73.934506067697654, 40.704120883201696 ], [ -73.934518034479353, 40.704150669023754 ], [ -73.93452548995333, 40.704181294842847 ], [ -73.934961501424056, 40.706791984561605 ], [ -73.934172326333908, 40.707289939346943 ], [ -73.934130936055354, 40.707313606698548 ], [ -73.934086762518334, 40.707334155020078 ], [ -73.934040210234613, 40.70735139614262 ], [ -73.933991705500091, 40.707365172182442 ], [ -73.933941692490961, 40.707375356986844 ], [ -73.933890629195986, 40.707381857289505 ], [ -73.933838983222401, 40.707384613564521 ], [ -73.933787227513534, 40.707383600571475 ], [ -73.933735836017647, 40.707378827586808 ], [ -73.933685279347586, 40.707370338318697 ], [ -73.933636020470914, 40.707358210506776 ], [ -73.931804011391421, 40.706832207493648 ], [ -73.931779034686272, 40.706824489727317 ], [ -73.925894007679261, 40.70487447878083 ], [ -73.925846346543452, 40.704856514463657 ], [ -73.925801233638126, 40.704835075452415 ], [ -73.921194221562587, 40.702398063200363 ], [ -73.921152511529769, 40.702373624147597 ], [ -73.921114119933293, 40.702346215723885 ], [ -73.921079410261612, 40.702316097432956 ], [ -73.921048711141182, 40.702283554435112 ], [ -73.921022313225251, 40.702248894847578 ], [ -73.921000466442095, 40.70221244682682 ], [ -73.920983377628829, 40.702174555461653 ], [ -73.920645383969457, 40.701286553948869 ], [ -73.920633166931381, 40.701247380666665 ], [ -73.92062603576808, 40.701207486538578 ], [ -73.920624058665055, 40.701167253068505 ], [ -73.920627254519815, 40.701127065004698 ], [ -73.920635592761499, 40.70108730666044 ], [ -73.92064899364361, 40.701048358239099 ], [ -73.921684011089155, 40.698546362839508 ], [ -73.921702052636803, 40.698509120102969 ], [ -73.921724722509623, 40.698473372731229 ], [ -73.921751809988422, 40.698439452988971 ], [ -73.921783063294342, 40.698407676152996 ], [ -73.921818191929304, 40.698378337581744 ], [ -73.921856869376185, 40.698351709970225 ], [ -73.921898736133826, 40.69832804081544 ], [ -73.921943403058549, 40.69830755011597 ], [ -73.922716400076197, 40.697990551824631 ], [ -73.922759579883362, 40.697974681354523 ], [ -73.922804436596607, 40.697961783483116 ], [ -73.922850617762492, 40.697951959552846 ], [ -73.922897760521465, 40.697945286753225 ], [ -73.925654325226674, 40.697650583789738 ], [ -73.929756377805703, 40.69985446134757 ] ] ] } },
{ "type": "Feature", "properties": { "dining_cluster_id": 139, "taxi_hotspot_id": 51, "n_restaurants": 195, "n_taxi_dropoffs": 81, "taxi_weight": 42.7, "avg_rating": 4.1066666666666674, "bayesian_rating": 4.0069660081445644, "n_rated_restaurants": 0, "rating_coverage": null, "total_review_count": 0, "dining_area_sqm": 1303201.8346095232, "taxi_area_sqm": 176668.38135812632, "intersection_area_sqm": 176668.38135812629, "overlap_ratio_dining": 0.13556486544623475, "overlap_ratio_taxi": 0.99999999999999989, "min_overlap_ratio": 0.13556486544623475, "airport_overlap_ratio": 0.0, "is_airport": false, "airport_zone_id": null, "peak_hour_ratio": 0.26829268292682923, "peak_weight": 12.1, "lunch_peak_ratio": 0.26385809312638581, "lunch_weight": 11.9, "peak_time_score": 11.037222055423149, "lunch_peak_score": 53.447413130058074, "distance_to_midtown_km": 7.9698577237668609, "accessibility_proxy": 67.133105629764827, "restaurant_density": 1103.7628720031882, "taxi_density": 241.69576735659561, "restaurant_score": 48.806944141258903, "taxi_score": 0.38966154461393782, "popularity_score": 24.59830284293642, "rank": 8, "restaurant_score_v2": 63.168405765002198, "taxi_score_v2": 0.34941020081817292, "popularity_score_v2": 9.2451187217167199, "entropy_weight_restaurant": 0.20005164229110195, "entropy_weight_taxi": 0.75057148244721517, "entropy_weight_peak_time": 0.03862928693469727, "entropy_weight_accessibility": 0.010747588326985616, "rank_v2": 8, "demand_score_v3": 33.87096774193548, "poi_score_v3": 73.085146119652023, "time_fit_score_v3": 11.037222055423149, "data_confidence_v3": 43.548387096774192, "area_quality_score_v3": 36.0266355365465, "product_weight_demand": 0.42875776396814919, "product_weight_poi": 0.22963833177845744, "product_weight_time": 0.19965786771492983, "product_weight_confidence": 0.14194603653846352, "rank_v3": 46 }, "geometry": { "type": "Polygon", "coordinates": [ [ [ -73.890842371531761, 40.744935535376314 ], [ -73.890882539182471, 40.744908869876326 ], [ -73.890925960975395, 40.744885338939483 ], [ -73.890972215693836, 40.744865170827865 ], [ -73.89102085464161, 40.744848561182216 ], [ -73.891071405995405, 40.744835671124349 ], [ -73.891123379381668, 40.744826625694024 ], [ -73.891176270633153, 40.744821512636307 ], [ -73.8912295666793, 40.744820381550277 ], [ -73.891282750523189, 40.744823243408028 ], [ -73.891335306256153, 40.74483007044816 ], [ -73.891386724062215, 40.744840796445139 ], [ -73.891436505163227, 40.744855317351558 ], [ -73.893716494780946, 40.745620313067171 ], [ -73.893774093243223, 40.745642860006072 ], [ -73.893827738096491, 40.745670478228746 ], [ -73.895111735515442, 40.746420474587694 ], [ -73.895151342275156, 40.746445995573808 ], [ -73.89518755284621, 40.746474284396427 ], [ -73.895220034259182, 40.74650508093292 ], [ -73.895248487833939, 40.746538102001388 ], [ -73.895272651926135, 40.746573043964275 ], [ -73.89529230433331, 40.746609585520503 ], [ -73.895307264338228, 40.746647390659675 ], [ -73.895317394370963, 40.746686111751792 ], [ -73.895322601274074, 40.746725392743826 ], [ -73.895322837159597, 40.746764872433687 ], [ -73.895318099849661, 40.746804187791454 ], [ -73.89530843289684, 40.746842977297739 ], [ -73.895293925184077, 40.746880884267931 ], [ -73.894409938430513, 40.74883588815954 ], [ -73.894389625711611, 40.748874384307072 ], [ -73.894364322668139, 40.74891113065987 ], [ -73.89433428613485, 40.748945754217957 ], [ -73.894299820995926, 40.748977903528655 ], [ -73.894261277090465, 40.749007252254017 ], [ -73.894107276962885, 40.749113252735107 ], [ -73.894066324172897, 40.749138784431608 ], [ -73.894022287293268, 40.749161151123879 ], [ -73.893975587678739, 40.749180138800973 ], [ -73.893926672163076, 40.749195565783111 ], [ -73.893876008783607, 40.749207284460276 ], [ -73.89382408230253, 40.749215182704475 ], [ -73.893771389568514, 40.749219184942824 ], [ -73.893148385733028, 40.749243185089583 ], [ -73.893097419316803, 40.749243321456994 ], [ -73.893046661903966, 40.749239812191384 ], [ -73.89299656337414, 40.749232688396511 ], [ -73.89294756776674, 40.749222013212929 ], [ -73.892900109345064, 40.749207881258208 ], [ -73.889502094002623, 40.748052874803506 ], [ -73.889452663801251, 40.748033703333334 ], [ -73.889406073644324, 40.748010784523366 ], [ -73.889362812986064, 40.747984359149214 ], [ -73.889323336300748, 40.747954704824956 ], [ -73.88928805830821, 40.747922133086135 ], [ -73.889257349616997, 40.747886986116967 ], [ -73.88923153283109, 40.747849633155305 ], [ -73.889210879160842, 40.747810466613629 ], [ -73.889195605574329, 40.747769897956132 ], [ -73.889185872518013, 40.747728353376381 ], [ -73.889064878326479, 40.746996352817469 ], [ -73.889060941503899, 40.746958487457142 ], [ -73.889061609874076, 40.746920507309596 ], [ -73.889066877740376, 40.74688273564071 ], [ -73.889076700257959, 40.746845493941407 ], [ -73.889090993815771, 40.746809099191168 ], [ -73.889109636748387, 40.746773861160371 ], [ -73.889132470371877, 40.746740079773545 ], [ -73.889756474281, 40.745913082293185 ], [ -73.889783279326863, 40.745881071171425 ], [ -73.889813846167797, 40.745851073253988 ], [ -73.890805847674443, 40.744965076770185 ], [ -73.890842371531761, 40.744935535376314 ] ] ] } },
{ "type": "Feature", "properties": { "dining_cluster_id": 181, "taxi_hotspot_id": 14, "n_restaurants": 44, "n_taxi_dropoffs": 52, "taxi_weight": 30.3, "avg_rating": 4.1192307692307688, "bayesian_rating": 4.0069660081445644, "n_rated_restaurants": 0, "rating_coverage": null, "total_review_count": 0, "dining_area_sqm": 185449.85119191528, "taxi_area_sqm": 1924635.4274449849, "intersection_area_sqm": 185449.85119191525, "overlap_ratio_dining": 0.99999999999999989, "overlap_ratio_taxi": 0.096355833706181879, "min_overlap_ratio": 0.096355833706181879, "airport_overlap_ratio": 0.0, "is_airport": false, "airport_zone_id": null, "peak_hour_ratio": 0.71739130434782605, "peak_weight": 29.7, "lunch_peak_ratio": 0.065217391304347838, "lunch_weight": 2.7, "peak_time_score": 80.11144773179015, "lunch_peak_score": 2.1892952291909737, "distance_to_midtown_km": 12.110896721219857, "accessibility_proxy": 54.577698663546805, "restaurant_density": 237.26090755643696, "taxi_density": 163.38648861272819, "restaurant_score": 10.491365632724383, "taxi_score": 0.26341144579479486, "popularity_score": 5.3773885392595888, "rank": 41, "restaurant_score_v2": 10.977081042691282, "taxi_score_v2": 0.21464194601269987, "popularity_score_v2": 1.9728641154302407, "entropy_weight_restaurant": 0.20005164229110195, "entropy_weight_taxi": 0.75057148244721517, "entropy_weight_peak_time": 0.03862928693469727, "entropy_weight_accessibility": 0.010747588326985616, "rank_v2": 45, "demand_score_v3": 29.032258064516132, "poi_score_v3": 47.278694506748806, "time_fit_score_v3": 80.11144773179015, "data_confidence_v3": 32.822580645161288, "area_quality_score_v3": 35.26213833202101, "product_weight_demand": 0.42875776396814919, "product_weight_poi": 0.22963833177845744, "product_weight_time": 0.19965786771492983, "product_weight_confidence": 0.14194603653846352, "rank_v3": 47 }, "geometry": { "type": "Polygon", "coordinates": [ [ [ -74.008945226787276, 40.645798202624526 ], [ -74.008974245888766, 40.645782889768753 ], [ -74.009005092846479, 40.645769813212617 ], [ -74.00903747161027, 40.645759098456494 ], [ -74.009071071429133, 40.645750848333613 ], [ -74.009105569833579, 40.645745142023301 ], [ -74.009140635730446, 40.645742034290961 ], [ -74.009175932580291, 40.645741554962569 ], [ -74.009211121627246, 40.645743708638378 ], [ -74.009245865150007, 40.645748474648876 ], [ -74.009279829703004, 40.645755807252961 ], [ -74.009312689316374, 40.645765636077201 ], [ -74.009344128624434, 40.645777866790802 ], [ -74.009373845892185, 40.645792382011372 ], [ -74.009401555911111, 40.645809042431118 ], [ -74.009426992736451, 40.645827688153851 ], [ -74.009449912239518, 40.645848140229646 ], [ -74.009470094450663, 40.645870202372059 ], [ -74.009487345670536, 40.645893662842148 ], [ -74.009501500329108, 40.645918296480339 ], [ -74.009512422574758, 40.645943866867512 ], [ -74.009520007578402, 40.645970128593845 ], [ -74.009524182539494, 40.645996829614155 ], [ -74.009524907384943, 40.646023713666949 ], [ -74.009522175153933, 40.646050522733724 ], [ -74.009516012064807, 40.646076999515294 ], [ -74.00950647726367, 40.646102889901364 ], [ -74.009199780444916, 40.646801990806026 ], [ -74.009194967371684, 40.646812276516506 ], [ -74.006372891899773, 40.652483284722933 ], [ -74.006359283377719, 40.652507149521661 ], [ -74.006342769082295, 40.652529925734825 ], [ -74.006323497400501, 40.652551408705776 ], [ -74.006301641496435, 40.652571405398234 ], [ -74.006277397755397, 40.652589736130778 ], [ -74.006250984019246, 40.652606236191311 ], [ -74.006222637629079, 40.652620757317408 ], [ -74.006192613292441, 40.652633169028299 ], [ -74.00616118079472, 40.652643359797544 ], [ -74.006128622574906, 40.652651238055036 ], [ -74.006095231187558, 40.652656733009977 ], [ -74.003003318989954, 40.65304973459267 ], [ -74.002967569083864, 40.653052890598957 ], [ -74.002931584135979, 40.653053315263563 ], [ -74.002895723004841, 40.653051004351575 ], [ -74.002860343314239, 40.653045980908431 ], [ -74.002825797886658, 40.653038295030221 ], [ -74.002792431224606, 40.653028023364065 ], [ -74.002760576074976, 40.653015268343701 ], [ -74.002730550110712, 40.653000157167881 ], [ -74.002702652762721, 40.652982840531976 ], [ -74.002677162233752, 40.652963491124964 ], [ -74.002654332724077, 40.652942301907501 ], [ -74.002634391896493, 40.65291948418723 ], [ -74.002482792476641, 40.652725683782265 ], [ -74.002465672671107, 40.65270102983515 ], [ -74.002451926156922, 40.652675180013489 ], [ -74.002441694855676, 40.652648401203223 ], [ -74.002435084395827, 40.652620969881305 ], [ -74.002432163022263, 40.652593169261081 ], [ -74.002432960891923, 40.652565286368507 ], [ -74.002437469762626, 40.652537609078458 ], [ -74.002445643078346, 40.652510423142793 ], [ -74.002457396450041, 40.652484009240062 ], [ -74.003143402024605, 40.651166611223047 ], [ -74.003157306375826, 40.651143176646173 ], [ -74.003174029305754, 40.651120836028348 ], [ -74.003193424016814, 40.651099785476752 ], [ -74.006881630230055, 40.64747069454662 ], [ -74.006899243239403, 40.647454663099339 ], [ -74.008361944144767, 40.646221866474278 ], [ -74.008379985596861, 40.646207717320728 ], [ -74.008867885478296, 40.645851618370529 ], [ -74.00887081406762, 40.645849504715862 ], [ -74.008918314050192, 40.645815604816875 ], [ -74.008945226787276, 40.645798202624526 ] ] ] } },
{ "type": "Feature", "properties": { "dining_cluster_id": 143, "taxi_hotspot_id": 32, "n_restaurants": 59, "n_taxi_dropoffs": 94, "taxi_weight": 59.8, "avg_rating": 4.0740740740740744, "bayesian_rating": 4.0069660081445644, "n_rated_restaurants": 0, "rating_coverage": null, "total_review_count": 0, "dining_area_sqm": 602246.09382353525, "taxi_area_sqm": 1022267.9832440558, "intersection_area_sqm": 400526.11663983017, "overlap_ratio_dining": 0.6650539052847535, "overlap_ratio_taxi": 0.39180148767723733, "min_overlap_ratio": 0.39180148767723733, "airport_overlap_ratio": 0.0, "is_airport": false, "airport_zone_id": null, "peak_hour_ratio": 0.84662576687116564, "peak_weight": 55.2, "lunch_peak_ratio": 0.062883435582822084, "lunch_weight": 4.1, "peak_time_score": 99.988530411883644, "lunch_peak_score": 1.587031058494726, "distance_to_midtown_km": 12.542238922264959, "accessibility_proxy": 53.413217810320582, "restaurant_density": 147.30624932769433, "taxi_density": 149.30362219993424, "restaurant_score": 6.5136888229869419, "taxi_score": 0.24070707021131699, "popularity_score": 3.3771979465991295, "rank": 52, "restaurant_score_v2": 5.5589135479431313, "taxi_score_v2": 0.19040569509129204, "popularity_score_v2": 1.4842803568368745, "entropy_weight_restaurant": 0.20005164229110195, "entropy_weight_taxi": 0.75057148244721517, "entropy_weight_peak_time": 0.03862928693469727, "entropy_weight_accessibility": 0.010747588326985616, "rank_v2": 48, "demand_score_v3": 24.193548387096776, "poi_score_v3": 39.21417837771655, "time_fit_score_v3": 99.988530411883644, "data_confidence_v3": 49.193548387096769, "area_quality_score_v3": 34.882284878182944, "product_weight_demand": 0.42875776396814919, "product_weight_poi": 0.22963833177845744, "product_weight_time": 0.19965786771492983, "product_weight_confidence": 0.14194603653846352, "rank_v3": 48 }, "geometry": { "type": "Polygon", "coordinates": [ [ [ -73.970828484802411, 40.647979331583024 ], [ -73.970784520162013, 40.647823500299985 ], [ -73.970776909607451, 40.64778974378136 ], [ -73.970773009080418, 40.64775562225708 ], [ -73.970531503413639, 40.643692318838802 ], [ -73.978363492518312, 40.64201208937547 ], [ -73.978599915474391, 40.642245478606206 ], [ -73.978623653243559, 40.642270840218636 ], [ -73.97917165568434, 40.642905838082299 ], [ -73.979198238879931, 40.642940150310146 ], [ -73.979220343739371, 40.642976259080989 ], [ -73.979237763260201, 40.64301382626391 ], [ -73.979250334313718, 40.643052500070446 ], [ -73.97925793917274, 40.643091918348922 ], [ -73.979260506614395, 40.643131711975492 ], [ -73.979258012587437, 40.643171508310935 ], [ -73.978661815660132, 40.647882080969282 ], [ -73.970828484802411, 40.647979331583024 ] ] ] } },
{ "type": "Feature", "properties": { "dining_cluster_id": 38, "taxi_hotspot_id": 2, "n_restaurants": 104, "n_taxi_dropoffs": 90, "taxi_weight": 62.7, "avg_rating": 4.1166666666666663, "bayesian_rating": 4.0069660081445644, "n_rated_restaurants": 0, "rating_coverage": null, "total_review_count": 0, "dining_area_sqm": 3998598.5383368516, "taxi_area_sqm": 517858.80301473761, "intersection_area_sqm": 435395.7467863448, "overlap_ratio_dining": 0.10888708696608491, "overlap_ratio_taxi": 0.84076150535951011, "min_overlap_ratio": 0.10888708696608491, "airport_overlap_ratio": 0.0, "is_airport": false, "airport_zone_id": null, "peak_hour_ratio": 0.84370015948963306, "peak_weight": 52.9, "lunch_peak_ratio": 0.060606060606060608, "lunch_weight": 3.8, "peak_time_score": 99.538553380395527, "lunch_peak_score": 0.99936723133051164, "distance_to_midtown_km": 19.753460256190625, "accessibility_proxy": 37.244235202274062, "restaurant_density": 238.86315097844619, "taxi_density": 144.00691890719784, "restaurant_score": 10.562214731912489, "taxi_score": 0.23216773330450099, "popularity_score": 5.3971912326084945, "rank": 40, "restaurant_score_v2": 11.073587698363623, "taxi_score_v2": 0.18129020494204404, "popularity_score_v2": 2.0969262243761966, "entropy_weight_restaurant": 0.20005164229110195, "entropy_weight_taxi": 0.75057148244721517, "entropy_weight_peak_time": 0.03862928693469727, "entropy_weight_accessibility": 0.010747588326985616, "rank_v2": 44, "demand_score_v3": 22.58064516129032, "poi_score_v3": 48.08514611965203, "time_fit_score_v3": 99.538553380395527, "data_confidence_v3": 46.935483870967744, "area_quality_score_v3": 34.838962177077484, "product_weight_demand": 0.42875776396814919, "product_weight_poi": 0.22963833177845744, "product_weight_time": 0.19965786771492983, "product_weight_confidence": 0.14194603653846352, "rank_v3": 49 }, "geometry": { "type": "Polygon", "coordinates": [ [ [ -73.790416730727486, 40.666330242256151 ], [ -73.786776430257831, 40.670386306374908 ], [ -73.786749534603118, 40.670413748101502 ], [ -73.786719737190523, 40.670439393270527 ], [ -73.786687244114063, 40.670463064504268 ], [ -73.785817243205273, 40.671046067184314 ], [ -73.78577542072145, 40.671071412989619 ], [ -73.785730515932457, 40.671093490933337 ], [ -73.78568296764729, 40.671112085268767 ], [ -73.785633240508488, 40.671127014290981 ], [ -73.785581820451611, 40.671138132112667 ], [ -73.785529209956394, 40.671145330089715 ], [ -73.785475923136147, 40.671148537882921 ], [ -73.785422480713805, 40.671147724145499 ], [ -73.785369404932837, 40.671142896829352 ], [ -73.78531721445367, 40.671134103107391 ], [ -73.782837200795058, 40.670617100053761 ], [ -73.782789217096962, 40.670605238520693 ], [ -73.782742894115231, 40.670590023624833 ], [ -73.782698635078162, 40.67057158780802 ], [ -73.782656825247074, 40.670550091549025 ], [ -73.782617828562564, 40.670525721966932 ], [ -73.782581984476522, 40.670498691192023 ], [ -73.782549604997243, 40.670469234519302 ], [ -73.780853609616756, 40.668771228224756 ], [ -73.780832445197319, 40.668748478702142 ], [ -73.779755449968974, 40.667503474508223 ], [ -73.779754064580544, 40.667501864788051 ], [ -73.778932068328317, 40.666541861577201 ], [ -73.778909715468117, 40.666513296850752 ], [ -73.778890462723112, 40.666483451762268 ], [ -73.778295468837769, 40.665458449224559 ], [ -73.778276638091157, 40.665421229768214 ], [ -73.778262625389829, 40.665382797469562 ], [ -73.778253562238405, 40.665343513026137 ], [ -73.778249533688069, 40.665303745132455 ], [ -73.778250577538728, 40.665263867019718 ], [ -73.778256683984552, 40.665224252952854 ], [ -73.778267795706327, 40.665185274718027 ], [ -73.778283808409824, 40.66514729813337 ], [ -73.778304571804824, 40.665110679615729 ], [ -73.778329891015943, 40.665075762835613 ], [ -73.778359528411869, 40.66504287549202 ], [ -73.77839320583567, 40.665012326236877 ], [ -73.778430607215583, 40.664984401778483 ], [ -73.778471381531361, 40.664959364190771 ], [ -73.778515146108788, 40.664937448453756 ], [ -73.778561490211018, 40.66491886024852 ], [ -73.778609978893314, 40.664903774026648 ], [ -73.778660157084929, 40.664892331373373 ], [ -73.778711553859722, 40.664884639678718 ], [ -73.778763686855839, 40.664880771129653 ], [ -73.781825927820279, 40.664767114454627 ], [ -73.790416730727486, 40.666330242256151 ] ] ] } },
{ "type": "Feature", "properties": { "dining_cluster_id": 178, "taxi_hotspot_id": 14, "n_restaurants": 54, "n_taxi_dropoffs": 52, "taxi_weight": 30.3, "avg_rating": 4.0214285714285714, "bayesian_rating": 4.0069660081445644, "n_rated_restaurants": 0, "rating_coverage": null, "total_review_count": 0, "dining_area_sqm": 631477.21959534788, "taxi_area_sqm": 1924635.4274449849, "intersection_area_sqm": 198718.95052154534, "overlap_ratio_dining": 0.31468902496417039, "overlap_ratio_taxi": 0.10325017802740497, "min_overlap_ratio": 0.10325017802740497, "airport_overlap_ratio": 0.0, "is_airport": false, "airport_zone_id": null, "peak_hour_ratio": 0.71739130434782605, "peak_weight": 29.7, "lunch_peak_ratio": 0.065217391304347838, "lunch_weight": 2.7, "peak_time_score": 80.11144773179015, "lunch_peak_score": 2.1892952291909737, "distance_to_midtown_km": 12.822032625138268, "accessibility_proxy": 52.671186206851175, "restaurant_density": 271.74056554885669, "taxi_density": 152.4766506690807, "restaurant_score": 12.016010811803101, "taxi_score": 0.24582262183191042, "popularity_score": 6.1309167168175058, "rank": 32, "restaurant_score_v2": 13.053866901734981, "taxi_score_v2": 0.19586639548458284, "popularity_score_v2": 2.2535925010300346, "entropy_weight_restaurant": 0.20005164229110195, "entropy_weight_taxi": 0.75057148244721517, "entropy_weight_peak_time": 0.03862928693469727, "entropy_weight_accessibility": 0.010747588326985616, "rank_v2": 39, "demand_score_v3": 25.806451612903224, "poi_score_v3": 53.730307409974614, "time_fit_score_v3": 80.11144773179015, "data_confidence_v3": 32.822580645161288, "area_quality_score_v3": 34.145543872362076, "product_weight_demand": 0.42875776396814919, "product_weight_poi": 0.22963833177845744, "product_weight_time": 0.19965786771492983, "product_weight_confidence": 0.14194603653846352, "rank_v3": 50 }, "geometry": { "type": "Polygon", "coordinates": [ [ [ -74.013192813972523, 40.646396292717185 ], [ -74.013178421479822, 40.646389984378658 ], [ -74.012535120049534, 40.646092783341111 ], [ -74.012506261421038, 40.646077952656611 ], [ -74.01247941629093, 40.646061070092216 ], [ -74.01245483520438, 40.646042293213583 ], [ -74.012432747575545, 40.646021797266023 ], [ -74.012413359546528, 40.645999773538755 ], [ -74.012396852063389, 40.645976427579697 ], [ -74.012383379187582, 40.645951977276845 ], [ -74.011286389295179, 40.643656174070792 ], [ -74.011275530272087, 40.643629210370243 ], [ -74.011268361129041, 40.643601540202681 ], [ -74.011264957556847, 40.643573455723725 ], [ -74.011265355487325, 40.64354525346311 ], [ -74.011269550714189, 40.643517231193783 ], [ -74.011277498937446, 40.64348968478788 ], [ -74.011289116231666, 40.643462905092818 ], [ -74.011304279931991, 40.643437174860367 ], [ -74.01132282992964, 40.643412765761333 ], [ -74.011344570362425, 40.643389935517092 ], [ -74.012535193027247, 40.642265974333746 ], [ -74.018106616866163, 40.643836880807207 ], [ -74.018156390905915, 40.643853116136626 ], [ -74.018203782781043, 40.643873063211466 ], [ -74.01824831692204, 40.643896521867063 ], [ -74.018289546434929, 40.643923256700759 ], [ -74.018327057585509, 40.643952999433736 ], [ -74.018360473951105, 40.643985451603214 ], [ -74.018389460198023, 40.644020287557098 ], [ -74.018413725446663, 40.644057157722109 ], [ -74.01843302619065, 40.644095692111222 ], [ -74.018447168740664, 40.644135504036626 ], [ -74.018456011168368, 40.644176193989765 ], [ -74.018459464731038, 40.644217353650546 ], [ -74.01845749476243, 40.64425856998465 ], [ -74.01845012102109, 40.644299429388148 ], [ -74.01843741749245, 40.64433952183834 ], [ -74.018419511646769, 40.644378445008002 ], [ -74.018396583160381, 40.644415808302981 ], [ -74.018368862112894, 40.644451236781912 ], [ -74.018336626678689, 40.644484374918655 ], [ -74.015320922057001, 40.64727995024721 ], [ -74.013192813972523, 40.646396292717185 ] ] ] } },
{ "type": "Feature", "properties": { "dining_cluster_id": 36, "taxi_hotspot_id": 9, "n_restaurants": 202, "n_taxi_dropoffs": 253, "taxi_weight": 178.1, "avg_rating": 3.8774774774774774, "bayesian_rating": 4.0069660081445644, "n_rated_restaurants": 0, "rating_coverage": null, "total_review_count": 0, "dining_area_sqm": 1979882.894445736, "taxi_area_sqm": 7193202.6947008148, "intersection_area_sqm": 1979882.8944457362, "overlap_ratio_dining": 1.0000000000000002, "overlap_ratio_taxi": 0.27524358460026477, "min_overlap_ratio": 0.27524358460026477, "airport_overlap_ratio": 0.0, "is_airport": false, "airport_zone_id": null, "peak_hour_ratio": 0.73410724156992813, "peak_weight": 132.8, "lunch_peak_ratio": 0.14206744057490325, "lunch_weight": 25.7, "peak_time_score": 82.682465243307021, "lunch_peak_score": 22.020018993581878, "distance_to_midtown_km": 13.098221733654746, "accessibility_proxy": 51.948824995726426, "restaurant_density": 102.02623628229762, "taxi_density": 89.954815256817852, "restaurant_score": 4.5114661323366185, "taxi_score": 0.1450250148845916, "popularity_score": 2.3282455736106051, "rank": 56, "restaurant_score_v2": 2.8315984797174529, "taxi_score_v2": 0.088267924640468939, "popularity_score_v2": 1.083420078839755, "entropy_weight_restaurant": 0.20005164229110195, "entropy_weight_taxi": 0.75057148244721517, "entropy_weight_peak_time": 0.03862928693469727, "entropy_weight_accessibility": 0.010747588326985616, "rank_v2": 57, "demand_score_v3": 12.903225806451612, "poi_score_v3": 33.569017087393966, "time_fit_score_v3": 82.682465243307021, "data_confidence_v3": 71.209677419354847, "area_quality_score_v3": 26.858637873178115, "product_weight_demand": 0.42875776396814919, "product_weight_poi": 0.22963833177845744, "product_weight_time": 0.19965786771492983, "product_weight_confidence": 0.14194603653846352, "rank_v3": 51 }, "geometry": { "type": "Polygon", "coordinates": [ [ [ -73.825622825796188, 40.751201112916597 ], [ -73.825657939379809, 40.75119054640291 ], [ -73.825694312526736, 40.751182827801522 ], [ -73.825731547061523, 40.75117804160756 ], [ -73.825769235379468, 40.751176240215294 ], [ -73.825806964908523, 40.751177443344481 ], [ -73.8258443226255, 40.751181637824516 ], [ -73.835804084030769, 40.752708031718427 ], [ -73.835839180817189, 40.752714818181076 ], [ -73.835873206690991, 40.752724244999158 ], [ -73.83590581912047, 40.752736217274901 ], [ -73.835936689802324, 40.75275061448594 ], [ -73.835965507966435, 40.752767291698476 ], [ -73.8359919835044, 40.752786081026251 ], [ -73.836015849889861, 40.752806793320616 ], [ -73.836036866861704, 40.752829220074673 ], [ -73.836054822842669, 40.752853135522045 ], [ -73.836069537069363, 40.752878298909756 ], [ -73.836080861412128, 40.752904456921705 ], [ -73.837292177628214, 40.756260653296891 ], [ -73.83729736384899, 40.756276958957102 ], [ -73.837354264894955, 40.756483258784343 ], [ -73.837359454600872, 40.75650737317121 ], [ -73.83736180337948, 40.756531742975945 ], [ -73.837361292612485, 40.756556175055898 ], [ -73.836385058741797, 40.768824778079328 ], [ -73.83638073285357, 40.768853655197375 ], [ -73.836372414939035, 40.768882022654722 ], [ -73.836360198258021, 40.768909562380429 ], [ -73.8363442197859, 40.768935965584113 ], [ -73.836324658677825, 40.768960936218377 ], [ -73.836252158882218, 40.769043236405246 ], [ -73.836233767982662, 40.769062285434664 ], [ -73.83621329017565, 40.769080061244942 ], [ -73.834702690590618, 40.770282664633939 ], [ -73.834676220565612, 40.770301711995323 ], [ -73.83464735939404, 40.77031863329335 ], [ -73.834616401214291, 40.770333256073826 ], [ -73.834583661537167, 40.770345431307781 ], [ -73.834549474030354, 40.770355034910594 ], [ -73.834514187117605, 40.770361969006423 ], [ -73.834478160427835, 40.770366162926024 ], [ -73.834441761129654, 40.770367573926691 ], [ -73.834405360189308, 40.770366187628092 ], [ -73.834369328589773, 40.770362018158856 ], [ -73.834334033549709, 40.77035510801241 ], [ -73.834299834780865, 40.770345527613962 ], [ -73.834267080821775, 40.770333374602878 ], [ -73.834236105485672, 40.770318772837257 ], [ -73.834207224458225, 40.770301871131934 ], [ -73.825214516808458, 40.764465753019422 ], [ -73.82518800232387, 40.764446700082132 ], [ -73.825164152483524, 40.764425709681838 ], [ -73.825143210871929, 40.764402996201142 ], [ -73.825125391370065, 40.764378791620864 ], [ -73.825110875971177, 40.764353343150681 ], [ -73.825099812921962, 40.764326910704277 ], [ -73.82130536635033, 40.753371699318762 ], [ -73.821297957515114, 40.753344965746528 ], [ -73.82129408029337, 40.753317804496241 ], [ -73.821293773096102, 40.753290484679951 ], [ -73.821297038962598, 40.753263276980469 ], [ -73.821303845530579, 40.753236450969446 ], [ -73.821314125356977, 40.753210272436505 ], [ -73.821327776586358, 40.753185000755721 ], [ -73.821344663960218, 40.753160886315953 ], [ -73.821364620157183, 40.753138168040017 ], [ -73.821387447451031, 40.753117071017364 ], [ -73.821412919669726, 40.753097804274255 ], [ -73.821440784436348, 40.753080558702479 ], [ -73.821470765669673, 40.753065505168379 ], [ -73.825589356163476, 40.751214411671384 ], [ -73.825622825796188, 40.751201112916597 ] ] ] } },
{ "type": "Feature", "properties": { "dining_cluster_id": 131, "taxi_hotspot_id": 21, "n_restaurants": 64, "n_taxi_dropoffs": 64, "taxi_weight": 41.1, "avg_rating": 4.1822222222222223, "bayesian_rating": 4.0069660081445644, "n_rated_restaurants": 0, "rating_coverage": null, "total_review_count": 0, "dining_area_sqm": 455947.25065064442, "taxi_area_sqm": 815619.578446517, "intersection_area_sqm": 387357.46348905016, "overlap_ratio_dining": 0.84956639816620128, "overlap_ratio_taxi": 0.47492418490840643, "min_overlap_ratio": 0.47492418490840643, "airport_overlap_ratio": 0.0, "is_airport": false, "airport_zone_id": null, "peak_hour_ratio": 0.71309771309771297, "peak_weight": 34.3, "lunch_peak_ratio": 0.10187110187110188, "lunch_weight": 4.9, "peak_time_score": 79.451066076567116, "lunch_peak_score": 11.647579460476829, "distance_to_midtown_km": 9.5743284214296498, "accessibility_proxy": 61.957815909333135, "restaurant_density": 165.22206497205948, "taxi_density": 106.10354484924444, "restaurant_score": 7.3059026540362408, "taxi_score": 0.17105997191076824, "popularity_score": 3.7384813129735046, "rank": 46, "restaurant_score_v2": 6.6380226444321817, "taxi_score_v2": 0.11605947296535075, "popularity_score_v2": 1.4130732862212325, "entropy_weight_restaurant": 0.20005164229110195, "entropy_weight_taxi": 0.75057148244721517, "entropy_weight_peak_time": 0.03862928693469727, "entropy_weight_accessibility": 0.010747588326985616, "rank_v2": 50, "demand_score_v3": 14.516129032258066, "poi_score_v3": 44.052888055135902, "time_fit_score_v3": 79.451066076567116, "data_confidence_v3": 36.774193548387096, "area_quality_score_v3": 26.660261548341513, "product_weight_demand": 0.42875776396814919, "product_weight_poi": 0.22963833177845744, "product_weight_time": 0.19965786771492983, "product_weight_confidence": 0.14194603653846352, "rank_v3": 52 }, "geometry": { "type": "Polygon", "coordinates": [ [ [ -73.873469407268615, 40.733644836884231 ], [ -73.877946337165298, 40.733807337567193 ], [ -73.882571960854719, 40.736083298476423 ], [ -73.882613037523782, 40.73610564207609 ], [ -73.88265119786216, 40.736130800372869 ], [ -73.882686109699975, 40.736158554376495 ], [ -73.88271746914269, 40.73618866250208 ], [ -73.88274500321657, 40.73622086267293 ], [ -73.882768472244763, 40.73625487460172 ], [ -73.882787671933784, 40.736290402230196 ], [ -73.882802435151959, 40.736327136306095 ], [ -73.88281263338439, 40.736364757075179 ], [ -73.882818177851945, 40.736402937064284 ], [ -73.882920094233214, 40.737625017139408 ], [ -73.882895559380287, 40.737637191101932 ], [ -73.882864519389301, 40.737649511344387 ], [ -73.882832055783553, 40.737659485471347 ], [ -73.882798474182565, 40.737667019584052 ], [ -73.882606873460844, 40.737702419724449 ], [ -73.88257057502048, 40.737707645936574 ], [ -73.882533764303119, 40.737710021807082 ], [ -73.876786240666391, 40.737856122402967 ], [ -73.87674562603442, 40.737855413369267 ], [ -73.876705373575348, 40.737851236334961 ], [ -73.876665993485901, 40.737843644243618 ], [ -73.876551393080035, 40.737816244136916 ], [ -73.876511640279489, 40.7378047409426 ], [ -73.869008295194064, 40.735238603094388 ], [ -73.868653108960316, 40.734757641928297 ], [ -73.868627653007636, 40.734718428812585 ], [ -73.868607808847031, 40.734677382959511 ], [ -73.868593800378449, 40.734634967507638 ], [ -73.868381108797294, 40.733807086543116 ], [ -73.868469943224952, 40.73377778277689 ], [ -73.86847276505803, 40.733776862768003 ], [ -73.868589263169881, 40.733739325983208 ], [ -73.868621238296299, 40.733730352950822 ], [ -73.868654183719599, 40.733723714767116 ], [ -73.868687805519102, 40.733719470654179 ], [ -73.869419804091635, 40.733653907845778 ], [ -73.869461116633644, 40.73365202542729 ], [ -73.87345130019753, 40.733644525457876 ], [ -73.873469407268615, 40.733644836884231 ] ] ] } },
{ "type": "Feature", "properties": { "dining_cluster_id": 152, "taxi_hotspot_id": 33, "n_restaurants": 74, "n_taxi_dropoffs": 120, "taxi_weight": 77.5, "avg_rating": 4.1074074074074076, "bayesian_rating": 4.0069660081445644, "n_rated_restaurants": 0, "rating_coverage": null, "total_review_count": 0, "dining_area_sqm": 1007760.8011189975, "taxi_area_sqm": 1229947.2394161206, "intersection_area_sqm": 932002.01391559292, "overlap_ratio_dining": 0.92482463386223845, "overlap_ratio_taxi": 0.75775771841890716, "min_overlap_ratio": 0.75775771841890716, "airport_overlap_ratio": 0.0, "is_airport": false, "airport_zone_id": null, "peak_hour_ratio": 0.78162291169451081, "peak_weight": 65.5, "lunch_peak_ratio": 0.099045346062052522, "lunch_weight": 8.3, "peak_time_score": 89.990677659912279, "lunch_peak_score": 10.918409038248473, "distance_to_midtown_km": 11.624711509924035, "accessibility_proxy": 55.920699707086996, "restaurant_density": 79.398970061347782, "taxi_density": 83.154326753438554, "restaurant_score": 3.510918146417318, "taxi_score": 0.13406127777269386, "popularity_score": 1.8224897120950059, "rank": 61, "restaurant_score_v2": 1.4687083220825696, "taxi_score_v2": 0.07656445881718163, "popularity_score_v2": 1.0980162841699661, "entropy_weight_restaurant": 0.20005164229110195, "entropy_weight_taxi": 0.75057148244721517, "entropy_weight_peak_time": 0.03862928693469727, "entropy_weight_accessibility": 0.010747588326985616, "rank_v2": 56, "demand_score_v3": 11.29032258064516, "poi_score_v3": 28.730307409974611, "time_fit_score_v3": 89.990677659912279, "data_confidence_v3": 55.967741935483872, "area_quality_score_v3": 26.614576252131055, "product_weight_demand": 0.42875776396814919, "product_weight_poi": 0.22963833177845744, "product_weight_time": 0.19965786771492983, "product_weight_confidence": 0.14194603653846352, "rank_v3": 53 }, "geometry": { "type": "Polygon", "coordinates": [ [ [ -73.957759537864931, 40.648562290825566 ], [ -73.957783619035865, 40.648544037250694 ], [ -73.957809850041571, 40.648527592063239 ], [ -73.957837997739787, 40.648513101427774 ], [ -73.957867811953278, 40.648500694136743 ], [ -73.957899027693287, 40.648490480465789 ], [ -73.957931367514746, 40.648482551193688 ], [ -73.9579645439822, 40.648476976795578 ], [ -73.95799826222428, 40.648473806816462 ], [ -73.958032222554579, 40.648473069430977 ], [ -73.958066123135083, 40.648474771192987 ], [ -73.963225402316652, 40.648920469384827 ], [ -73.963259626696882, 40.648924703770888 ], [ -73.9632931583877, 40.648931423713691 ], [ -73.96332568697764, 40.648940567005035 ], [ -73.963356911340711, 40.648952049003121 ], [ -73.96338654242426, 40.648965763416179 ], [ -73.963414305924445, 40.648981583286172 ], [ -73.963439944825637, 40.648999362164353 ], [ -73.963463221779648, 40.649018935466707 ], [ -73.963483921302924, 40.649040121997572 ], [ -73.963501851771397, 40.64906272562704 ], [ -73.963516847194384, 40.649086537106484 ], [ -73.963528768751416, 40.649111336005575 ], [ -73.963537506077301, 40.649136892752942 ], [ -73.963542978284011, 40.649162970761296 ], [ -73.963545134709619, 40.64918932861756 ], [ -73.963543955387408, 40.649215722317706 ], [ -73.962108054491821, 40.662496854334407 ], [ -73.959668162032017, 40.662969034100186 ], [ -73.95961594464184, 40.662977076581157 ], [ -73.959562941331669, 40.66298116666087 ], [ -73.959509666729247, 40.662981264627355 ], [ -73.959456638096498, 40.662977369529443 ], [ -73.959404370307041, 40.662969519185928 ], [ -73.959353370846756, 40.662957789818613 ], [ -73.959304134886253, 40.662942295311908 ], [ -73.959257140472815, 40.662923186107271 ], [ -73.959212843888707, 40.662900647742248 ], [ -73.958631254962853, 40.662572052368823 ], [ -73.955231128053185, 40.658644876971344 ], [ -73.954474374275748, 40.653031331773157 ], [ -73.955678282014119, 40.650758029797679 ], [ -73.955684998661553, 40.650746160072039 ], [ -73.95580979946341, 40.650539160424763 ], [ -73.955827907477413, 40.650512953949878 ], [ -73.955849617023048, 40.65048838586285 ], [ -73.95773782056385, 40.64858219055025 ], [ -73.957759537864931, 40.648562290825566 ] ] ] } },
{ "type": "Feature", "properties": { "dining_cluster_id": 79, "taxi_hotspot_id": 13, "n_restaurants": 42, "n_taxi_dropoffs": 78, "taxi_weight": 51.6, "avg_rating": 3.96, "bayesian_rating": 4.0069660081445644, "n_rated_restaurants": 0, "rating_coverage": null, "total_review_count": 0, "dining_area_sqm": 393459.60970349435, "taxi_area_sqm": 2370531.7484761444, "intersection_area_sqm": 393459.60970349424, "overlap_ratio_dining": 0.99999999999999967, "overlap_ratio_taxi": 0.16597947273071664, "min_overlap_ratio": 0.16597947273071664, "airport_overlap_ratio": 0.0, "is_airport": false, "airport_zone_id": null, "peak_hour_ratio": 0.64484451718494273, "peak_weight": 39.4, "lunch_peak_ratio": 0.14402618657937807, "lunch_weight": 8.8, "peak_time_score": 68.953290236831336, "lunch_peak_score": 22.525462403287367, "distance_to_midtown_km": 11.499512418741636, "accessibility_proxy": 56.271858719157663, "restaurant_density": 106.74539130369855, "taxi_density": 131.14433788740106, "restaurant_score": 4.7201409676347499, "taxi_score": 0.21143069995587307, "popularity_score": 2.4657858337953114, "rank": 55, "restaurant_score_v2": 3.1158435965696936, "taxi_score_v2": 0.15915403379939069, "popularity_score_v2": 0.97244058602579053, "entropy_weight_restaurant": 0.20005164229110195, "entropy_weight_taxi": 0.75057148244721517, "entropy_weight_peak_time": 0.03862928693469727, "entropy_weight_accessibility": 0.010747588326985616, "rank_v2": 59, "demand_score_v3": 19.35483870967742, "poi_score_v3": 34.375468700297191, "time_fit_score_v3": 68.953290236831336, "data_confidence_v3": 41.29032258064516, "area_quality_score_v3": 26.131651894666081, "product_weight_demand": 0.42875776396814919, "product_weight_poi": 0.22963833177845744, "product_weight_time": 0.19965786771492983, "product_weight_confidence": 0.14194603653846352, "rank_v3": 54 }, "geometry": { "type": "Polygon", "coordinates": [ [ [ -73.91227624319059, 40.84369199964582 ], [ -73.912277283540163, 40.843665228024058 ], [ -73.912281754876844, 40.843638660866993 ], [ -73.912289614619866, 40.843612551150905 ], [ -73.912300787923769, 40.843587147495981 ], [ -73.91231516839126, 40.84356269179893 ], [ -73.912332619086513, 40.843539416929609 ], [ -73.91235297383912, 40.843517544513659 ], [ -73.912376038826523, 40.843497282822256 ], [ -73.912401594419663, 40.843478824788889 ], [ -73.912429397274323, 40.843462346172302 ], [ -73.912459182648334, 40.843448003883033 ], [ -73.912490666922395, 40.843435934489165 ], [ -73.912523550300747, 40.84342625291616 ], [ -73.912557519665697, 40.843419051352491 ], [ -73.91259225155909, 40.843414398371706 ], [ -73.912627415262236, 40.843412338279734 ], [ -73.912662675944887, 40.843412890692861 ], [ -73.912697697853346, 40.843416050350953 ], [ -73.912732147507484, 40.843421787167642 ], [ -73.914484641041142, 40.843782485747631 ], [ -73.914534397509811, 40.843795753176373 ], [ -73.920680078668326, 40.845827845577148 ], [ -73.920711448154236, 40.845839619776164 ], [ -73.92074117131564, 40.845853642354925 ], [ -73.920768969560484, 40.845869781881767 ], [ -73.920794582338132, 40.845887887083116 ], [ -73.920817769581475, 40.845907788261229 ], [ -73.920838313956992, 40.845929298884769 ], [ -73.920856022901958, 40.845952217337022 ], [ -73.920870730429243, 40.845976328805783 ], [ -73.920882298683239, 40.846001407296434 ], [ -73.920890619232068, 40.846027217750397 ], [ -73.920895614084017, 40.846053518248091 ], [ -73.920897236418668, 40.84608006227662 ], [ -73.920895471025929, 40.84610660104012 ], [ -73.920890334448757, 40.846132885791775 ], [ -73.920881874828154, 40.846158670165394 ], [ -73.920870171452208, 40.846183712484454 ], [ -73.918402190539055, 40.850749819555801 ], [ -73.918387881611338, 40.850773120027746 ], [ -73.918370764335393, 40.850795301666103 ], [ -73.91835098889301, 40.850816169852436 ], [ -73.918328728788794, 40.850835541492081 ], [ -73.918304179327947, 40.850853246620822 ], [ -73.918277555902762, 40.85086912989604 ], [ -73.918249092102641, 40.850883051959691 ], [ -73.918219037664898, 40.85089489066111 ], [ -73.91818765628318, 40.850904542128774 ], [ -73.918155223294164, 40.850911921681735 ], [ -73.915775414357526, 40.851362323464194 ], [ -73.915741158302581, 40.851367486055345 ], [ -73.915706406003167, 40.851370114285146 ], [ -73.915671481879627, 40.851370183618471 ], [ -73.915636711956424, 40.851367693408029 ], [ -73.915602420818402, 40.851362666900556 ], [ -73.915568928580726, 40.851355151019554 ], [ -73.915536547900373, 40.85134521592741 ], [ -73.915505581057346, 40.851332954370335 ], [ -73.915476317132701, 40.851318480812488 ], [ -73.91544902930994, 40.851301930367384 ], [ -73.915423972324646, 40.851283457536752 ], [ -73.915401380086593, 40.851263234767927 ], [ -73.915381463496061, 40.851241450844057 ], [ -73.915188564154477, 40.851007050337444 ], [ -73.915164667984286, 40.850972863399257 ], [ -73.913669478202308, 40.848412459166056 ], [ -73.913661462540929, 40.848397569505622 ], [ -73.912717170902269, 40.846485266767061 ], [ -73.912704335830369, 40.846453566504785 ], [ -73.912696629358166, 40.846420922094602 ], [ -73.912278643738631, 40.843718720808788 ], [ -73.91227624319059, 40.84369199964582 ] ] ] } },
{ "type": "Feature", "properties": { "dining_cluster_id": 52, "taxi_hotspot_id": 17, "n_restaurants": 109, "n_taxi_dropoffs": 130, "taxi_weight": 82.4, "avg_rating": 4.1709677419354838, "bayesian_rating": 4.0069660081445644, "n_rated_restaurants": 0, "rating_coverage": null, "total_review_count": 0, "dining_area_sqm": 1142556.6721289735, "taxi_area_sqm": 1627114.6354829546, "intersection_area_sqm": 689440.1445678334, "overlap_ratio_dining": 0.60341877246506359, "overlap_ratio_taxi": 0.42371946606158833, "min_overlap_ratio": 0.42371946606158833, "airport_overlap_ratio": 0.0, "is_airport": false, "airport_zone_id": null, "peak_hour_ratio": 0.58883826879271073, "peak_weight": 51.7, "lunch_peak_ratio": 0.1070615034168565, "lunch_weight": 9.4, "peak_time_score": 60.339172855461818, "lunch_peak_score": 12.986933439519285, "distance_to_midtown_km": 7.6666592546601802, "accessibility_proxy": 68.158591878976367, "restaurant_density": 158.09929383837263, "taxi_density": 119.51726433286152, "restaurant_score": 6.9909430719822598, "taxi_score": 0.19268554984359448, "popularity_score": 3.5918143109129272, "rank": 49, "restaurant_score_v2": 6.2090024270362409, "taxi_score_v2": 0.13914413923037813, "popularity_score_v2": 1.2264287046601452, "entropy_weight_restaurant": 0.20005164229110195, "entropy_weight_taxi": 0.75057148244721517, "entropy_weight_peak_time": 0.03862928693469727, "entropy_weight_accessibility": 0.010747588326985616, "rank_v2": 53, "demand_score_v3": 17.741935483870968, "poi_score_v3": 42.439984829329447, "time_fit_score_v3": 60.339172855461818, "data_confidence_v3": 60.483870967741936, "area_quality_score_v3": 25.323076258504905, "product_weight_demand": 0.42875776396814919, "product_weight_poi": 0.22963833177845744, "product_weight_time": 0.19965786771492983, "product_weight_confidence": 0.14194603653846352, "rank_v3": 55 }, "geometry": { "type": "Polygon", "coordinates": [ [ [ -73.930264998973144, 40.807410457390198 ], [ -73.930847350931373, 40.808696004960822 ], [ -73.930860967128069, 40.80873104243021 ], [ -73.930870441918074, 40.80876685909206 ], [ -73.930918443763076, 40.809001858871525 ], [ -73.930922573131909, 40.809027263138219 ], [ -73.931027464087393, 40.809893061802974 ], [ -73.928623774616881, 40.812989927633794 ], [ -73.928604694613639, 40.813012006792718 ], [ -73.928582909667085, 40.813032590327971 ], [ -73.928558621514497, 40.813051487625529 ], [ -73.928532055074669, 40.813068523686674 ], [ -73.928503456365092, 40.81308354074865 ], [ -73.928473090223733, 40.81309639974539 ], [ -73.92844123785639, 40.813106981595801 ], [ -73.928408194232603, 40.813115188306199 ], [ -73.928374265353966, 40.813120943877962 ], [ -73.928339765420247, 40.813124195011369 ], [ -73.928305013919783, 40.813124911599139 ], [ -73.928270332670607, 40.81312308700528 ], [ -73.924160916073291, 40.812755185514796 ], [ -73.924130114794764, 40.812751396535454 ], [ -73.924099858746189, 40.81274560229744 ], [ -73.924070373643545, 40.81273784602692 ], [ -73.924041879451039, 40.812728185587133 ], [ -73.917450361188429, 40.810228476463038 ], [ -73.917419198219065, 40.810215154338948 ], [ -73.917389921343997, 40.810199556650282 ], [ -73.91721742949116, 40.810097622600793 ], [ -73.918635748668635, 40.807357326420188 ], [ -73.918656599484933, 40.807322010910688 ], [ -73.918681722887356, 40.80728833930317 ], [ -73.918710896813934, 40.807256609207428 ], [ -73.918743863402838, 40.807227101072677 ], [ -73.918780331271648, 40.807200075708749 ], [ -73.91881997809277, 40.807175771981036 ], [ -73.918862453442486, 40.80715440469929 ], [ -73.918907381898038, 40.807136162719196 ], [ -73.923104363750269, 40.805620171097608 ], [ -73.923147508738438, 40.805606289916653 ], [ -73.923192070627238, 40.805595292876141 ], [ -73.923237716209385, 40.805587262205243 ], [ -73.923284104174812, 40.805582257952388 ], [ -73.925095093133805, 40.805447258774578 ], [ -73.925144398680658, 40.805445300423855 ], [ -73.92519373413036, 40.805446760580828 ], [ -73.925242689835784, 40.805451627121364 ], [ -73.925290859302791, 40.805459859637132 ], [ -73.925337842565256, 40.805471389770993 ], [ -73.925383249505956, 40.805486121784696 ], [ -73.929441849294179, 40.80697240657323 ], [ -73.930264998973144, 40.807410457390198 ] ] ] } },
{ "type": "Feature", "properties": { "dining_cluster_id": 156, "taxi_hotspot_id": 14, "n_restaurants": 142, "n_taxi_dropoffs": 52, "taxi_weight": 30.3, "avg_rating": 4.0010869565217391, "bayesian_rating": 4.0069660081445644, "n_rated_restaurants": 0, "rating_coverage": null, "total_review_count": 0, "dining_area_sqm": 1921552.8638514741, "taxi_area_sqm": 1924635.4274449849, "intersection_area_sqm": 532521.10170440632, "overlap_ratio_dining": 0.27713060188052541, "overlap_ratio_taxi": 0.27668673979016645, "min_overlap_ratio": 0.27668673979016645, "airport_overlap_ratio": 0.0, "is_airport": false, "airport_zone_id": null, "peak_hour_ratio": 0.71739130434782605, "peak_weight": 29.7, "lunch_peak_ratio": 0.065217391304347838, "lunch_weight": 2.7, "peak_time_score": 80.11144773179015, "lunch_peak_score": 2.1892952291909737, "distance_to_midtown_km": 12.871291757480806, "accessibility_proxy": 52.541618984972224, "restaurant_density": 266.65609972170051, "taxi_density": 56.899153673010744, "restaurant_score": 11.791182412598317, "taxi_score": 0.091732728090102189, "popularity_score": 5.9414575703442098, "rank": 34, "restaurant_score_v2": 12.747618309218479, "taxi_score_v2": 0.03137998116111651, "popularity_score_v2": 2.2000166227170088, "entropy_weight_restaurant": 0.20005164229110195, "entropy_weight_taxi": 0.75057148244721517, "entropy_weight_peak_time": 0.03862928693469727, "entropy_weight_accessibility": 0.010747588326985616, "rank_v2": 42, "demand_score_v3": 6.4516129032258061, "poi_score_v3": 52.117404184168159, "time_fit_score_v3": 80.11144773179015, "data_confidence_v3": 32.822580645161288, "area_quality_score_v3": 25.04786530748218, "product_weight_demand": 0.42875776396814919, "product_weight_poi": 0.22963833177845744, "product_weight_time": 0.19965786771492983, "product_weight_confidence": 0.14194603653846352, "rank_v3": 56 }, "geometry": { "type": "Polygon", "coordinates": [ [ [ -74.001483133022376, 40.646947591359243 ], [ -74.001459886373638, 40.646966372153685 ], [ -74.001434426348055, 40.64698340663999 ], [ -74.001406978096725, 40.646998544175794 ], [ -74.001377784353863, 40.647011650893973 ], [ -74.001347103290286, 40.647022610886708 ], [ -74.00131520623016, 40.647031327230437 ], [ -74.001282375251563, 40.647037722842995 ], [ -74.001248900691905, 40.647041741165459 ], [ -74.001215078580216, 40.647043346662116 ], [ -74.001181208019204, 40.64704252513495 ], [ -73.998710906183078, 40.646893789269932 ], [ -73.996563761174144, 40.643228935514635 ], [ -73.99914607672828, 40.638489413063894 ], [ -74.008147287382755, 40.641028529871427 ], [ -74.001483133022376, 40.646947591359243 ] ] ] } },
{ "type": "Feature", "properties": { "dining_cluster_id": 93, "taxi_hotspot_id": 20, "n_restaurants": 130, "n_taxi_dropoffs": 127, "taxi_weight": 88.3, "avg_rating": 3.9646464646464645, "bayesian_rating": 4.0069660081445644, "n_rated_restaurants": 0, "rating_coverage": null, "total_review_count": 0, "dining_area_sqm": 1875170.7817130622, "taxi_area_sqm": 2082458.972639259, "intersection_area_sqm": 1296971.1080888254, "overlap_ratio_dining": 0.69165492590705657, "overlap_ratio_taxi": 0.62280751992202521, "min_overlap_ratio": 0.62280751992202521, "airport_overlap_ratio": 0.0, "is_airport": false, "airport_zone_id": null, "peak_hour_ratio": 0.73291925465838514, "peak_weight": 70.8, "lunch_peak_ratio": 0.13354037267080746, "lunch_weight": 12.9, "peak_time_score": 82.499745296920096, "lunch_peak_score": 19.819656993409208, "distance_to_midtown_km": 15.759179473134068, "accessibility_proxy": 45.477205041948039, "restaurant_density": 100.23353580448203, "taxi_density": 68.081701627198171, "restaurant_score": 4.432195272352029, "taxi_score": 0.10976121471278774, "popularity_score": 2.2709782435324084, "rank": 57, "restaurant_score_v2": 2.7236201754475338, "taxi_score_v2": 0.0506248586039749, "popularity_score_v2": 1.070524853075228, "entropy_weight_restaurant": 0.20005164229110195, "entropy_weight_taxi": 0.75057148244721517, "entropy_weight_peak_time": 0.03862928693469727, "entropy_weight_accessibility": 0.010747588326985616, "rank_v2": 58, "demand_score_v3": 9.67741935483871, "poi_score_v3": 32.762565474490742, "time_fit_score_v3": 82.499745296920096, "data_confidence_v3": 59.354838709677423, "area_quality_score_v3": 24.933833012901012, "product_weight_demand": 0.42875776396814919, "product_weight_poi": 0.22963833177845744, "product_weight_time": 0.19965786771492983, "product_weight_confidence": 0.14194603653846352, "rank_v3": 57 }, "geometry": { "type": "Polygon", "coordinates": [ [ [ -73.81915943991288, 40.709843836619399 ], [ -73.81914319619861, 40.709868446121071 ], [ -73.819123793493333, 40.709891693101056 ], [ -73.819101427121325, 40.709913343531589 ], [ -73.819076322242736, 40.709933179457131 ], [ -73.819048731587074, 40.709951001188628 ], [ -73.819018932908875, 40.709966629313882 ], [ -73.818987226191695, 40.709979906503705 ], [ -73.818953930627941, 40.70999069909584 ], [ -73.818919381405649, 40.709998898440489 ], [ -73.81888392633391, 40.710004421994299 ], [ -73.818847922341419, 40.710007214151261 ], [ -73.818811731883088, 40.710007246802483 ], [ -73.81877571929104, 40.710004519619282 ], [ -73.818740247106788, 40.709999060056425 ], [ -73.818705672431307, 40.709990923075715 ], [ -73.806631231961759, 40.706634810208577 ], [ -73.806600393323691, 40.706624980994008 ], [ -73.806570883213141, 40.706613020907746 ], [ -73.806542955208201, 40.706599032722139 ], [ -73.806516849291512, 40.706583136636944 ], [ -73.806492789788251, 40.706565469246144 ], [ -73.806470983438345, 40.706546182364413 ], [ -73.806451617620084, 40.706525441722469 ], [ -73.806434858739948, 40.706503425542849 ], [ -73.806420850802837, 40.70648032300862 ], [ -73.805502061999064, 40.704759482994334 ], [ -73.80551401506753, 40.702979896738348 ], [ -73.805517414353531, 40.702935872024945 ], [ -73.805526981633292, 40.702892376576074 ], [ -73.806727012452583, 40.698797382033824 ], [ -73.806741753104831, 40.6987569158604 ], [ -73.807431763898705, 40.697179918911189 ], [ -73.807450730641818, 40.697142696442661 ], [ -73.80747434497728, 40.697107047139554 ], [ -73.807502384853478, 40.697073306210378 ], [ -73.807534586606877, 40.697041790918881 ], [ -73.807570647441324, 40.697012797600777 ], [ -73.807610228275379, 40.696986598877523 ], [ -73.807652956930724, 40.696963441093011 ], [ -73.807698431631721, 40.696943541997214 ], [ -73.807746224783187, 40.69692708869885 ], [ -73.807795886990931, 40.696914235906164 ], [ -73.807846951287161, 40.69690510447213 ], [ -73.807898937521159, 40.696899780258384 ], [ -73.807951356873843, 40.696898313327715 ], [ -73.808003716453783, 40.696900717473454 ], [ -73.808055523931557, 40.696906970089742 ], [ -73.81099550693304, 40.697373967290631 ], [ -73.811044839411935, 40.697383668455132 ], [ -73.811092753816752, 40.697396859246986 ], [ -73.811138825056176, 40.697413422639251 ], [ -73.811182644390357, 40.697433211683524 ], [ -73.815904630611968, 40.699801199576513 ], [ -73.815933963596819, 40.699816996103728 ], [ -73.819643955848321, 40.701958985655182 ], [ -73.819681418374998, 40.701982710659067 ], [ -73.819715923311108, 40.702008905278149 ], [ -73.819747190613555, 40.702037356918794 ], [ -73.819774966514643, 40.702067834669386 ], [ -73.819799025581702, 40.702100091174103 ], [ -73.821861364592436, 40.705180410517151 ], [ -73.81915943991288, 40.709843836619399 ] ] ] } },
{ "type": "Feature", "properties": { "dining_cluster_id": 82, "taxi_hotspot_id": 12, "n_restaurants": 75, "n_taxi_dropoffs": 65, "taxi_weight": 42.1, "avg_rating": 4.101923076923077, "bayesian_rating": 4.0069660081445644, "n_rated_restaurants": 0, "rating_coverage": null, "total_review_count": 0, "dining_area_sqm": 1022297.08860583, "taxi_area_sqm": 1435851.1930223594, "intersection_area_sqm": 842428.91373255744, "overlap_ratio_dining": 0.82405488885958789, "overlap_ratio_taxi": 0.58671045984877279, "min_overlap_ratio": 0.58671045984877279, "airport_overlap_ratio": 0.0, "is_airport": false, "airport_zone_id": null, "peak_hour_ratio": 0.79587155963302758, "peak_weight": 34.7, "lunch_peak_ratio": 0.064220183486238522, "lunch_weight": 2.8, "peak_time_score": 92.182210379772457, "lunch_peak_score": 1.9319713502303182, "distance_to_midtown_km": 7.9210800613246191, "accessibility_proxy": 67.297035249354948, "restaurant_density": 89.028283309622907, "taxi_density": 49.974543031134992, "restaurant_score": 3.9367137278308331, "taxi_score": 0.080568881457312627, "popularity_score": 2.008641304644073, "rank": 59, "restaurant_score_v2": 2.0487031001838054, "taxi_score_v2": 0.019462904329578982, "popularity_score_v2": 1.1466222735565532, "entropy_weight_restaurant": 0.20005164229110195, "entropy_weight_taxi": 0.75057148244721517, "entropy_weight_peak_time": 0.03862928693469727, "entropy_weight_accessibility": 0.010747588326985616, "rank_v2": 54, "demand_score_v3": 4.838709677419355, "poi_score_v3": 30.343210635781062, "time_fit_score_v3": 92.182210379772457, "data_confidence_v3": 37.903225806451609, "area_quality_score_v3": 24.716926052330766, "product_weight_demand": 0.42875776396814919, "product_weight_poi": 0.22963833177845744, "product_weight_time": 0.19965786771492983, "product_weight_confidence": 0.14194603653846352, "rank_v3": 58 }, "geometry": { "type": "Polygon", "coordinates": [ [ [ -73.907076768062765, 40.728384979939442 ], [ -73.907043075771, 40.728398543725696 ], [ -73.907007690404328, 40.728409327592836 ], [ -73.906971006949846, 40.728417211166331 ], [ -73.906933434885147, 40.728422106446068 ], [ -73.906895393607172, 40.728423958788582 ], [ -73.891887931805215, 40.728549359300352 ], [ -73.891851762215154, 40.728548277748615 ], [ -73.891815917111003, 40.728544444565728 ], [ -73.891780757287592, 40.728537898334125 ], [ -73.891746636641884, 40.728528704944154 ], [ -73.891713898610803, 40.728516956930825 ], [ -73.891682872714213, 40.728502772542292 ], [ -73.891653871238148, 40.728486294549768 ], [ -73.891627186091455, 40.728467688810191 ], [ -73.891603085867672, 40.728447142597041 ], [ -73.891581813141471, 40.728424862715066 ], [ -73.891563582027132, 40.728401073418901 ], [ -73.891548576023482, 40.728376014155586 ], [ -73.891536946167051, 40.728349937154505 ], [ -73.891390648041721, 40.727958336717577 ], [ -73.891382780238587, 40.727932636751696 ], [ -73.891378192847981, 40.727906480787212 ], [ -73.891376928265814, 40.727880110575434 ], [ -73.891378998176251, 40.727853769847513 ], [ -73.891384383443892, 40.727827702061909 ], [ -73.891393034290743, 40.727802148154041 ], [ -73.891404870756432, 40.727777344309423 ], [ -73.891419783437442, 40.727753519780762 ], [ -73.891437634498345, 40.727730894769159 ], [ -73.891458258945846, 40.727709678388727 ], [ -73.891735559306539, 40.727451379055545 ], [ -73.891760501842228, 40.727430444493912 ], [ -73.891788141162309, 40.727411571550526 ], [ -73.893551839207376, 40.726326574993777 ], [ -73.893564946456081, 40.726318882964748 ], [ -73.894058245704585, 40.726042883872196 ], [ -73.902693889316694, 40.721215987820273 ], [ -73.903407851156572, 40.72093995774545 ], [ -73.903458127276139, 40.720922909042613 ], [ -73.903510419639744, 40.720909834371305 ], [ -73.90356418720539, 40.720900869008133 ], [ -73.903618873668705, 40.720896105712924 ], [ -73.903722873030063, 40.720891105743476 ], [ -73.903779561028543, 40.720890644169472 ], [ -73.903836001417218, 40.720894697326983 ], [ -73.903891574756429, 40.720903220732119 ], [ -73.906676559190686, 40.721447217506295 ], [ -73.906727256409482, 40.721459163926319 ], [ -73.906776171688435, 40.721474831280268 ], [ -73.906822834520867, 40.721494068867337 ], [ -73.90686679606479, 40.721516691645277 ], [ -73.906907633460165, 40.721542482010136 ], [ -73.906944953896144, 40.721571191889417 ], [ -73.906978398389498, 40.721602545127958 ], [ -73.909108405079863, 40.723812537127387 ], [ -73.909135661289682, 40.7238436921145 ], [ -73.909159086337809, 40.723876601387616 ], [ -73.90917848666075, 40.723910993022315 ], [ -73.909193701949903, 40.723946582845073 ], [ -73.909204606476436, 40.7239830767816 ], [ -73.909211110130315, 40.724020173286505 ], [ -73.909581275886978, 40.727243941693516 ], [ -73.907076768062765, 40.728384979939442 ] ] ] } },
{ "type": "Feature", "properties": { "dining_cluster_id": 84, "taxi_hotspot_id": 10, "n_restaurants": 111, "n_taxi_dropoffs": 142, "taxi_weight": 90.2, "avg_rating": 4.1170731707317074, "bayesian_rating": 4.0069660081445644, "n_rated_restaurants": 0, "rating_coverage": null, "total_review_count": 0, "dining_area_sqm": 1658760.9144543435, "taxi_area_sqm": 13311752.627971675, "intersection_area_sqm": 1334474.9492563477, "overlap_ratio_dining": 0.80450108127567554, "overlap_ratio_taxi": 0.10024787768758914, "min_overlap_ratio": 0.10024787768758914, "airport_overlap_ratio": 0.0, "is_airport": false, "airport_zone_id": null, "peak_hour_ratio": 0.68023255813953487, "peak_weight": 81.9, "lunch_peak_ratio": 0.10548172757475083, "lunch_weight": 12.7, "peak_time_score": 74.396196116630449, "lunch_peak_score": 12.579281152607109, "distance_to_midtown_km": 13.64035561312105, "accessibility_proxy": 50.559578103508429, "restaurant_density": 83.178781334079062, "taxi_density": 67.592126813819206, "restaurant_score": 3.6780564352038283, "taxi_score": 0.10897192295119942, "popularity_score": 1.8935141790775138, "rank": 60, "restaurant_score_v2": 1.6963746928681545, "taxi_score_v2": 0.049782312940750653, "popularity_score_v2": 0.92680714671061459, "entropy_weight_restaurant": 0.20005164229110195, "entropy_weight_taxi": 0.75057148244721517, "entropy_weight_peak_time": 0.03862928693469727, "entropy_weight_accessibility": 0.010747588326985616, "rank_v2": 60, "demand_score_v3": 8.064516129032258, "poi_score_v3": 29.536759022877838, "time_fit_score_v3": 74.396196116630449, "data_confidence_v3": 62.741935483870968, "area_quality_score_v3": 22.731522760204811, "product_weight_demand": 0.42875776396814919, "product_weight_poi": 0.22963833177845744, "product_weight_time": 0.19965786771492983, "product_weight_confidence": 0.14194603653846352, "rank_v3": 59 }, "geometry": { "type": "Polygon", "coordinates": [ [ [ -73.867381019546514, 40.831008954707372 ], [ -73.867418644506373, 40.831016730420856 ], [ -73.867454947378363, 40.831027540174937 ], [ -73.867489505458764, 40.831041258103191 ], [ -73.870317098959347, 40.832315653632676 ], [ -73.870347670558445, 40.832331077654921 ], [ -73.870376024706488, 40.832348777444331 ], [ -73.870401868924446, 40.83236857042494 ], [ -73.870424936623039, 40.832390252429207 ], [ -73.870444989852359, 40.832413599803772 ], [ -73.870461821756678, 40.832438371716385 ], [ -73.870475258708126, 40.832464312640262 ], [ -73.870485162097921, 40.832491154989746 ], [ -73.870491429766204, 40.832518621880382 ], [ -73.870493997056116, 40.832546429985264 ], [ -73.870552509617028, 40.834860329804002 ], [ -73.87055151597788, 40.834886610405583 ], [ -73.870547216214277, 40.834912698228713 ], [ -73.870539649775409, 40.834938353901116 ], [ -73.8705288860845, 40.834963342015627 ], [ -73.870515023901831, 40.834987433289953 ], [ -73.870498190418886, 40.835010406670683 ], [ -73.87047854009117, 40.835032051361722 ], [ -73.870456253221164, 40.835052168758246 ], [ -73.870431534303975, 40.835070574269295 ], [ -73.870404610150999, 40.835087099011453 ], [ -73.870375727808764, 40.835101591358693 ], [ -73.870345152292103, 40.835113918333292 ], [ -73.860918524906381, 40.838484730772812 ], [ -73.860884534553449, 40.838495315808913 ], [ -73.86084930487435, 40.838503225397766 ], [ -73.860813199909472, 40.838508377806761 ], [ -73.860776592744244, 40.838510719794243 ], [ -73.860739861653656, 40.838510227159574 ], [ -73.846077401589042, 40.837745224046543 ], [ -73.846042239836635, 40.837742066851362 ], [ -73.846007653630949, 40.837736311595506 ], [ -73.84597397495844, 40.837728013522621 ], [ -73.845941527094041, 40.837717252284371 ], [ -73.84591062149795, 40.837704131175812 ], [ -73.845881554825965, 40.837688776143906 ], [ -73.845854606081843, 40.837671334578438 ], [ -73.845830033939208, 40.837651973897408 ], [ -73.845808074258571, 40.837630879939745 ], [ -73.845788937823372, 40.837608255181607 ], [ -73.845772808316823, 40.837584316792721 ], [ -73.84575984055877, 40.837559294551838 ], [ -73.845750159019801, 40.83753342864096 ], [ -73.845743856626555, 40.837506967340182 ], [ -73.84574099386991, 40.837480164644127 ], [ -73.84574159822445, 40.837453277824139 ], [ -73.845745663885012, 40.837426564958697 ], [ -73.845753151822436, 40.837400282456315 ], [ -73.84599295512794, 40.836721383173817 ], [ -73.846004473684658, 40.836694421766488 ], [ -73.846572396514077, 40.835567021423678 ], [ -73.858985926177809, 40.829638342506797 ], [ -73.867381019546514, 40.831008954707372 ] ] ] } },
{ "type": "Feature", "properties": { "dining_cluster_id": 75, "taxi_hotspot_id": 16, "n_restaurants": 62, "n_taxi_dropoffs": 74, "taxi_weight": 45.7, "avg_rating": 4.0859649122807022, "bayesian_rating": 4.0069660081445644, "n_rated_restaurants": 0, "rating_coverage": null, "total_review_count": 0, "dining_area_sqm": 469568.97330628627, "taxi_area_sqm": 829339.75283820136, "intersection_area_sqm": 408402.90656466619, "overlap_ratio_dining": 0.86973997385103374, "overlap_ratio_taxi": 0.49244342281557418, "min_overlap_ratio": 0.49244342281557418, "airport_overlap_ratio": 0.0, "is_airport": false, "airport_zone_id": null, "peak_hour_ratio": 0.53177966101694918, "peak_weight": 25.1, "lunch_peak_ratio": 0.2288135593220339, "lunch_weight": 10.8, "peak_time_score": 51.563195904538162, "lunch_peak_score": 44.404367928104897, "distance_to_midtown_km": 9.4428366243272528, "accessibility_proxy": 62.366505147174998, "restaurant_density": 151.81086863832829, "taxi_density": 111.8993015608323, "restaurant_score": 6.7128771709993513, "taxi_score": 0.18040388197234544, "popularity_score": 3.4466405264858482, "rank": 50, "restaurant_score_v2": 5.8302367056947686, "taxi_score_v2": 0.12603382121407475, "popularity_score_v2": 1.1162679942757781, "entropy_weight_restaurant": 0.20005164229110195, "entropy_weight_taxi": 0.75057148244721517, "entropy_weight_peak_time": 0.03862928693469727, "entropy_weight_accessibility": 0.010747588326985616, "rank_v2": 55, "demand_score_v3": 16.129032258064516, "poi_score_v3": 40.827081603522998, "time_fit_score_v3": 51.563195904538162, "data_confidence_v3": 39.032258064516128, "area_quality_score_v3": 21.625047162162375, "product_weight_demand": 0.42875776396814919, "product_weight_poi": 0.22963833177845744, "product_weight_time": 0.19965786771492983, "product_weight_confidence": 0.14194603653846352, "rank_v3": 60 }, "geometry": { "type": "Polygon", "coordinates": [ [ [ -73.920617241684781, 40.824543419841362 ], [ -73.920650044109479, 40.824538926220143 ], [ -73.920683252078021, 40.824536747921421 ], [ -73.920716582996008, 40.824536903482162 ], [ -73.920749753222793, 40.824539391578618 ], [ -73.92078248048513, 40.82454419103744 ], [ -73.920814486279198, 40.82455126101604 ], [ -73.921118585230658, 40.8246301607115 ], [ -73.921153677171333, 40.824640853390889 ], [ -73.921733675466399, 40.824844952635424 ], [ -73.921739614216577, 40.824847092489598 ], [ -73.926499200718126, 40.826602386048464 ], [ -73.926530104544867, 40.826615232252642 ], [ -73.92655921465213, 40.826630303390537 ], [ -73.926586254334126, 40.82664745620432 ], [ -73.92661096656488, 40.826666527648719 ], [ -73.926633116441252, 40.826687336440983 ], [ -73.926652493415872, 40.826709684783857 ], [ -73.926668913298499, 40.826733360245683 ], [ -73.926705181286749, 40.826792475315571 ], [ -73.926363688237103, 40.827988281010036 ], [ -73.926351774715641, 40.828022730235027 ], [ -73.9263359858938, 40.828056268378262 ], [ -73.926179987725192, 40.828347269049765 ], [ -73.92616216460128, 40.828377066826093 ], [ -73.926141281716497, 40.828405695053796 ], [ -73.925065901248416, 40.829750828888052 ], [ -73.918477756706849, 40.830171507480969 ], [ -73.91843476189193, 40.830172300757752 ], [ -73.917471957927674, 40.830146500652582 ], [ -73.917438777348181, 40.830144445840553 ], [ -73.917405986548985, 40.830140080290924 ], [ -73.917373863850315, 40.830133441057484 ], [ -73.917342681901502, 40.830124584492317 ], [ -73.917227313937573, 40.830087129845218 ], [ -73.916197354363106, 40.829100854577391 ], [ -73.916164958537465, 40.829066317803274 ], [ -73.916137411659562, 40.829029432999157 ], [ -73.916115005977488, 40.828990591491269 ], [ -73.91609797919287, 40.828950205364698 ], [ -73.916086511939454, 40.828908703091152 ], [ -73.916080725866962, 40.82886652498329 ], [ -73.916080682351023, 40.828824118522988 ], [ -73.916086381842334, 40.828781933614017 ], [ -73.916097763862481, 40.828740417808781 ], [ -73.916114707645903, 40.82870001156013 ], [ -73.916540713274259, 40.827840013413244 ], [ -73.916540995458192, 40.827839445019571 ], [ -73.917755011394078, 40.825399450297681 ], [ -73.917779750633713, 40.82535710036354 ], [ -73.917867582758774, 40.825227024751094 ], [ -73.92058512394739, 40.824550190545153 ], [ -73.920617241684781, 40.824543419841362 ] ] ] } },
{ "type": "Feature", "properties": { "dining_cluster_id": 80, "taxi_hotspot_id": 13, "n_restaurants": 65, "n_taxi_dropoffs": 78, "taxi_weight": 51.6, "avg_rating": 4.0083333333333337, "bayesian_rating": 4.0069660081445644, "n_rated_restaurants": 0, "rating_coverage": null, "total_review_count": 0, "dining_area_sqm": 1401425.8929450053, "taxi_area_sqm": 2370531.7484761444, "intersection_area_sqm": 1091951.5053822892, "overlap_ratio_dining": 0.77917177845745678, "overlap_ratio_taxi": 0.46063568061648252, "min_overlap_ratio": 0.46063568061648252, "airport_overlap_ratio": 0.0, "is_airport": false, "airport_zone_id": null, "peak_hour_ratio": 0.64484451718494273, "peak_weight": 39.4, "lunch_peak_ratio": 0.14402618657937807, "lunch_weight": 8.8, "peak_time_score": 68.953290236831336, "lunch_peak_score": 22.525462403287367, "distance_to_midtown_km": 12.235311071751337, "accessibility_proxy": 54.239240036121195, "restaurant_density": 59.526453033501404, "taxi_density": 47.25484579274881, "restaurant_score": 2.6321815507896362, "taxi_score": 0.07618418975012084, "popularity_score": 1.3541828702698786, "rank": 62, "restaurant_score_v2": 0.27174278500822235, "taxi_score_v2": 0.01478237532591564, "popularity_score_v2": 0.82451155034099832, "entropy_weight_restaurant": 0.20005164229110195, "entropy_weight_taxi": 0.75057148244721517, "entropy_weight_peak_time": 0.03862928693469727, "entropy_weight_accessibility": 0.010747588326985616, "rank_v2": 62, "demand_score_v3": 3.225806451612903, "poi_score_v3": 27.923855797071386, "time_fit_score_v3": 68.953290236831336, "data_confidence_v3": 41.29032258064516, "area_quality_score_v3": 19.353958912101689, "product_weight_demand": 0.42875776396814919, "product_weight_poi": 0.22963833177845744, "product_weight_time": 0.19965786771492983, "product_weight_confidence": 0.14194603653846352, "rank_v3": 61 }, "geometry": { "type": "Polygon", "coordinates": [ [ [ -73.910289387026324, 40.844537438017213 ], [ -73.910322400127342, 40.844546952865329 ], [ -73.910354033059392, 40.844558868681567 ], [ -73.910383983893837, 40.844573071732611 ], [ -73.910411966756683, 40.844589426454078 ], [ -73.910437714557133, 40.84460777674434 ], [ -73.910460981536929, 40.844627947454434 ], [ -73.91048154561598, 40.844649746059773 ], [ -73.910499210512199, 40.844672964497661 ], [ -73.910513807614947, 40.844697381153345 ], [ -73.915091306021097, 40.853467884564715 ], [ -73.911865568209492, 40.854978599904435 ], [ -73.901327335631905, 40.856372898349179 ], [ -73.901291457625902, 40.856376250609259 ], [ -73.90125531805009, 40.856376865453008 ], [ -73.901219278291293, 40.856374736732114 ], [ -73.901183698738265, 40.856369885733287 ], [ -73.901148935177588, 40.856362360965271 ], [ -73.901115335235843, 40.85635223767391 ], [ -73.901083234903311, 40.856339617089461 ], [ -73.901052955174052, 40.856324625414537 ], [ -73.901024798836005, 40.856307412561868 ], [ -73.900999047443122, 40.856288150655274 ], [ -73.90097595849987, 40.856267032308402 ], [ -73.900955762886383, 40.856244268698568 ], [ -73.900938662549706, 40.856220087455043 ], [ -73.90092482848442, 40.856194730382754 ], [ -73.900914399022909, 40.856168451044205 ], [ -73.900907478452254, 40.85614151222407 ], [ -73.900904135971473, 40.85611418330123 ], [ -73.900632674975299, 40.85127576756873 ], [ -73.907233284605837, 40.843784063338468 ], [ -73.910289387026324, 40.844537438017213 ] ] ] } },
{ "type": "Feature", "properties": { "dining_cluster_id": 87, "taxi_hotspot_id": 0, "n_restaurants": 194, "n_taxi_dropoffs": 78, "taxi_weight": 48.999999999999993, "avg_rating": 4.0155688622754493, "bayesian_rating": 4.0069660081445644, "n_rated_restaurants": 0, "rating_coverage": null, "total_review_count": 0, "dining_area_sqm": 3592602.103671574, "taxi_area_sqm": 6444065.3245527754, "intersection_area_sqm": 1942102.5613911666, "overlap_ratio_dining": 0.54058381789800025, "overlap_ratio_taxi": 0.30137847206351071, "min_overlap_ratio": 0.30137847206351071, "airport_overlap_ratio": 0.0, "is_airport": false, "airport_zone_id": null, "peak_hour_ratio": 0.6027131782945736, "peak_weight": 31.1, "lunch_peak_ratio": 0.2170542635658915, "lunch_weight": 11.2, "peak_time_score": 62.473222225594306, "lunch_peak_score": 41.369947677014942, "distance_to_midtown_km": 13.125628644413407, "accessibility_proxy": 51.877685908890136, "restaurant_density": 99.89173788073991, "taxi_density": 25.230387402867294, "restaurant_score": 4.4170814171981556, "taxi_score": 0.040676391788459776, "popularity_score": 2.2288789044933077, "rank": 58, "restaurant_score_v2": 2.7030329325336355, "taxi_score_v2": 0.0, "popularity_score_v2": 0.85885270634932265, "entropy_weight_restaurant": 0.20005164229110195, "entropy_weight_taxi": 0.75057148244721517, "entropy_weight_peak_time": 0.03862928693469727, "entropy_weight_accessibility": 0.010747588326985616, "rank_v2": 61, "demand_score_v3": 1.6129032258064515, "poi_score_v3": 31.956113861587514, "time_fit_score_v3": 62.473222225594306, "data_confidence_v3": 41.29032258064516, "area_quality_score_v3": 17.7898498361543, "product_weight_demand": 0.42875776396814919, "product_weight_poi": 0.22963833177845744, "product_weight_time": 0.19965786771492983, "product_weight_confidence": 0.14194603653846352, "rank_v3": 62 }, "geometry": { "type": "Polygon", "coordinates": [ [ [ -73.867431682276987, 40.685122674037245 ], [ -73.867394502051397, 40.685121075256973 ], [ -73.867357736754172, 40.685116565712526 ], [ -73.867321778564289, 40.685109193507628 ], [ -73.855236236280177, 40.682113181878378 ], [ -73.855202886939239, 40.682103497898268 ], [ -73.855170958789287, 40.682091351109037 ], [ -73.855140764739119, 40.682076860554382 ], [ -73.855112600702043, 40.682060168247965 ], [ -73.855086742695818, 40.682041437781308 ], [ -73.855063444137514, 40.682020852720726 ], [ -73.855042933359883, 40.681998614808059 ], [ -73.855025411373759, 40.681974941983597 ], [ -73.855011049898025, 40.681950066250053 ], [ -73.854999989676912, 40.681924231398881 ], [ -73.854992339100676, 40.68189769062095 ], [ -73.854988173143553, 40.681870704025172 ], [ -73.854987532629082, 40.681843536089318 ], [ -73.854990423830216, 40.681816453067974 ], [ -73.854996818408011, 40.681789720383286 ], [ -73.855006653689486, 40.681763600023658 ], [ -73.8550198332821, 40.6817383479762 ], [ -73.855036228018378, 40.681714211718067 ], [ -73.855055677222182, 40.681691427791073 ], [ -73.855077990283206, 40.681670219483557 ], [ -73.855102948525314, 40.681650794642309 ], [ -73.866800643490819, 40.673404019344339 ], [ -73.866824059530373, 40.673388867206263 ], [ -73.866849085371058, 40.673375288493268 ], [ -73.866875539164283, 40.673363381873678 ], [ -73.870276923209005, 40.67197779002835 ], [ -73.875416823647498, 40.674610380819196 ], [ -73.875454586956195, 40.674631589302074 ], [ -73.875489793128637, 40.674655210548224 ], [ -73.875522177054478, 40.674681066686347 ], [ -73.881262184262155, 40.679681046537361 ], [ -73.881294591958138, 40.679712185740904 ], [ -73.881322906512125, 40.679745557933956 ], [ -73.881346864274249, 40.679780852380091 ], [ -73.881366242160667, 40.679817740443795 ], [ -73.881380859730996, 40.679855878650464 ], [ -73.881390580868654, 40.679894911884467 ], [ -73.881395315048564, 40.679934476695713 ], [ -73.881395018180413, 40.679974204683738 ], [ -73.881389693019472, 40.680013725928099 ], [ -73.881379389141301, 40.680052672432744 ], [ -73.881364202480441, 40.680090681552564 ], [ -73.881344274437481, 40.680127399370228 ], [ -73.881319790562657, 40.680162483991587 ], [ -73.881290978828432, 40.680195608729335 ], [ -73.881258107506852, 40.680226465144983 ], [ -73.87559511333491, 40.685046484821306 ], [ -73.87555311748855, 40.685078497183717 ], [ -73.875506761131362, 40.685106808618691 ], [ -73.875456604013763, 40.68513107726416 ], [ -73.875409180113934, 40.685151328648523 ], [ -73.867431682276987, 40.685122674037245 ] ] ] } }
]
}
