{
"type": "FeatureCollection",
"name": "taxi_hotspots_2014",
"crs": { "type": "name", "properties": { "name": "urn:ogc:def:crs:OGC:1.3:CRS84" } },
"features": [
{ "type": "Feature", "properties": { "hotspot_id": 0, "n_dropoffs": 78, "total_weight": 48.999999999999993, "area_sqm": 69402610.042703047, "area_sqkm": 69.402610042703046 }, "geometry": { "type": "Polygon", "coordinates": [ [ [ -73.848577071138394, 40.666174991835575 ], [ -73.848625782818146, 40.666166274362617 ], [ -73.848675344250537, 40.66616102323362 ], [ -73.848725330963035, 40.666159283422274 ], [ -73.848775314840978, 40.666161069829279 ], [ -73.848824867793979, 40.666166367154865 ], [ -73.848873565422124, 40.6661751300297 ], [ -73.866302470417736, 40.669966107707218 ], [ -73.866355996122849, 40.66998009011273 ], [ -73.866407309569809, 40.669998255238617 ], [ -73.866455848772375, 40.670020404140594 ], [ -73.875416823647498, 40.674610380819203 ], [ -73.875454586956195, 40.674631589302066 ], [ -73.875489793128637, 40.674655210548224 ], [ -73.875522177054478, 40.674681066686347 ], [ -73.881262184262155, 40.679681046537361 ], [ -73.881294591958138, 40.679712185740911 ], [ -73.881322906512125, 40.679745557933956 ], [ -73.881346864274249, 40.679780852380091 ], [ -73.881366242160667, 40.679817740443795 ], [ -73.881380859730996, 40.679855878650471 ], [ -73.881390580868654, 40.679894911884467 ], [ -73.881395315048564, 40.679934476695713 ], [ -73.881395018180413, 40.679974204683745 ], [ -73.881389693019472, 40.680013725928106 ], [ -73.881379389141301, 40.680052672432751 ], [ -73.881364202480441, 40.680090681552571 ], [ -73.881344274437481, 40.680127399370235 ], [ -73.881319790562657, 40.680162483991587 ], [ -73.881290978828432, 40.680195608729328 ], [ -73.881258107506852, 40.680226465144983 ], [ -73.87559511333491, 40.685046484821306 ], [ -73.87555311748855, 40.685078497183717 ], [ -73.875506761131362, 40.685106808618698 ], [ -73.875456604013763, 40.685131077264153 ], [ -73.855139529008142, 40.693804123583703 ], [ -73.855090620582885, 40.69382259055476 ], [ -73.855039515553628, 40.693837210921309 ], [ -73.854986734544511, 40.693847835740435 ], [ -73.85493281525433, 40.693854356773201 ], [ -73.854878306978648, 40.693856707587464 ], [ -73.854823765013535, 40.693854864234581 ], [ -73.854769744998322, 40.693848845493484 ], [ -73.854716797254696, 40.693838712679323 ], [ -73.85466546118019, 40.693824569018787 ], [ -73.85461625975276, 40.693806558598432 ], [ -73.854569694202851, 40.69378486489672 ], [ -73.854526238907013, 40.693759708914925 ], [ -73.854486336555155, 40.693731346925389 ], [ -73.854450393640576, 40.69370006786081 ], [ -73.854418776319065, 40.693666190370635 ], [ -73.841293840113821, 40.677978138768268 ], [ -73.841266878295613, 40.677941996300106 ], [ -73.841244840426711, 40.677903968380591 ], [ -73.841227951107044, 40.67786444258774 ], [ -73.841216382461909, 40.677823821765266 ], [ -73.841210252387953, 40.677782519916406 ], [ -73.841209623352043, 40.67774095798466 ], [ -73.841710702497608, 40.667956960318968 ], [ -73.841715247586635, 40.667917387239712 ], [ -73.841724780084249, 40.667878331881134 ], [ -73.841739211242228, 40.66784015781581 ], [ -73.841758406710625, 40.667803220411535 ], [ -73.841782187788624, 40.667767863523338 ], [ -73.841810333088432, 40.667734416292454 ], [ -73.841842580596364, 40.667703190082406 ], [ -73.841878630112106, 40.667674475580675 ], [ -73.841918146043483, 40.667648540092628 ], [ -73.841960760530526, 40.667625625053283 ], [ -73.842006076869822, 40.667605943779911 ], [ -73.842053673207559, 40.667589679486333 ], [ -73.842103106466325, 40.667576983577412 ], [ -73.848577071138394, 40.666174991835575 ] ] ] } },
{ "type": "Feature", "properties": { "hotspot_id": 1, "n_dropoffs": 119, "total_weight": 82.7, "area_sqm": 11405554.048352037, "area_sqkm": 11.405554048352037 }, "geometry": { "type": "Polygon", "coordinates": [ [ [ -73.804959897545103, 40.661011699683577 ], [ -73.805009030685966, 40.661001073894759 ], [ -73.80505926128653, 40.660994026279944 ], [ -73.805110141055422, 40.660990619736701 ], [ -73.80516121590793, 40.660990884667292 ], [ -73.805212030018438, 40.660994818707302 ], [ -73.805262129888163, 40.661002386746752 ], [ -73.805311068392399, 40.661013521243447 ], [ -73.80535840877063, 40.661028122825691 ], [ -73.805403728524396, 40.661046061179128 ], [ -73.805446623187692, 40.661067176209777 ], [ -73.805486709936659, 40.661091279472544 ], [ -73.80552363100611, 40.66111815585321 ], [ -73.80555705688235, 40.661147565487958 ], [ -73.810605068787424, 40.666037546980959 ], [ -73.810635154960366, 40.666069758643239 ], [ -73.81066104586229, 40.666104018778498 ], [ -73.810682502843804, 40.666140011602657 ], [ -73.810699328123036, 40.666177405360543 ], [ -73.810711366608913, 40.666215855383676 ], [ -73.810718507330876, 40.66625500726704 ], [ -73.810720684462041, 40.666294500135756 ], [ -73.810717877926294, 40.666333969971397 ], [ -73.810710113583639, 40.666373052967103 ], [ -73.81069746299211, 40.666411388881166 ], [ -73.810680042748615, 40.66644862435718 ], [ -73.810658013414439, 40.666484416181483 ], [ -73.81063157803554, 40.666518434446502 ], [ -73.810600980271218, 40.666550365591775 ], [ -73.810566502148461, 40.666579915294278 ], [ -73.810528461462411, 40.666606811181396 ], [ -73.810487208847206, 40.666630805341555 ], [ -73.810443124544108, 40.666651676609483 ], [ -73.801516091338527, 40.67043769686444 ], [ -73.801469545808985, 40.670455259523777 ], [ -73.801421001681405, 40.670469340327564 ], [ -73.801370906990272, 40.670479809317769 ], [ -73.801319724081623, 40.670486569871279 ], [ -73.801267925345755, 40.670489559591907 ], [ -73.794599884231758, 40.670629560448887 ], [ -73.794545545051065, 40.670628618986079 ], [ -73.794491604528105, 40.670623528628653 ], [ -73.794438607684484, 40.670614340810246 ], [ -73.794387090006182, 40.670601148365627 ], [ -73.794337572032802, 40.670584084592804 ], [ -73.794290554097586, 40.670563321905952 ], [ -73.794246511271922, 40.670539070093334 ], [ -73.794205888565031, 40.670511574197391 ], [ -73.794169096427467, 40.670481112038829 ], [ -73.794136506603891, 40.670447991409212 ], [ -73.794108448377045, 40.670412546961074 ], [ -73.794085205240847, 40.670375136826316 ], [ -73.794067012036095, 40.670336138997612 ], [ -73.79322202722075, 40.668188135223282 ], [ -73.793209973034621, 40.668151434076037 ], [ -73.793202394013235, 40.668114045370061 ], [ -73.793199354140782, 40.668076284788306 ], [ -73.793200879075968, 40.668038471153068 ], [ -73.793206955935659, 40.668000923733963 ], [ -73.793400962671427, 40.667132924625776 ], [ -73.793415159661635, 40.66708611295509 ], [ -73.794670182822799, 40.663828118570798 ], [ -73.794687191415477, 40.663790720890248 ], [ -73.794708836857993, 40.663754739567395 ], [ -73.794734919133333, 40.663720507079347 ], [ -73.794765197228017, 40.663688339743004 ], [ -73.794799391359305, 40.663658534792305 ], [ -73.794837185560667, 40.663631367631822 ], [ -73.794878230601313, 40.663607089291972 ], [ -73.794922147213356, 40.663585924109626 ], [ -73.794968529596161, 40.66356806765527 ], [ -73.795016949166012, 40.663553684925844 ], [ -73.804959897545103, 40.661011699683577 ] ] ] } },
{ "type": "Feature", "properties": { "hotspot_id": 2, "n_dropoffs": 90, "total_weight": 62.7, "area_sqm": 5577175.1330152387, "area_sqkm": 5.5771751330152384 }, "geometry": { "type": "Polygon", "coordinates": [ [ [ -73.789396621459133, 40.664485773545749 ], [ -73.789450278042835, 40.664485807574508 ], [ -73.78950366598616, 40.664489891169715 ], [ -73.789556259512352, 40.664497984115194 ], [ -73.789607540667816, 40.664510006709705 ], [ -73.790909534109915, 40.664870004637486 ], [ -73.790957346100626, 40.664885236510152 ], [ -73.791003023244571, 40.664903884267176 ], [ -73.791046145848043, 40.664925776568751 ], [ -73.791086317687899, 40.664950712263384 ], [ -73.791123169652096, 40.664978462235872 ], [ -73.791156363131208, 40.665008771512447 ], [ -73.791185593129626, 40.665041361603507 ], [ -73.791210591068051, 40.665075933062269 ], [ -73.791231127251464, 40.665112168236078 ], [ -73.79124701297971, 40.665149734185135 ], [ -73.791258102281716, 40.665188285741486 ], [ -73.791264293256859, 40.66522746868042 ], [ -73.791265529011639, 40.665266922975391 ], [ -73.791261798182717, 40.665306286105796 ], [ -73.791253135041615, 40.66534519638806 ], [ -73.791239619180232, 40.665383296298977 ], [ -73.791221374779724, 40.66542023576072 ], [ -73.791198569469842, 40.665455675357613 ], [ -73.791171412788856, 40.665489289454847 ], [ -73.786776430257831, 40.670386306374908 ], [ -73.786749534603118, 40.670413748101495 ], [ -73.786719737190523, 40.670439393270527 ], [ -73.786687244114063, 40.670463064504283 ], [ -73.785817243205273, 40.671046067184321 ], [ -73.78577542072145, 40.671071412989619 ], [ -73.785730515932457, 40.671093490933337 ], [ -73.78568296764729, 40.67111208526876 ], [ -73.785633240508488, 40.671127014290995 ], [ -73.785581820451611, 40.671138132112681 ], [ -73.78552920995638, 40.671145330089722 ], [ -73.785475923136147, 40.671148537882928 ], [ -73.785422480713805, 40.671147724145499 ], [ -73.785369404932837, 40.671142896829352 ], [ -73.78531721445367, 40.671134103107391 ], [ -73.782837200795058, 40.670617100053768 ], [ -73.782789217096962, 40.670605238520686 ], [ -73.782742894115231, 40.67059002362484 ], [ -73.782698635078162, 40.670571587808027 ], [ -73.782656825247074, 40.670550091549018 ], [ -73.782617828562564, 40.670525721966932 ], [ -73.782581984476522, 40.67049869119203 ], [ -73.782549604997243, 40.67046923451931 ], [ -73.780853609616756, 40.668771228224763 ], [ -73.780832445197319, 40.668748478702149 ], [ -73.779755449968974, 40.667503474508237 ], [ -73.779754064580544, 40.667501864788051 ], [ -73.778932068328317, 40.666541861577201 ], [ -73.778909715468117, 40.666513296850752 ], [ -73.778890462723112, 40.666483451762261 ], [ -73.778295468837769, 40.665458449224559 ], [ -73.778276638091157, 40.665421229768228 ], [ -73.778262625389829, 40.665382797469569 ], [ -73.778253562238405, 40.665343513026144 ], [ -73.778249533688069, 40.665303745132462 ], [ -73.778250577538728, 40.665263867019718 ], [ -73.778256683984552, 40.665224252952846 ], [ -73.778267795706327, 40.665185274718034 ], [ -73.778283808409824, 40.665147298133384 ], [ -73.778304571804824, 40.665110679615722 ], [ -73.778329891015943, 40.665075762835613 ], [ -73.778359528411869, 40.66504287549202 ], [ -73.77839320583567, 40.665012326236869 ], [ -73.778430607215583, 40.664984401778483 ], [ -73.778471381531361, 40.664959364190771 ], [ -73.778515146108788, 40.664937448453763 ], [ -73.778561490211018, 40.664918860248513 ], [ -73.778609978893314, 40.664903774026648 ], [ -73.778660157084914, 40.664892331373373 ], [ -73.778711553859722, 40.664884639678725 ], [ -73.778763686855839, 40.66488077112966 ], [ -73.789396621459133, 40.664485773545749 ] ] ] } },
{ "type": "Feature", "properties": { "hotspot_id": 3, "n_dropoffs": 54, "total_weight": 30.1, "area_sqm": 2193371.5676231976, "area_sqkm": 2.1933715676231977 }, "geometry": { "type": "Polygon", "coordinates": [ [ [ -73.791162088280146, 40.653385273736475 ], [ -73.7912110874136, 40.653366229283669 ], [ -73.791262374117338, 40.65335107601728 ], [ -73.791315417311594, 40.653339970850787 ], [ -73.791369667728958, 40.653333028779116 ], [ -73.791424563601794, 40.653330321687982 ], [ -73.791479536479102, 40.653331877609503 ], [ -73.791534017112525, 40.653337680431989 ], [ -73.791587441350657, 40.653347670066779 ], [ -73.79163925598057, 40.653361743070377 ], [ -73.791688924456039, 40.653379753715555 ], [ -73.791735932453392, 40.653401515500356 ], [ -73.791779793197065, 40.653426803079228 ], [ -73.791820052500256, 40.653455354596367 ], [ -73.795791053574263, 40.65657334130146 ], [ -73.795827080966248, 40.656604650538696 ], [ -73.795858772606124, 40.656638570465475 ], [ -73.795885804475304, 40.656674754288346 ], [ -73.795907900194862, 40.65671283206737 ], [ -73.795924833851302, 40.656752414498463 ], [ -73.795936432306689, 40.656793096893267 ], [ -73.795942576969125, 40.656834463316819 ], [ -73.795943205005528, 40.65687609083988 ], [ -73.795938309984592, 40.656917553862954 ], [ -73.79592794194285, 40.656958428467554 ], [ -73.795912206873538, 40.656998296750508 ], [ -73.795891265643348, 40.657036751096527 ], [ -73.795865332348043, 40.657073398345801 ], [ -73.795834672123846, 40.657107863813813 ], [ -73.795799598436886, 40.657139795122141 ], [ -73.795760469878601, 40.65716886580141 ], [ -73.792977467002999, 40.659036874383688 ], [ -73.792936232671167, 40.659061937347076 ], [ -73.792891986873798, 40.659083820280181 ], [ -73.792845150958527, 40.659102314793017 ], [ -73.792796170939766, 40.659117244763117 ], [ -73.79274551325112, 40.659128468013023 ], [ -73.792693660303428, 40.659135877664028 ], [ -73.792641105890596, 40.659139403154278 ], [ -73.792588350486881, 40.659139010910636 ], [ -73.7925358964807, 40.659134704668375 ], [ -73.792484243390106, 40.659126525435781 ], [ -73.79243388310563, 40.659114551103436 ], [ -73.792385295205818, 40.659098895702442 ], [ -73.792338942389961, 40.659079708318622 ], [ -73.79229526607169, 40.659057171672536 ], [ -73.792254682175269, 40.659031500379385 ], [ -73.792217577174725, 40.659002938905154 ], [ -73.792184304413453, 40.658971759238618 ], [ -73.792155180739428, 40.658938258300878 ], [ -73.788955199241755, 40.654835245468938 ], [ -73.788930190044169, 40.654799228579854 ], [ -73.788909977518898, 40.654761505502208 ], [ -73.788894759597198, 40.654722445654961 ], [ -73.788884685297845, 40.654682431547265 ], [ -73.7888798532679, 40.654641855032587 ], [ -73.788880310817234, 40.65460111347123 ], [ -73.788886053455499, 40.654560605839144 ], [ -73.788897024936446, 40.6545207288206 ], [ -73.788913117809173, 40.654481872923768 ], [ -73.788934174470725, 40.654444418656475 ], [ -73.788959988709735, 40.654408732800114 ], [ -73.788990307726067, 40.654375164817694 ], [ -73.789024834606764, 40.65434404343204 ], [ -73.789063231233683, 40.654315673406614 ], [ -73.789105121594744, 40.654290332561082 ], [ -73.789150095466169, 40.654268269050981 ], [ -73.791162088280146, 40.653385273736475 ] ] ] } },
{ "type": "Feature", "properties": { "hotspot_id": 4, "n_dropoffs": 212, "total_weight": 142.2, "area_sqm": 1351277.8510895926, "area_sqkm": 1.3512778510895926 }, "geometry": { "type": "Polygon", "coordinates": [ [ [ -73.783729773145183, 40.645739483822126 ], [ -73.783782839109989, 40.645731967760618 ], [ -73.78383662461107, 40.645728520351867 ], [ -73.783890593338228, 40.645729175970907 ], [ -73.783944207154377, 40.645733928080411 ], [ -73.783996931461118, 40.645742729295762 ], [ -73.784048240529131, 40.645755491857514 ], [ -73.784097622740106, 40.645772088506547 ], [ -73.784144585687969, 40.64579235375281 ], [ -73.784188661088663, 40.645816085525404 ], [ -73.784229409449367, 40.645843047187419 ], [ -73.78426642445082, 40.645872969895464 ], [ -73.784299336998842, 40.645905555280173 ], [ -73.7843278189047, 40.645940478421309 ], [ -73.78435158615784, 40.645977391087506 ], [ -73.784370401757926, 40.646015925208573 ], [ -73.785375418598576, 40.648437920738232 ], [ -73.785388899611661, 40.648476980037799 ], [ -73.785397291500161, 40.64851685742142 ], [ -73.785400513507284, 40.648557169184613 ], [ -73.785398534621095, 40.64859752744254 ], [ -73.78539137387331, 40.648637543862307 ], [ -73.785379100156575, 40.648676833399534 ], [ -73.785361831561858, 40.648715018003323 ], [ -73.785339734242527, 40.648751730254048 ], [ -73.785313020815849, 40.648786616898775 ], [ -73.785281948317404, 40.648819342250334 ], [ -73.785246815728073, 40.648849591417573 ], [ -73.785207961097228, 40.64887707333542 ], [ -73.785165758290162, 40.648901523565506 ], [ -73.784407756247589, 40.649297525565544 ], [ -73.784361732055686, 40.649319076063819 ], [ -73.784313113364576, 40.649337019765461 ], [ -73.784262385831312, 40.649351177428365 ], [ -73.784210056179646, 40.649361407629485 ], [ -73.784156647137877, 40.649367608177776 ], [ -73.784102692217147, 40.649369717135052 ], [ -73.7830726858611, 40.649370717141174 ], [ -73.783064974376444, 40.649370682696819 ], [ -73.782862973130236, 40.64936868268456 ], [ -73.782818542347556, 40.649366847756262 ], [ -73.782774460237164, 40.649362235771633 ], [ -73.782731025495252, 40.649354877981075 ], [ -73.782351023389481, 40.649277877525371 ], [ -73.782308509341348, 40.649267817918698 ], [ -73.782267226292788, 40.649255127884771 ], [ -73.782227454254141, 40.649239893496443 ], [ -73.781641452069081, 40.648991892168759 ], [ -73.781623664089253, 40.6489840230129 ], [ -73.781452663518976, 40.648905022599216 ], [ -73.781410667189348, 40.648883510091188 ], [ -73.781371496496121, 40.648859100295574 ], [ -73.781335494814243, 40.648832007193555 ], [ -73.781302977737383, 40.648802468288508 ], [ -73.78111397824884, 40.648613467587147 ], [ -73.781088194201459, 40.648585322588502 ], [ -73.781065577276678, 40.648555639767572 ], [ -73.781036577494561, 40.648513639647838 ], [ -73.781022311466742, 40.648491377105699 ], [ -73.780942312260549, 40.648356376765577 ], [ -73.78092443727985, 40.648322221267883 ], [ -73.780910634383673, 40.648286987301979 ], [ -73.780901013652866, 40.648250955882403 ], [ -73.780581025751133, 40.646700954407777 ], [ -73.780575325280793, 40.646660222506881 ], [ -73.780574966888295, 40.646619260745851 ], [ -73.780579954111417, 40.646578474592395 ], [ -73.780590237573577, 40.646538267775362 ], [ -73.780605715472859, 40.646499038288098 ], [ -73.780626234590173, 40.646461174449044 ], [ -73.780651591806219, 40.646425051057996 ], [ -73.78068153611234, 40.646391025686057 ], [ -73.780715771095416, 40.646359435136389 ], [ -73.78075395787215, 40.646330592110367 ], [ -73.780795718443585, 40.646304782112452 ], [ -73.780840639436832, 40.646282260624162 ], [ -73.780888276196833, 40.646263250575288 ], [ -73.780938157187691, 40.646247940137314 ], [ -73.780989788660037, 40.646236480861006 ], [ -73.783729773145183, 40.645739483822126 ] ] ] } },
{ "type": "Feature", "properties": { "hotspot_id": 5, "n_dropoffs": 176, "total_weight": 100.2, "area_sqm": 944478.58760296588, "area_sqkm": 0.94447858760296588 }, "geometry": { "type": "Polygon", "coordinates": [ [ [ -73.777260668935369, 40.644227604815974 ], [ -73.777315704613855, 40.64422528602136 ], [ -73.777370764162058, 40.644227248686008 ], [ -73.777544763103791, 40.644240248606742 ], [ -73.777599063929543, 40.644246439872198 ], [ -73.77765226002856, 40.64425679527676 ], [ -73.778151257371377, 40.644374794586561 ], [ -73.778156059951996, 40.644375948965205 ], [ -73.77929005397408, 40.644652947349726 ], [ -73.779350519034566, 40.64467082974847 ], [ -73.779513518313166, 40.644727829431204 ], [ -73.779550237165765, 40.644741982717107 ], [ -73.779585435973118, 40.644758222850285 ], [ -73.780597433023487, 40.645266220252417 ], [ -73.780640185933393, 40.645290048988279 ], [ -73.780679671151944, 40.645316951081057 ], [ -73.780715509395336, 40.645346668119679 ], [ -73.780747356409904, 40.64537891465347 ], [ -73.780774906278808, 40.645413380933995 ], [ -73.780797894360873, 40.645449735890182 ], [ -73.780816099832606, 40.645487630308509 ], [ -73.780829347809842, 40.64552670018724 ], [ -73.780837511027684, 40.645566570232944 ], [ -73.780840511063474, 40.645606857465339 ], [ -73.780838319090293, 40.645647174896055 ], [ -73.780830956154347, 40.645687135245993 ], [ -73.780818492973054, 40.645726354665371 ], [ -73.780801049256198, 40.645764456420956 ], [ -73.780778792556248, 40.645801074514893 ], [ -73.780751936659286, 40.645835857200574 ], [ -73.780720739531517, 40.645868470361364 ], [ -73.78068550084167, 40.645898600720301 ], [ -73.780646559082385, 40.645925958849396 ], [ -73.780604288318898, 40.645950281950043 ], [ -73.780559094595844, 40.645971336377357 ], [ -73.780511412036702, 40.645988919884822 ], [ -73.780461698673633, 40.646002863566991 ], [ -73.777186681285102, 40.646784868137132 ], [ -73.777142256696919, 40.646793913683581 ], [ -73.777096983477279, 40.646800050462716 ], [ -73.777051189285572, 40.646803234060307 ], [ -73.776645186789082, 40.646818234152086 ], [ -73.776589610526074, 40.646818108577413 ], [ -73.776534344956502, 40.646813636985279 ], [ -73.776479974325071, 40.646804866647457 ], [ -73.776427073415107, 40.646791890280298 ], [ -73.776376201471777, 40.646774845064513 ], [ -73.776327896289743, 40.646753911194807 ], [ -73.776282668527699, 40.646729309974901 ], [ -73.776097668198602, 40.646617309437886 ], [ -73.776059307409881, 40.646591747386175 ], [ -73.776024278133505, 40.646563546886775 ], [ -73.775992891821446, 40.64653295867916 ], [ -73.775965427533762, 40.646500254732416 ], [ -73.775942129457519, 40.646465725826864 ], [ -73.775735131478584, 40.646119724948164 ], [ -73.775716314008321, 40.646083913363299 ], [ -73.775701979175366, 40.646046917566856 ], [ -73.775692252798606, 40.646009062295846 ], [ -73.775687220244933, 40.645970679830697 ], [ -73.775686925680191, 40.645932107078984 ], [ -73.775706928678105, 40.645561107172206 ], [ -73.775708479006312, 40.645542567153072 ], [ -73.775741481337462, 40.645251567306467 ], [ -73.77574190962622, 40.645247974479346 ], [ -73.775751910265541, 40.645167974525776 ], [ -73.77576091418527, 40.645122751661496 ], [ -73.77577644816283, 40.645078568620356 ], [ -73.775801448561111, 40.645020568731162 ], [ -73.775817197368454, 40.64498857683666 ], [ -73.775836374395553, 40.64495768974173 ], [ -73.775858847571314, 40.644928120156521 ], [ -73.775969848113135, 40.644795120593535 ], [ -73.776005964131883, 40.64475687151522 ], [ -73.776173964474069, 40.644598872124256 ], [ -73.776209890099736, 40.644568329848539 ], [ -73.776249626301691, 40.644540661287301 ], [ -73.776411626057666, 40.644438661768817 ], [ -73.776467194936515, 40.644407980035446 ], [ -73.776548194682832, 40.644368980237331 ], [ -73.776555311504737, 40.644365612139524 ], [ -73.776598311362733, 40.644345612244081 ], [ -73.776650032047144, 40.644324404580878 ], [ -73.776704468470555, 40.644307597025502 ], [ -73.776769468135925, 40.644290597123998 ], [ -73.776771223362715, 40.644290140627099 ], [ -73.776829223062876, 40.6442751407141 ], [ -73.776881436544713, 40.644263829942247 ], [ -73.77693487611181, 40.644256565408433 ], [ -73.777089875178348, 40.64424156549957 ], [ -73.77710066990592, 40.644240604736787 ], [ -73.777260668935369, 40.644227604815974 ] ] ] } },
{ "type": "Feature", "properties": { "hotspot_id": 6, "n_dropoffs": 272, "total_weight": 166.9, "area_sqm": 924222.83309362258, "area_sqkm": 0.92422283309362263 }, "geometry": { "type": "Polygon", "coordinates": [ [ [ -73.79060880206822, 40.645577844401558 ], [ -73.790662059455542, 40.645570152666735 ], [ -73.790716060444026, 40.645566562598574 ], [ -73.790770261959466, 40.645567110301492 ], [ -73.790824118911218, 40.645571790267354 ], [ -73.790877089673515, 40.645580555430961 ], [ -73.790928641532361, 40.645593317643268 ], [ -73.790978256042564, 40.645609948557833 ], [ -73.791025434241305, 40.645630280921566 ], [ -73.791069701666032, 40.645654110256572 ], [ -73.791110613125753, 40.645681196916556 ], [ -73.79114775717828, 40.645711268496626 ], [ -73.79118076026792, 40.645744022572906 ], [ -73.791209290482371, 40.645779129743637 ], [ -73.791233060890846, 40.645816236941933 ], [ -73.791251832429865, 40.645854970986392 ], [ -73.791265416307752, 40.645894942333911 ], [ -73.791424420775442, 40.646482941607438 ], [ -73.79143272177356, 40.646524053780311 ], [ -73.791435534302124, 40.64656559410696 ], [ -73.791432829643696, 40.646607138589246 ], [ -73.791424635394293, 40.646648263185796 ], [ -73.791411035182065, 40.646688548140276 ], [ -73.791392167814237, 40.646727582265719 ], [ -73.79136822586058, 40.646764967141671 ], [ -73.791339453688238, 40.646800321180848 ], [ -73.791306144967734, 40.646833283524167 ], [ -73.791268639675678, 40.646863517724043 ], [ -73.79122732062477, 40.646890715178749 ], [ -73.791195320563659, 40.646909715270525 ], [ -73.791169142380923, 40.646924318044896 ], [ -73.790166139688935, 40.647449320694875 ], [ -73.790126629052253, 40.647468144765902 ], [ -73.789311626084114, 40.647820146641216 ], [ -73.78926574604526, 40.647837821076898 ], [ -73.789217868875824, 40.647852095429435 ], [ -73.789168427728484, 40.647862840556108 ], [ -73.789117869906264, 40.647869959243636 ], [ -73.787071857627495, 40.648081960530213 ], [ -73.787020663270624, 40.648085386760897 ], [ -73.786969273097043, 40.648085094467156 ], [ -73.786918151628228, 40.648081086291128 ], [ -73.786867760956582, 40.648073398463112 ], [ -73.786818556568477, 40.648062100474192 ], [ -73.786770983226674, 40.64804729444802 ], [ -73.786725470950074, 40.648029114217742 ], [ -73.786682431126422, 40.648007724116042 ], [ -73.786642252793698, 40.647983317489839 ], [ -73.786605299123465, 40.647956114952386 ], [ -73.786571904138171, 40.647926362389121 ], [ -73.786542369691844, 40.647894328734949 ], [ -73.786516962741771, 40.647860303543339 ], [ -73.786045966534488, 40.64715330158397 ], [ -73.786024577064453, 40.647116931409869 ], [ -73.786007904386594, 40.647079156478455 ], [ -73.785996104706356, 40.647040330719513 ], [ -73.785989288571301, 40.647000817907767 ], [ -73.785987519835672, 40.646960988254641 ], [ -73.785990815062391, 40.646921214939503 ], [ -73.785999143368258, 40.6468818706132 ], [ -73.786012426713654, 40.646843323906587 ], [ -73.786030540634016, 40.646805935976701 ], [ -73.786053315406235, 40.646770057123014 ], [ -73.786080537639265, 40.646736023505426 ], [ -73.786111952273515, 40.646704153994811 ], [ -73.786147264970836, 40.646674747185422 ], [ -73.786319264959246, 40.646544747750582 ], [ -73.786358583361732, 40.646517806609047 ], [ -73.786401170084488, 40.646493921082531 ], [ -73.786446617449386, 40.646473319822867 ], [ -73.786968615405428, 40.646262320964361 ], [ -73.78700930133239, 40.64624749746163 ], [ -73.787051468018277, 40.646235309037259 ], [ -73.787094821907729, 40.646225840544275 ], [ -73.79060880206822, 40.645577844401558 ] ] ] } },
{ "type": "Feature", "properties": { "hotspot_id": 7, "n_dropoffs": 577, "total_weight": 380.4, "area_sqm": 2147894.7632318428, "area_sqkm": 2.1478947632318426 }, "geometry": { "type": "Polygon", "coordinates": [ [ [ -73.785900821502935, 40.642397256752879 ], [ -73.785951782714704, 40.642384064769736 ], [ -73.786004213673721, 40.642374798993643 ], [ -73.786057594465504, 40.642369551305592 ], [ -73.786111395757345, 40.642368373742471 ], [ -73.786165084047042, 40.642371277981212 ], [ -73.786218126952875, 40.642378235222914 ], [ -73.786269998492486, 40.64238917647846 ], [ -73.786320184298361, 40.642403993252472 ], [ -73.786368186718164, 40.642422538619236 ], [ -73.786413529749268, 40.642444628679648 ], [ -73.786455763758767, 40.642470044384403 ], [ -73.78972176018361, 40.644645034355705 ], [ -73.789759636526966, 40.64467284719457 ], [ -73.789793783683976, 40.644703333087548 ], [ -73.789823878149875, 40.644736203220859 ], [ -73.789849634812555, 40.644771146192667 ], [ -73.789870809653763, 40.644807830963259 ], [ -73.789887202061095, 40.64484590999102 ], [ -73.789898656728781, 40.644885022524939 ], [ -73.789905065129261, 40.644924798022181 ], [ -73.789906366541743, 40.644964859658522 ], [ -73.789902548627708, 40.645004827898219 ], [ -73.78989364754824, 40.645044324089646 ], [ -73.789879747621683, 40.645082974052706 ], [ -73.789860980525305, 40.645120411623601 ], [ -73.789837524047925, 40.645156282123978 ], [ -73.789809600405974, 40.645190245721132 ], [ -73.789777474138447, 40.645221980647634 ], [ -73.789741449600783, 40.645251186249837 ], [ -73.789701868081707, 40.64527758583619 ], [ -73.789659104569765, 40.645300929298912 ], [ -73.789613564200863, 40.645320995483431 ], [ -73.788079558019902, 40.645922998760959 ], [ -73.788028555767937, 40.64594053179956 ], [ -73.787975447076931, 40.645953954672613 ], [ -73.787920801098537, 40.645963123530528 ], [ -73.787865203459972, 40.645967940112861 ], [ -73.787225199533182, 40.645997940296262 ], [ -73.787172577851365, 40.645998451759766 ], [ -73.787120140274681, 40.645995063065328 ], [ -73.781200104720895, 40.645390059392852 ], [ -73.781148373912728, 40.645382804380304 ], [ -73.781097813853449, 40.645371753764515 ], [ -73.781048903350026, 40.64535701219566 ], [ -73.781002105587177, 40.645338719277447 ], [ -73.780957863740838, 40.645317048244969 ], [ -73.780916596781097, 40.6452922043241 ], [ -73.78087869550447, 40.645264422787903 ], [ -73.780844518832907, 40.645233966728462 ], [ -73.780814390415031, 40.645201124565368 ], [ -73.780788595561049, 40.645166207314134 ], [ -73.7807673785411, 40.645129545640977 ], [ -73.780750940272284, 40.645091486731161 ], [ -73.780739436416113, 40.645052391001187 ], [ -73.780732975904755, 40.645012628685549 ], [ -73.780731619909787, 40.644972576330645 ], [ -73.78073538126317, 40.644932613228804 ], [ -73.780758382412287, 40.644787613335353 ], [ -73.780767628301817, 40.644746741259745 ], [ -73.780782225699454, 40.644706785099835 ], [ -73.780802026468692, 40.644668150310743 ], [ -73.781034028785157, 40.644275151297833 ], [ -73.781058794029079, 40.644238279629619 ], [ -73.78108829723692, 40.644203489750602 ], [ -73.781122239847008, 40.644171133713222 ], [ -73.781160278375026, 40.644141538940502 ], [ -73.781202027890131, 40.644115004912742 ], [ -73.781247065910136, 40.644091800137112 ], [ -73.782277062466179, 40.643616802625743 ], [ -73.782310446613977, 40.643602610743088 ], [ -73.783378442290413, 40.643185613015881 ], [ -73.783414166520856, 40.643172895519534 ], [ -73.784604160973146, 40.642788897685101 ], [ -73.784615827715641, 40.642785254543774 ], [ -73.785900821502935, 40.642397256752879 ] ] ] } },
{ "type": "Feature", "properties": { "hotspot_id": 8, "n_dropoffs": 496, "total_weight": 337.6, "area_sqm": 2587177.7166082007, "area_sqkm": 2.5871777166082008 }, "geometry": { "type": "Polygon", "coordinates": [ [ [ -73.788385434411083, 40.640709699397817 ], [ -73.788426452063547, 40.640685908438954 ], [ -73.788470258763169, 40.640665202651945 ], [ -73.788516455943792, 40.64064777042298 ], [ -73.788564623291194, 40.64063377035454 ], [ -73.788614322566957, 40.640623329822361 ], [ -73.788665101595655, 40.640616543816662 ], [ -73.788716498378491, 40.640613474078059 ], [ -73.788768045296592, 40.640614148535604 ], [ -73.788819273365149, 40.640618561053017 ], [ -73.788869716500159, 40.640626671484213 ], [ -73.788918915758742, 40.640638406038754 ], [ -73.788966423514438, 40.640653657953081 ], [ -73.789011807529704, 40.640672288461786 ], [ -73.796564782076928, 40.644136270286126 ], [ -73.796608585647547, 40.644158644918143 ], [ -73.796649317961879, 40.644184164812579 ], [ -73.796686591213955, 40.644212587000816 ], [ -73.796720050529288, 40.644243640881839 ], [ -73.796749377343687, 40.644277030798619 ], [ -73.796774292436339, 40.644312438852687 ], [ -73.796794558588289, 40.64434952793092 ], [ -73.796809982841268, 40.644387944914769 ], [ -73.796820418335031, 40.644427324042432 ], [ -73.796825765705876, 40.644467290391027 ], [ -73.796825974033013, 40.644507463446118 ], [ -73.796821041323739, 40.644547460724624 ], [ -73.796811014532736, 40.644586901416254 ], [ -73.796795989115353, 40.644625410009297 ], [ -73.796776108119161, 40.644662619865898 ], [ -73.796751560822287, 40.644698176712701 ], [ -73.796722580931515, 40.644731742014081 ], [ -73.796689444357455, 40.644762996195382 ], [ -73.796652466587801, 40.644791641685629 ], [ -73.796611999683577, 40.644817405750814 ], [ -73.796568428927259, 40.64484004309071 ], [ -73.796522169154528, 40.64485933817452 ], [ -73.796473660804452, 40.644875107292926 ], [ -73.796423365726014, 40.644887200307444 ], [ -73.795014357897713, 40.645169201977893 ], [ -73.794974698985598, 40.645175936337409 ], [ -73.792252683023719, 40.645556938632453 ], [ -73.792191615143381, 40.645562771936774 ], [ -73.792130072543102, 40.645563279596956 ], [ -73.792068853130417, 40.645558455031136 ], [ -73.790710845073534, 40.645391454021379 ], [ -73.790691052134221, 40.645388731133799 ], [ -73.789916047632147, 40.645270730425118 ], [ -73.789892802847604, 40.645266783601024 ], [ -73.789732801947054, 40.645236783422632 ], [ -73.789685138847176, 40.64522605410081 ], [ -73.789638971088081, 40.645212035410587 ], [ -73.789594689011707, 40.645194845878294 ], [ -73.789552667015954, 40.645174630839314 ], [ -73.789513260389128, 40.645151561209133 ], [ -73.789476802305913, 40.645125832038268 ], [ -73.789443601010433, 40.645097660863058 ], [ -73.789181601516944, 40.644853659916912 ], [ -73.789153327183641, 40.644824845427593 ], [ -73.789128462930847, 40.644794260955486 ], [ -73.789107198577369, 40.644762139994654 ], [ -73.787430215264266, 40.64192713286166 ], [ -73.787410264685306, 40.64188825223809 ], [ -73.787395585290085, 40.641848032571019 ], [ -73.787386327980599, 40.641806887338973 ], [ -73.787382587916426, 40.641765239535026 ], [ -73.787384403536862, 40.641723517318148 ], [ -73.787391756166102, 40.641682149611498 ], [ -73.787404570205808, 40.641641561692914 ], [ -73.78742271391252, 40.641602170822992 ], [ -73.787546715354864, 40.641371171358479 ], [ -73.787565404520151, 40.641340103004651 ], [ -73.787587411801638, 40.641310322355395 ], [ -73.787652412141568, 40.641230322613282 ], [ -73.787679685258382, 40.64119988914738 ], [ -73.78774568544803, 40.641132889393674 ], [ -73.787785499808379, 40.641096947023492 ], [ -73.787830435184503, 40.641064697732702 ], [ -73.788385434411083, 40.640709699397817 ] ] ] } },
{ "type": "Feature", "properties": { "hotspot_id": 9, "n_dropoffs": 253, "total_weight": 178.1, "area_sqm": 77469313.649803102, "area_sqkm": 77.469313649803098 }, "geometry": { "type": "Polygon", "coordinates": [ [ [ -73.821987202019471, 40.739483801761423 ], [ -73.822022552887077, 40.739452850366881 ], [ -73.822061775706487, 40.739424726749846 ], [ -73.822104481511857, 40.739399709804061 ], [ -73.822150246799126, 40.739378047614935 ], [ -73.822198617725633, 40.739359954999593 ], [ -73.822249114610671, 40.739345611376656 ], [ -73.822301236692169, 40.739335158987103 ], [ -73.822354467092438, 40.739328701483736 ], [ -73.822408277943495, 40.739326302903464 ], [ -73.822462135621564, 40.73932798703219 ], [ -73.822515506038528, 40.739333737168934 ], [ -73.82256785993799, 40.739343496291603 ], [ -73.822618678143499, 40.739357167622252 ], [ -73.822667456706725, 40.739374615586776 ], [ -73.822713711904782, 40.739395667159435 ], [ -73.82275698503696, 40.739420113578412 ], [ -73.826002980040442, 40.741452103974133 ], [ -73.826042567183762, 40.74147948968271 ], [ -73.826078405824774, 40.741509714503856 ], [ -73.830289414081378, 40.745434699313854 ], [ -73.83029270219842, 40.745437794263076 ], [ -73.830373702374246, 40.745514793968624 ], [ -73.830405034412806, 40.74554780013375 ], [ -73.841836087184959, 40.758934755506715 ], [ -73.841860698355987, 40.758966614753433 ], [ -73.841881454051759, 40.759000023503283 ], [ -73.841898187098181, 40.759034712679174 ], [ -73.841910762719252, 40.759070402891126 ], [ -73.841919079622798, 40.759106806686127 ], [ -73.843949175421599, 40.771182797315127 ], [ -73.843953351057834, 40.771223942531051 ], [ -73.843952087802592, 40.771265198852603 ], [ -73.843945398337581, 40.771306151781864 ], [ -73.843933349861331, 40.771346389868413 ], [ -73.843916063414525, 40.771385508842947 ], [ -73.843893712664126, 40.771423115679198 ], [ -73.84386652215899, 40.771458832542599 ], [ -73.843834765074135, 40.771492300586488 ], [ -73.843798760466257, 40.771523183557512 ], [ -73.843758870068484, 40.77155117117416 ], [ -73.843715494656024, 40.77157598224413 ], [ -73.843669070019658, 40.771597367489726 ], [ -73.843620062587206, 40.771615112052388 ], [ -73.843568964737301, 40.771629037651493 ], [ -73.843516289852133, 40.771639004375693 ], [ -73.843462567159364, 40.771644912088668 ], [ -73.834200510649623, 40.772304916110578 ], [ -73.834151580521407, 40.772306709062171 ], [ -73.83410263746066, 40.772305133268411 ], [ -73.834054081941275, 40.772300201623125 ], [ -73.834006311265966, 40.772291954479243 ], [ -73.824329257955611, 40.770266942529595 ], [ -73.824286834498537, 40.770256618379719 ], [ -73.824245670617714, 40.770243678441823 ], [ -73.824206044822745, 40.770228210266126 ], [ -73.813088004227339, 40.765438184758978 ], [ -73.81304555308418, 40.765417861185448 ], [ -73.813005757851897, 40.765394637860886 ], [ -73.812968960080582, 40.765368714105506 ], [ -73.807681960851738, 40.761281696563742 ], [ -73.807643992154809, 40.761249053886289 ], [ -73.807610773788113, 40.761213542564839 ], [ -73.807582677902175, 40.761175560446581 ], [ -73.807560019256741, 40.761135533059445 ], [ -73.807543051694651, 40.761093908844337 ], [ -73.805897088219098, 40.756142901417064 ], [ -73.805886223123593, 40.756101304346757 ], [ -73.805881042994088, 40.75605907803002 ], [ -73.805881602784481, 40.756016670517077 ], [ -73.805887896544121, 40.755974531779898 ], [ -73.80611290457486, 40.754944532813049 ], [ -73.80612445931429, 40.754904241660967 ], [ -73.806141256439162, 40.754865031608738 ], [ -73.806163127423545, 40.754827296030534 ], [ -73.806189852839097, 40.754791413507299 ], [ -73.806221164556831, 40.754757744028687 ], [ -73.821987202019471, 40.739483801761423 ] ] ] } },
{ "type": "Feature", "properties": { "hotspot_id": 10, "n_dropoffs": 142, "total_weight": 90.2, "area_sqm": 143366609.67347896, "area_sqkm": 143.36660967347896 }, "geometry": { "type": "Polygon", "coordinates": [ [ [ -73.881940014721479, 40.822972816876728 ], [ -73.881990885697647, 40.822962188647459 ], [ -73.882042875996333, 40.822955368271927 ], [ -73.88209549292587, 40.822952420384134 ], [ -73.882148237856541, 40.822953372920018 ], [ -73.882200610945702, 40.822958216852797 ], [ -73.882252115874351, 40.822966906278431 ], [ -73.882302264550177, 40.82297935885066 ], [ -73.882350581732922, 40.822995456561316 ], [ -73.882396609537707, 40.823015046858522 ], [ -73.882439911774242, 40.82303794409242 ], [ -73.882480078080135, 40.823063931274334 ], [ -73.882516727809772, 40.823092762132958 ], [ -73.882549513641607, 40.823124163448234 ], [ -73.882578124869525, 40.823157837640267 ], [ -73.882602290347592, 40.823193465589533 ], [ -73.882621781059598, 40.823230709660734 ], [ -73.882636412289713, 40.823269216902546 ], [ -73.884990468846567, 40.830827206255393 ], [ -73.885002150114758, 40.830879600849798 ], [ -73.88577619563533, 40.836557597271927 ], [ -73.885778967095035, 40.836591654295269 ], [ -73.885924011330829, 40.84202365362156 ], [ -73.885923312684241, 40.842054500036369 ], [ -73.885919574470662, 40.842085220116516 ], [ -73.885307602790931, 40.845650222936058 ], [ -73.885298901919583, 40.845687465738493 ], [ -73.885285736821118, 40.845723944971688 ], [ -73.885268218609156, 40.845759352730319 ], [ -73.88524649514072, 40.84579339015248 ], [ -73.885220749768436, 40.84582576994223 ], [ -73.885191199793127, 40.845856218794587 ], [ -73.885158094629688, 40.845884479702526 ], [ -73.866700098661255, 40.860249541074985 ], [ -73.866662542660706, 40.860276117953831 ], [ -73.866621844481543, 40.860299879187437 ], [ -73.866578368929325, 40.860320611785838 ], [ -73.866532505706431, 40.860338129906872 ], [ -73.866484665918847, 40.860352276522043 ], [ -73.866435278390924, 40.860362924824166 ], [ -73.866384785821353, 40.86036997936413 ], [ -73.863729769832958, 40.860642981019112 ], [ -73.86366407980816, 40.860646669774326 ], [ -73.843101952549986, 40.86084867100999 ], [ -73.843051715137932, 40.86084739118899 ], [ -73.843001849643088, 40.860842585200878 ], [ -73.842952784525338, 40.860834294340243 ], [ -73.842904941367152, 40.860822589844716 ], [ -73.842858731250899, 40.860807572282923 ], [ -73.842814551226709, 40.860789370690256 ], [ -73.842772780900631, 40.860768141460234 ], [ -73.842733779172917, 40.860744067000411 ], [ -73.842697881154166, 40.860717354165338 ], [ -73.826804891668147, 40.847737300095957 ], [ -73.826771454340715, 40.847707219515648 ], [ -73.826741953034158, 40.847674851468852 ], [ -73.826716657441423, 40.847640491861981 ], [ -73.826695798806014, 40.847604454807588 ], [ -73.826679567808156, 40.84756706975287 ], [ -73.826668112821878, 40.847528678467654 ], [ -73.826661538558866, 40.847489631920155 ], [ -73.826659905111441, 40.847450287068199 ], [ -73.826663227403571, 40.847411003596051 ], [ -73.82667147505471, 40.847372140626241 ], [ -73.826684572657911, 40.847334053436562 ], [ -73.826702400469401, 40.847297090212116 ], [ -73.826724795503637, 40.847261588862388 ], [ -73.82904181210499, 40.843998598337514 ], [ -73.829070810062518, 40.843962360120067 ], [ -73.829104562562932, 40.84392857923897 ], [ -73.829142711542204, 40.843897614052459 ], [ -73.829184852298724, 40.843869793048505 ], [ -73.829230537786728, 40.843845411360242 ], [ -73.863067430584309, 40.827688495049856 ], [ -73.863125550957847, 40.827664359639108 ], [ -73.86318711310679, 40.827645789708328 ], [ -73.881940014721479, 40.822972816876728 ] ] ] } },
{ "type": "Feature", "properties": { "hotspot_id": 11, "n_dropoffs": 214, "total_weight": 145.6, "area_sqm": 58563016.336224966, "area_sqkm": 58.563016336224969 }, "geometry": { "type": "Polygon", "coordinates": [ [ [ -74.034574044316074, 40.611042341975072 ], [ -74.034623172313729, 40.611023902330885 ], [ -74.034674497410037, 40.611009347720049 ], [ -74.034727492233927, 40.610998827692498 ], [ -74.034781612258683, 40.610992450342358 ], [ -74.034836301396638, 40.610990281197424 ], [ -74.034890997712807, 40.610992342545764 ], [ -74.034945139198413, 40.610998613206917 ], [ -74.034998169545318, 40.611009028749351 ], [ -74.035049543861788, 40.611023482152504 ], [ -74.03509873427106, 40.611041824906408 ], [ -74.035145235335065, 40.611063868537514 ], [ -74.035188569247708, 40.61108938654521 ], [ -74.035228290744215, 40.611118116729067 ], [ -74.03526399167626, 40.611149763882743 ], [ -74.036094993762106, 40.611966760816678 ], [ -74.036121340047742, 40.611995047851828 ], [ -74.0361444683315, 40.61202492461215 ], [ -74.038030482041421, 40.614713916847585 ], [ -74.038053141562131, 40.614750423870305 ], [ -74.039666159940623, 40.617717416914296 ], [ -74.039689810526696, 40.617771088223769 ], [ -74.040834834944462, 40.621116083052392 ], [ -74.040845595413487, 40.62115520315389 ], [ -74.040851326897439, 40.621194933959863 ], [ -74.040851975369719, 40.62123490101844 ], [ -74.04077198896745, 40.622917901391553 ], [ -74.040769235547458, 40.622947092570598 ], [ -74.040497250854543, 40.624871093832716 ], [ -74.040486811597304, 40.624918613853332 ], [ -74.040469157781629, 40.6249648792638 ], [ -74.035729225505861, 40.635124900105708 ], [ -74.035708050776918, 40.635163839376474 ], [ -74.035681761232013, 40.635200925375159 ], [ -74.035650632379912, 40.635235769436818 ], [ -74.031705643247392, 40.639198784103435 ], [ -74.03167342155453, 40.63922820054573 ], [ -74.031637749865254, 40.639255208030576 ], [ -74.031598937062668, 40.639279572695749 ], [ -74.031557319230402, 40.639301083563304 ], [ -74.031513256742457, 40.639319554366686 ], [ -74.031467131142549, 40.639334825163672 ], [ -74.031419341840177, 40.639346763721363 ], [ -74.028174324027177, 40.640031767764484 ], [ -74.028126727136737, 40.640040070879657 ], [ -74.028078340750142, 40.640045067807904 ], [ -74.028029559801624, 40.640046717763852 ], [ -74.027980782446065, 40.640045007280357 ], [ -74.020332735847049, 40.639512004029434 ], [ -74.013359332574453, 40.639021975791522 ], [ -74.013308261974245, 40.639016503007383 ], [ -74.01325810866021, 40.63900734700151 ], [ -74.013209329310811, 40.638994591145313 ], [ -74.013162368092978, 40.638978351589202 ], [ -74.013117652617524, 40.638958776204824 ], [ -74.013075590045318, 40.638936043238537 ], [ -74.013036563379771, 40.63891035968836 ], [ -74.013000927979206, 40.638881959418981 ], [ -74.012969008321207, 40.638851101032138 ], [ -74.012941095048006, 40.638818065511877 ], [ -74.012917442320187, 40.638783153665933 ], [ -74.012248448817743, 40.637668150827032 ], [ -74.012229200417337, 40.637631521285478 ], [ -74.012214643040195, 40.637593656357765 ], [ -74.011838651832605, 40.636407654652437 ], [ -74.011828438727065, 40.63636626195111 ], [ -74.011823830124271, 40.636324290962321 ], [ -74.01182487424137, 40.636282180900544 ], [ -74.011831560141346, 40.636240372434877 ], [ -74.014069635897854, 40.626447382723732 ], [ -74.014080555954962, 40.626409985653012 ], [ -74.014095991053907, 40.626373523862114 ], [ -74.014115807539184, 40.626338313063549 ], [ -74.014139833818902, 40.626304658137293 ], [ -74.020067866497598, 40.618848681801126 ], [ -74.020087227236189, 40.618826039433429 ], [ -74.021482232387456, 40.617306044769435 ], [ -74.021510683626872, 40.617277737491222 ], [ -74.021542242207531, 40.617251412182874 ], [ -74.021576671439078, 40.6172272662821 ], [ -74.024593667332454, 40.615288275361479 ], [ -74.024634954102041, 40.615264230581936 ], [ -74.024679081082184, 40.615243319494702 ], [ -74.034574044316074, 40.611042341975072 ] ] ] } },
{ "type": "Feature", "properties": { "hotspot_id": 12, "n_dropoffs": 65, "total_weight": 42.1, "area_sqm": 15464311.021433014, "area_sqkm": 15.464311021433014 }, "geometry": { "type": "Polygon", "coordinates": [ [ [ -73.903722873030063, 40.720891105743469 ], [ -73.903779561028543, 40.720890644169472 ], [ -73.903836001417218, 40.720894697326983 ], [ -73.903891574756429, 40.720903220732119 ], [ -73.906676559190686, 40.721447217506295 ], [ -73.906727256409482, 40.721459163926319 ], [ -73.906776171688435, 40.721474831280268 ], [ -73.906822834520867, 40.721494068867337 ], [ -73.90686679606479, 40.721516691645284 ], [ -73.906907633460165, 40.721542482010136 ], [ -73.906944953896144, 40.721571191889417 ], [ -73.906978398389498, 40.721602545127951 ], [ -73.909108405079863, 40.723812537127394 ], [ -73.909135661289682, 40.723843692114492 ], [ -73.909159086337809, 40.72387660138763 ], [ -73.90917848666075, 40.723910993022308 ], [ -73.909193701949903, 40.72394658284508 ], [ -73.909204606476436, 40.723983076781607 ], [ -73.909211110130315, 40.724020173286505 ], [ -73.90974114718891, 40.728636170827365 ], [ -73.909743173193647, 40.728676141464462 ], [ -73.909740090929049, 40.728716073020948 ], [ -73.909731929480316, 40.728755588572568 ], [ -73.909718765876647, 40.728794315121092 ], [ -73.909700724364583, 40.728831887115405 ], [ -73.909677975235411, 40.728867949901819 ], [ -73.909650733218101, 40.728902163072021 ], [ -73.909619255452597, 40.72893420367636 ], [ -73.909583839062748, 40.728963769272319 ], [ -73.909544818351847, 40.728990580779389 ], [ -73.909502561646974, 40.729014385113686 ], [ -73.909457467822378, 40.729034957576879 ], [ -73.909409962534184, 40.729052103977288 ], [ -73.909360494202431, 40.72906566246315 ], [ -73.900354445987603, 40.73116367474389 ], [ -73.900295532392008, 40.731174691156788 ], [ -73.900235368151968, 40.731180622606367 ], [ -73.892534320949068, 40.731607625213478 ], [ -73.892479412944951, 40.731608542451042 ], [ -73.89242466544934, 40.731605221861301 ], [ -73.892370642227277, 40.731597697638207 ], [ -73.892317899585152, 40.731586047262745 ], [ -73.892266980641836, 40.731570390705201 ], [ -73.892218409735577, 40.731550889189499 ], [ -73.892172687024456, 40.731527743533078 ], [ -73.890014682200089, 40.730310737548074 ], [ -73.889963917360205, 40.730278258364706 ], [ -73.888536916756692, 40.72924525378351 ], [ -73.888500347941275, 40.7292160542505 ], [ -73.888467710002544, 40.729184272995461 ], [ -73.88843931611656, 40.729150214979825 ], [ -73.888415438733773, 40.729114207011591 ], [ -73.888396306964765, 40.729076594609175 ], [ -73.888382104382089, 40.729037738685967 ], [ -73.888372967259031, 40.728998012087004 ], [ -73.888368983262311, 40.728957796011308 ], [ -73.888370190611212, 40.72891747635407 ], [ -73.888376577711213, 40.728877440003629 ], [ -73.888388083265596, 40.728838071129211 ], [ -73.888404596863907, 40.728799747494591 ], [ -73.888425960041857, 40.728762836833312 ], [ -73.888970964557203, 40.727933839103407 ], [ -73.888995401310538, 40.727900605198634 ], [ -73.8890237697549, 40.72786923104303 ], [ -73.891168775673179, 40.725717239003231 ], [ -73.891200056253325, 40.725688637707336 ], [ -73.891234603091434, 40.72566230159638 ], [ -73.891272134047114, 40.725638445751855 ], [ -73.891312342610263, 40.725617264999165 ], [ -73.891354900404366, 40.72559893231675 ], [ -73.903407851156572, 40.72093995774545 ], [ -73.903458127276139, 40.720922909042606 ], [ -73.903510419639744, 40.720909834371312 ], [ -73.90356418720539, 40.72090086900814 ], [ -73.903618873668705, 40.720896105712924 ], [ -73.903722873030063, 40.720891105743469 ] ] ] } },
{ "type": "Feature", "properties": { "hotspot_id": 13, "n_dropoffs": 78, "total_weight": 51.6, "area_sqm": 25530950.738279969, "area_sqkm": 25.530950738279969 }, "geometry": { "type": "Polygon", "coordinates": [ [ [ -73.915694788743181, 40.83926461992516 ], [ -73.915744772126942, 40.839253895059379 ], [ -73.91579587754552, 40.839246852325907 ], [ -73.9158476358581, 40.839243556376076 ], [ -73.915899571930709, 40.839244037466202 ], [ -73.915951208997654, 40.839248291180006 ], [ -73.916002073037973, 40.839256278468916 ], [ -73.91605169712652, 40.839267926010777 ], [ -73.916099625720165, 40.839283126882727 ], [ -73.916145418839363, 40.839301741542691 ], [ -73.916188656106996, 40.839323599110379 ], [ -73.916228940607212, 40.839348498935799 ], [ -73.916265902529034, 40.839376212441131 ], [ -73.916299202561206, 40.83940648521903 ], [ -73.916328535006969, 40.839439039367832 ], [ -73.923951575443468, 40.848834009214627 ], [ -73.923977225157472, 40.848869392004012 ], [ -73.923998185794034, 40.84890651299218 ], [ -73.9240142556188, 40.848945014924659 ], [ -73.924025279966074, 40.848984527256157 ], [ -73.924031152727508, 40.849024669716492 ], [ -73.92403181737366, 40.849065055970421 ], [ -73.924027267498474, 40.849105297335669 ], [ -73.92401754688116, 40.849145006523734 ], [ -73.924002749065338, 40.849183801367211 ], [ -73.92398301645899, 40.849221308497761 ], [ -73.923958538964371, 40.849257166939658 ], [ -73.92392955215044, 40.849291031583888 ], [ -73.923896334986082, 40.84932257650965 ], [ -73.923859207155331, 40.849351498121202 ], [ -73.923818525980806, 40.849377518069801 ], [ -73.923774682984799, 40.849400385932704 ], [ -73.904459619940809, 40.85844643303534 ], [ -73.904412694215324, 40.858466043513666 ], [ -73.904363449116516, 40.858482043222757 ], [ -73.90431236516703, 40.858494276040567 ], [ -73.904259940833597, 40.858502622601577 ], [ -73.904206687662892, 40.858507001461632 ], [ -73.904153125289639, 40.85850736989255 ], [ -73.904099776365896, 40.858503724299311 ], [ -73.904047161460795, 40.858496100254904 ], [ -73.903995793980656, 40.858484572153358 ], [ -73.903946175159021, 40.858469252483715 ], [ -73.903898789165424, 40.858450290732385 ], [ -73.903854098380819, 40.858427871924228 ], [ -73.903812538885617, 40.858402214817332 ], [ -73.90039653586183, 40.856071204210991 ], [ -73.900360533242164, 40.856044226774394 ], [ -73.900327998187194, 40.856014819457656 ], [ -73.90029921382073, 40.855983238170964 ], [ -73.900274430626041, 40.855949757742522 ], [ -73.900253864266219, 40.855914669527017 ], [ -73.900237693707524, 40.855878278869895 ], [ -73.900226059662273, 40.855840902450339 ], [ -73.899475083163409, 40.852800899021588 ], [ -73.899467913070012, 40.852761398419766 ], [ -73.89946580904963, 40.852721556408774 ], [ -73.899468790829062, 40.852681746710594 ], [ -73.899476830429904, 40.852642342743451 ], [ -73.899489852431273, 40.852603714119105 ], [ -73.899507734677641, 40.85256622317597 ], [ -73.899530309424904, 40.852530221580288 ], [ -73.899557364914116, 40.852496047027685 ], [ -73.90809040115515, 40.842811079976407 ], [ -73.908120089669865, 40.842780526749969 ], [ -73.908153358522412, 40.842752180672527 ], [ -73.911065359104526, 40.840490190347353 ], [ -73.911102929594691, 40.840463643430667 ], [ -73.911143636940167, 40.840439913381701 ], [ -73.91118711637408, 40.840419212836757 ], [ -73.911232978291039, 40.840401727285794 ], [ -73.911280811738095, 40.840387613410201 ], [ -73.915694788743181, 40.83926461992516 ] ] ] } },
{ "type": "Feature", "properties": { "hotspot_id": 14, "n_dropoffs": 52, "total_weight": 30.3, "area_sqm": 20729546.244700439, "area_sqkm": 20.72954624470044 }, "geometry": { "type": "Polygon", "coordinates": [ [ [ -73.997745543213981, 40.638209878904874 ], [ -73.997792801856818, 40.638197081827293 ], [ -73.997841414254466, 40.638187677124705 ], [ -73.997890961767567, 40.638181745788287 ], [ -73.997941017704221, 40.638179338897345 ], [ -73.997991150994295, 40.638180477179439 ], [ -73.998040929901592, 40.638185150831958 ], [ -73.998089925741581, 40.638193319606508 ], [ -73.998137716572998, 40.638204913155434 ], [ -74.018106616866149, 40.643836880807207 ], [ -74.018156390905915, 40.643853116136626 ], [ -74.018203782781043, 40.643873063211466 ], [ -74.01824831692204, 40.643896521867063 ], [ -74.018289546434929, 40.643923256700759 ], [ -74.018327057585509, 40.643952999433743 ], [ -74.018360473951105, 40.643985451603207 ], [ -74.018389460198023, 40.644020287557105 ], [ -74.018413725446663, 40.644057157722116 ], [ -74.01843302619065, 40.644095692111229 ], [ -74.018447168740664, 40.644135504036626 ], [ -74.018456011168368, 40.644176193989765 ], [ -74.018459464731038, 40.644217353650554 ], [ -74.01845749476243, 40.64425856998465 ], [ -74.01845012102109, 40.644299429388155 ], [ -74.01843741749245, 40.64433952183834 ], [ -74.018419511646769, 40.644378445008009 ], [ -74.018396583160381, 40.644415808302988 ], [ -74.018368862112894, 40.644451236781919 ], [ -74.018336626678689, 40.644484374918655 ], [ -74.011165640191862, 40.651131400764044 ], [ -74.011146060714836, 40.651148558725758 ], [ -74.008586062686874, 40.653270567518646 ], [ -74.008547630029042, 40.653299393963088 ], [ -74.008505616671542, 40.653325159836193 ], [ -74.008460440921738, 40.653347608596761 ], [ -74.008412552575237, 40.653366516730699 ], [ -74.006704544986249, 40.653960520039867 ], [ -74.006657653821009, 40.653974850298759 ], [ -74.006609210771344, 40.653985783819628 ], [ -74.006559639008074, 40.653993225093345 ], [ -74.006509371562402, 40.653997109117014 ], [ -74.00645884754293, 40.653997401962009 ], [ -74.006408508299685, 40.653994101070182 ], [ -74.006358793568481, 40.65398723527629 ], [ -74.00631013762947, 40.653976864556121 ], [ -74.002490117701257, 40.653013858957124 ], [ -74.002437800568387, 40.652998329544118 ], [ -74.002387880731817, 40.652978750770984 ], [ -74.002340896771088, 40.652955333871766 ], [ -74.002297355589278, 40.652928331489647 ], [ -74.00225772694391, 40.652898034950894 ], [ -74.002222438378865, 40.652864771121784 ], [ -74.002191870611583, 40.652828898881857 ], [ -74.002166353425778, 40.652790805251882 ], [ -73.994773428182597, 40.640172773757726 ], [ -73.994753774689684, 40.640134096546468 ], [ -73.9947393290158, 40.640094109378381 ], [ -73.994730237735055, 40.640053218012355 ], [ -73.994726593088672, 40.640011837381643 ], [ -73.994728432049428, 40.639970387383435 ], [ -73.994735735946946, 40.639929288617992 ], [ -73.994748430657424, 40.639888958120792 ], [ -73.994766387356307, 40.639849805130886 ], [ -73.994789423825793, 40.639812226938233 ], [ -73.994817306304171, 40.639776604852536 ], [ -73.994849751858141, 40.639743300334075 ], [ -73.994886431253903, 40.639712651326036 ], [ -73.994926972298131, 40.639684968825563 ], [ -73.996822969161855, 40.638515974390934 ], [ -73.996865479286726, 40.638492279191105 ], [ -73.996910815428876, 40.638471848879952 ], [ -73.996958546958211, 40.638454877515834 ], [ -73.997745543213981, 40.638209878904874 ] ] ] } },
{ "type": "Feature", "properties": { "hotspot_id": 15, "n_dropoffs": 124, "total_weight": 90.7, "area_sqm": 27309635.642501708, "area_sqkm": 27.309635642501707 }, "geometry": { "type": "Polygon", "coordinates": [ [ [ -73.912097622868174, 40.875741739567772 ], [ -73.912154375371443, 40.87574038683271 ], [ -73.91221100321674, 40.875743544851552 ], [ -73.918154967284721, 40.876313541392314 ], [ -73.918209385838637, 40.876320913466039 ], [ -73.918262533255614, 40.876332451398781 ], [ -73.918313857529256, 40.876348035353857 ], [ -73.918362825587963, 40.876367503471442 ], [ -73.918507825084518, 40.87643250312906 ], [ -73.918549752183395, 40.876453338721397 ], [ -73.918588966898639, 40.876477022532143 ], [ -73.918625134483918, 40.876503352392398 ], [ -73.918657946202586, 40.87653210354577 ], [ -73.921472952771794, 40.879242093282194 ], [ -73.921504198958218, 40.879275459087701 ], [ -73.921530925187383, 40.879311015112755 ], [ -73.921552867230986, 40.879348409843303 ], [ -73.921569808156946, 40.879387273586865 ], [ -73.921581580474466, 40.879427222127354 ], [ -73.921588067790026, 40.879467860523448 ], [ -73.921589205958554, 40.879508787012917 ], [ -73.921584983717949, 40.879549596984759 ], [ -73.921575442800787, 40.879589886979083 ], [ -73.921560677522066, 40.879629258675955 ], [ -73.921540833847303, 40.879667322833392 ], [ -73.916185886560456, 40.888610345465757 ], [ -73.916161334199757, 40.888646489383206 ], [ -73.91613220317889, 40.888680618884109 ], [ -73.916098777683345, 40.888712401012675 ], [ -73.911942782522829, 40.892286415477294 ], [ -73.911895803706997, 40.892322137736663 ], [ -73.911843418168942, 40.892353229702437 ], [ -73.909095410776715, 40.893787236929683 ], [ -73.909049360653711, 40.893808782426213 ], [ -73.909000711783733, 40.893826740652464 ], [ -73.908949947887919, 40.893840933047109 ], [ -73.908897573718377, 40.893851218493033 ], [ -73.908844110039368, 40.893857494720358 ], [ -73.908790088448882, 40.893859699323578 ], [ -73.908736046092585, 40.893857810381888 ], [ -73.908682520322671, 40.893851846677407 ], [ -73.908630043354549, 40.893841867508236 ], [ -73.908579136974637, 40.893827972098791 ], [ -73.908530307351896, 40.893810298613325 ], [ -73.902871285495607, 40.891492286136611 ], [ -73.902827885660443, 40.891472468231903 ], [ -73.902787110515533, 40.891449665206068 ], [ -73.902749315478047, 40.891424075823615 ], [ -73.902714829987673, 40.891395923136322 ], [ -73.902683954635066, 40.891365452538892 ], [ -73.902656958541797, 40.891332929629876 ], [ -73.902634077014554, 40.891298637896547 ], [ -73.902615509494325, 40.891262876243708 ], [ -73.902601417818133, 40.891225956388375 ], [ -73.902591924808519, 40.891188200142423 ], [ -73.900440015321223, 40.879750190252807 ], [ -73.900435048015567, 40.879709278982169 ], [ -73.900435477689683, 40.879668195652727 ], [ -73.900441300054752, 40.879627349388727 ], [ -73.90045245711957, 40.879587146952879 ], [ -73.9004688377685, 40.879547988695705 ], [ -73.900490278868304, 40.87951026456868 ], [ -73.90051656689306, 40.879474350241125 ], [ -73.901371571310179, 40.878432353610727 ], [ -73.901377765398934, 40.878424980380572 ], [ -73.903052773038439, 40.876476986893266 ], [ -73.903084974739031, 40.876443373847941 ], [ -73.903121476966319, 40.876412396285922 ], [ -73.903161907749407, 40.876384369874962 ], [ -73.903205855086199, 40.876359580209581 ], [ -73.903252871141788, 40.876338279900963 ], [ -73.903302476811987, 40.876320686002863 ], [ -73.903354166605226, 40.876306977799963 ], [ -73.903407413793545, 40.876297294980937 ], [ -73.90346167577971, 40.876291736215173 ], [ -73.912097622868174, 40.875741739567772 ] ] ] } },
{ "type": "Feature", "properties": { "hotspot_id": 16, "n_dropoffs": 74, "total_weight": 45.7, "area_sqm": 8932141.5210694913, "area_sqkm": 8.9321415210694912 }, "geometry": { "type": "Polygon", "coordinates": [ [ [ -73.92750470218877, 40.821050165528547 ], [ -73.927554688248335, 40.821039269484331 ], [ -73.927605818878163, 40.821032063114004 ], [ -73.927657623305194, 40.821028612768529 ], [ -73.927709624552861, 40.821028950216103 ], [ -73.927761343832515, 40.821033072349749 ], [ -73.927812304951544, 40.821040941215912 ], [ -73.927862038697498, 40.821052484363953 ], [ -73.927910087158082, 40.821067595513085 ], [ -73.927956007937084, 40.821086135530877 ], [ -73.927999378227369, 40.821107933714309 ], [ -73.92803979870385, 40.821132789361357 ], [ -73.928076897199887, 40.821160473618797 ], [ -73.928110332134125, 40.821190731589297 ], [ -73.92813979565544, 40.821223284678233 ], [ -73.92816501647755, 40.821257833158576 ], [ -73.928185762377012, 40.821294058930718 ], [ -73.928201842331504, 40.821331628451105 ], [ -73.928213108278939, 40.821370195803141 ], [ -73.928219456480946, 40.82140940588242 ], [ -73.928220828478345, 40.821448897665853 ], [ -73.928217211629743, 40.821488307536171 ], [ -73.928208639228274, 40.821527272629453 ], [ -73.926363688237103, 40.827988281010036 ], [ -73.926351774715641, 40.828022730235027 ], [ -73.9263359858938, 40.828056268378255 ], [ -73.926179987725192, 40.828347269049772 ], [ -73.92616216460128, 40.828377066826107 ], [ -73.926141281716497, 40.828405695053796 ], [ -73.922145303683479, 40.833403710927193 ], [ -73.922115356409719, 40.833437312418262 ], [ -73.922081199743985, 40.833468511674546 ], [ -73.922043165460394, 40.833497005642997 ], [ -73.922001622999602, 40.833522517547983 ], [ -73.921956975880349, 40.833544799579727 ], [ -73.921909657779821, 40.833563635301637 ], [ -73.921860128321043, 40.833578841752619 ], [ -73.921808868608181, 40.833590271224544 ], [ -73.921756376553162, 40.833597812696965 ], [ -73.921703162038952, 40.833601392915476 ], [ -73.921649741966505, 40.833600977103551 ], [ -73.921596635233627, 40.833596569300198 ], [ -73.921544357694287, 40.833588212320755 ], [ -73.921493417147616, 40.833575987340986 ], [ -73.921444308405157, 40.833560013108539 ], [ -73.921397508484247, 40.833540444789435 ], [ -73.921353471974285, 40.83351747246077 ], [ -73.921312626621045, 40.83349131926434 ], [ -73.919314625417101, 40.83207831293695 ], [ -73.91928586079402, 40.832056379189474 ], [ -73.91925934742504, 40.832032865726262 ], [ -73.916197354363106, 40.829100854577383 ], [ -73.916164958537465, 40.829066317803274 ], [ -73.916137411659562, 40.829029432999157 ], [ -73.916115005977488, 40.828990591491269 ], [ -73.91609797919287, 40.828950205364691 ], [ -73.916086511939454, 40.828908703091159 ], [ -73.916080725866962, 40.828866524983297 ], [ -73.916080682351023, 40.828824118522988 ], [ -73.916086381842334, 40.828781933614025 ], [ -73.916097763862481, 40.828740417808781 ], [ -73.916114707645889, 40.828700011560137 ], [ -73.916540713274259, 40.827840013413244 ], [ -73.916540995458192, 40.827839445019578 ], [ -73.917755011394078, 40.825399450297688 ], [ -73.917779750633713, 40.82535710036354 ], [ -73.919149761469711, 40.823328106029564 ], [ -73.919175746828174, 40.823293790627837 ], [ -73.919205950607406, 40.823261529749018 ], [ -73.91924009354392, 40.823231621670224 ], [ -73.919277859954889, 40.823204342914714 ], [ -73.91931890065699, 40.82317994569528 ], [ -73.919362836194892, 40.823158655582475 ], [ -73.919409260349539, 40.823140669419132 ], [ -73.919457743893943, 40.823126153500525 ], [ -73.92750470218877, 40.821050165528547 ] ] ] } },
{ "type": "Feature", "properties": { "hotspot_id": 17, "n_dropoffs": 130, "total_weight": 82.4, "area_sqm": 17524338.844696607, "area_sqkm": 17.524338844696608 }, "geometry": { "type": "Polygon", "coordinates": [ [ [ -73.925095093133805, 40.805447258774585 ], [ -73.925144398680658, 40.805445300423855 ], [ -73.92519373413036, 40.805446760580828 ], [ -73.925242689835784, 40.805451627121364 ], [ -73.925290859302791, 40.805459859637139 ], [ -73.925337842565256, 40.805471389770993 ], [ -73.925383249505956, 40.805486121784703 ], [ -73.929987229810578, 40.807172112490548 ], [ -73.930034220349071, 40.807191547003882 ], [ -73.930078459465321, 40.807214407941707 ], [ -73.930119515860113, 40.80724047242807 ], [ -73.930156989261889, 40.807269486354677 ], [ -73.930190514329084, 40.80730116685811 ], [ -73.930219764211913, 40.807335205077536 ], [ -73.930244453739064, 40.807371269165671 ], [ -73.930264342198143, 40.807409007523951 ], [ -73.930847350931373, 40.808696004960815 ], [ -73.930860967128069, 40.808731042430225 ], [ -73.930870441918074, 40.808766859092074 ], [ -73.930918443763076, 40.809001858871525 ], [ -73.930922573131909, 40.809027263138226 ], [ -73.931079583549547, 40.810323262411302 ], [ -73.931081857788229, 40.810363096612022 ], [ -73.931079050026881, 40.810402911160551 ], [ -73.929911119528342, 40.819073916562211 ], [ -73.929903499270438, 40.819112409229007 ], [ -73.929891127894749, 40.819150183123185 ], [ -73.929874115982145, 40.81918690058037 ], [ -73.929852615596474, 40.819222233379229 ], [ -73.929826818925335, 40.819255865675537 ], [ -73.929796956562399, 40.819287496825638 ], [ -73.929763295446207, 40.819316844073967 ], [ -73.929726136474144, 40.819343645080707 ], [ -73.929685811812718, 40.819367660267076 ], [ -73.929642681928243, 40.819388674956905 ], [ -73.92959713236462, 40.819406501295887 ], [ -73.929549570296786, 40.819420979930797 ], [ -73.926854556438329, 40.820130984035423 ], [ -73.926800446925981, 40.820142884430986 ], [ -73.9267450036469, 40.820150453574151 ], [ -73.926688825630734, 40.820153609684986 ], [ -73.926632519845981, 40.820152318663716 ], [ -73.926576694641653, 40.820146594459047 ], [ -73.926521953174088, 40.820136498917371 ], [ -73.919239913855606, 40.818484489231473 ], [ -73.919191040951603, 40.818471436842344 ], [ -73.919144031865372, 40.818454898850057 ], [ -73.919099316173501, 40.818435026381941 ], [ -73.919057302494025, 40.818412001036265 ], [ -73.919018374752341, 40.818386033222666 ], [ -73.918982888672872, 40.818357360239297 ], [ -73.918951168528238, 40.81832624410432 ], [ -73.915739180354706, 40.814843231875138 ], [ -73.915711210058191, 40.814809541239576 ], [ -73.915687655989117, 40.814773954720877 ], [ -73.915668738619814, 40.814736805429213 ], [ -73.915654635019521, 40.8146984411026 ], [ -73.91564547719716, 40.814659220851901 ], [ -73.91564135086594, 40.814619511799251 ], [ -73.91564229464143, 40.814579685641512 ], [ -73.91564829968037, 40.814540115171155 ], [ -73.915659309763768, 40.814501170786556 ], [ -73.91715834107265, 40.81021917752161 ], [ -73.917177730627017, 40.810174320111443 ], [ -73.918635748668635, 40.807357326420188 ], [ -73.918656599484933, 40.807322010910688 ], [ -73.918681722887356, 40.80728833930317 ], [ -73.918710896813934, 40.807256609207435 ], [ -73.918743863402838, 40.807227101072684 ], [ -73.918780331271648, 40.807200075708764 ], [ -73.91881997809277, 40.807175771981036 ], [ -73.918862453442486, 40.807154404699297 ], [ -73.918907381898038, 40.80713616271921 ], [ -73.923104363750269, 40.805620171097608 ], [ -73.923147508738438, 40.805606289916661 ], [ -73.923192070627238, 40.805595292876141 ], [ -73.923237716209385, 40.805587262205236 ], [ -73.923284104174812, 40.805582257952395 ], [ -73.925095093133805, 40.805447258774585 ] ] ] } },
{ "type": "Feature", "properties": { "hotspot_id": 18, "n_dropoffs": 117, "total_weight": 85.000000000000028, "area_sqm": 2466920.5027299561, "area_sqkm": 2.4669205027299559 }, "geometry": { "type": "Polygon", "coordinates": [ [ [ -73.952991755504002, 40.757625514128186 ], [ -73.953034065625999, 40.757602227674781 ], [ -73.95307912954587, 40.757582149514221 ], [ -73.953126527922137, 40.757565466482426 ], [ -73.953175819691339, 40.75755233382209 ], [ -73.953226546172047, 40.757542873738132 ], [ -73.953278235332988, 40.757537174260513 ], [ -73.953330406185216, 40.757535288425203 ], [ -73.953382573257741, 40.757537233780695 ], [ -73.953434251114686, 40.757542992224629 ], [ -73.953484958872323, 40.757552510172353 ], [ -73.953534224673575, 40.757565699055419 ], [ -73.95358159007867, 40.757582436145753 ], [ -73.953626614330929, 40.757602565697638 ], [ -73.953668878457961, 40.757625900396924 ], [ -73.953707989170454, 40.757652223103911 ], [ -73.953743582521668, 40.757681288873997 ], [ -73.953883582745533, 40.757807288376263 ], [ -73.953918051867916, 40.757841850905059 ], [ -73.953947547571161, 40.757878979238392 ], [ -73.953971742441297, 40.757918261247802 ], [ -73.953990367902648, 40.757959260898033 ], [ -73.954003217199471, 40.758001523086961 ], [ -73.954010147691321, 40.758044578697323 ], [ -73.954103155939407, 40.759066578265475 ], [ -73.954104180428899, 40.759107937038529 ], [ -73.954099741739142, 40.759149165225629 ], [ -73.954089884668392, 40.759189846630704 ], [ -73.954074708713549, 40.759229570576622 ], [ -73.954054367066206, 40.759267936051074 ], [ -73.954029065066464, 40.759304555754802 ], [ -73.953999058130364, 40.759339060011492 ], [ -73.94719107922198, 40.766371085527489 ], [ -73.947157051675902, 40.76640279706357 ], [ -73.947119051268317, 40.766431783348573 ], [ -73.947077051234643, 40.766460783479985 ], [ -73.947035919616994, 40.766486495053478 ], [ -73.946927919376847, 40.766547495353166 ], [ -73.946884012548907, 40.766569852440213 ], [ -73.946837448597151, 40.766588849241757 ], [ -73.946788670962789, 40.766604304845238 ], [ -73.946738144169657, 40.766616072062 ], [ -73.946686349400295, 40.766624038828979 ], [ -73.946633779913284, 40.766628129275972 ], [ -73.946580936345413, 40.766628304448268 ], [ -73.946528321943859, 40.766624562677663 ], [ -73.946476437773214, 40.766616939598315 ], [ -73.946425777943489, 40.766605507807313 ], [ -73.946380777713273, 40.766593507738008 ], [ -73.94633151287691, 40.766578265839968 ], [ -73.946284452374897, 40.766559422894304 ], [ -73.946240050222158, 40.766537160688607 ], [ -73.945800049204692, 40.766292159478809 ], [ -73.945758290791659, 40.766266390438993 ], [ -73.94572010043224, 40.766237599066699 ], [ -73.945685854847255, 40.766206069372068 ], [ -73.945655891843259, 40.766172112376758 ], [ -73.94563050698028, 40.766136063045856 ], [ -73.945609950656561, 40.766098276983463 ], [ -73.945594425638689, 40.766059126924844 ], [ -73.945584085061768, 40.76601899905959 ], [ -73.945579030919205, 40.765978289222005 ], [ -73.945579313056896, 40.765937398986395 ], [ -73.945584928681953, 40.765896731705872 ], [ -73.945595822390644, 40.765856688533511 ], [ -73.946253836559407, 40.763926691497687 ], [ -73.946271071309738, 40.76388527306586 ], [ -73.946293949939928, 40.7638454659674 ], [ -73.946322217721573, 40.763807713393412 ], [ -73.946355559927909, 40.763772435660321 ], [ -73.952524573175666, 40.757922458059895 ], [ -73.952564347569435, 40.757888721719539 ], [ -73.95260875616934, 40.757858513014561 ], [ -73.952991755504002, 40.757625514128186 ] ] ] } },
{ "type": "Feature", "properties": { "hotspot_id": 19, "n_dropoffs": 214, "total_weight": 148.1, "area_sqm": 12846719.546718867, "area_sqkm": 12.846719546718868 }, "geometry": { "type": "Polygon", "coordinates": [ [ [ -73.930044798300855, 40.86160267304529 ], [ -73.930097705839117, 40.861596999720653 ], [ -73.930151091952553, 40.861595306956225 ], [ -73.930204438339032, 40.861597611186326 ], [ -73.930257227082109, 40.861603890040165 ], [ -73.930308945678959, 40.861614082559136 ], [ -73.930359092015749, 40.861628089788489 ], [ -73.930407179242252, 40.861645775738097 ], [ -73.930452740498211, 40.861666968702544 ], [ -73.930495333445791, 40.86169146292815 ], [ -73.930534544563926, 40.861719020610423 ], [ -73.930569993162948, 40.861749374202681 ], [ -73.93060133508061, 40.86178222901345 ], [ -73.930628266023533, 40.861817266067533 ], [ -73.930650524521582, 40.861854145202493 ], [ -73.930667894466609, 40.861892508371312 ], [ -73.930680207210855, 40.861931983118289 ], [ -73.93187024495731, 40.866806977684071 ], [ -73.931877470214403, 40.86684797705346 ], [ -73.931879239668234, 40.866889319881871 ], [ -73.931875535446807, 40.866930588831792 ], [ -73.931866394932541, 40.866971367310541 ], [ -73.931851910385376, 40.867011243675883 ], [ -73.931832228011757, 40.867049815391333 ], [ -73.931807546489182, 40.867086693089618 ], [ -73.931778114960863, 40.867121504503366 ], [ -73.931744230521034, 40.867153898222995 ], [ -73.931706235216083, 40.867183547244316 ], [ -73.931664512591794, 40.86721015226955 ], [ -73.931619483821649, 40.867233444728797 ], [ -73.918469440187096, 40.873323476531965 ], [ -73.918421914803091, 40.873343083434918 ], [ -73.918372052915259, 40.873358999520448 ], [ -73.918320350457392, 40.873371066484388 ], [ -73.918267321670825, 40.873379164306463 ], [ -73.918213493989541, 40.873383212444224 ], [ -73.918159402793918, 40.873383170634114 ], [ -73.918105586085431, 40.87337903929204 ], [ -73.918052579135335, 40.873370859509045 ], [ -73.918000909160384, 40.873358712642826 ], [ -73.917951090078859, 40.873342719508329 ], [ -73.91759108854005, 40.873210718781237 ], [ -73.917559585580491, 40.873198184453138 ], [ -73.913282569941771, 40.871358174660735 ], [ -73.913238624722339, 40.871337093891213 ], [ -73.913197540143301, 40.871312916236562 ], [ -73.913159693649874, 40.871285863819544 ], [ -73.913125432937406, 40.871256185173308 ], [ -73.913095072757059, 40.871224152958177 ], [ -73.913068892024256, 40.87119006145646 ], [ -73.913047131256391, 40.871154223868764 ], [ -73.913029990363356, 40.871116969436734 ], [ -73.913017626811211, 40.871078640417934 ], [ -73.91301015417578, 40.871039588941656 ], [ -73.913007641099483, 40.871000173773801 ], [ -73.913010110661148, 40.870960757020882 ], [ -73.91301754016412, 40.870921700803294 ], [ -73.913029861345322, 40.87088336392862 ], [ -73.913046961002493, 40.87084609859528 ], [ -73.913068682034577, 40.870810247156875 ], [ -73.913094824885249, 40.870776138977241 ], [ -73.9195028547108, 40.863267163952933 ], [ -73.919534838480843, 40.863233524733495 ], [ -73.919571119203098, 40.863202500049347 ], [ -73.919611328463034, 40.863174404937361 ], [ -73.919655057955751, 40.863149524686087 ], [ -73.91970186363217, 40.863128111938877 ], [ -73.919751270207925, 40.863110384128419 ], [ -73.919802775989467, 40.863096521269213 ], [ -73.919855857968315, 40.863086664129462 ], [ -73.930044798300855, 40.86160267304529 ] ] ] } },
{ "type": "Feature", "properties": { "hotspot_id": 20, "n_dropoffs": 127, "total_weight": 88.3, "area_sqm": 22427631.863501024, "area_sqkm": 22.427631863501023 }, "geometry": { "type": "Polygon", "coordinates": [ [ [ -73.807431763898705, 40.697179918911189 ], [ -73.807450730641818, 40.697142696442668 ], [ -73.80747434497728, 40.697107047139554 ], [ -73.807502384853478, 40.697073306210378 ], [ -73.807534586606877, 40.697041790918888 ], [ -73.807570647441324, 40.69701279760077 ], [ -73.807610228275379, 40.696986598877515 ], [ -73.807652956930724, 40.696963441093018 ], [ -73.807698431631721, 40.696943541997214 ], [ -73.807746224783187, 40.69692708869885 ], [ -73.807795886990931, 40.696914235906164 ], [ -73.807846951287161, 40.696905104472137 ], [ -73.807898937521159, 40.696899780258384 ], [ -73.807951356873843, 40.696898313327715 ], [ -73.808003716453783, 40.696900717473447 ], [ -73.808055523931557, 40.696906970089756 ], [ -73.81099550693304, 40.697373967290631 ], [ -73.811044839411935, 40.697383668455146 ], [ -73.811092753816752, 40.697396859247 ], [ -73.811138825056176, 40.697413422639265 ], [ -73.811182644390357, 40.697433211683517 ], [ -73.815904630611968, 40.69980119957652 ], [ -73.815933963596819, 40.699816996103735 ], [ -73.819643955848321, 40.701958985655182 ], [ -73.819681418374998, 40.701982710659074 ], [ -73.819715923311108, 40.702008905278142 ], [ -73.819747190613555, 40.702037356918794 ], [ -73.819774966514643, 40.702067834669393 ], [ -73.819799025581702, 40.702100091174096 ], [ -73.826588079864322, 40.712239062990598 ], [ -73.826610896902679, 40.71227799248927 ], [ -73.826628302024588, 40.712318508477559 ], [ -73.826640108656861, 40.712360176670053 ], [ -73.826646190234996, 40.712402550430213 ], [ -73.826646481560232, 40.71244517555774 ], [ -73.826640979498791, 40.712487595157143 ], [ -73.826629743015999, 40.712529354535036 ], [ -73.826612892544688, 40.712570006074117 ], [ -73.826590608694744, 40.712609114031167 ], [ -73.825382618833927, 40.714460119071511 ], [ -73.825356314838587, 40.714495844671703 ], [ -73.825325476788564, 40.714529405290371 ], [ -73.825290409754729, 40.714560468916048 ], [ -73.825251460646214, 40.714588728239328 ], [ -73.825209014778608, 40.714613903693099 ], [ -73.825163492062202, 40.714635746218406 ], [ -73.825115342847639, 40.714654039728522 ], [ -73.825065043470644, 40.714668603246679 ], [ -73.825013091539489, 40.714679292696715 ], [ -73.824960001011931, 40.714686002328314 ], [ -73.824906297110445, 40.71468866576334 ], [ -73.824852511125911, 40.714687256652518 ], [ -73.824799175161317, 40.714681788936119 ], [ -73.813908111304897, 40.71314177966633 ], [ -73.813857125986189, 40.713132604533094 ], [ -73.813807545893127, 40.713119720238403 ], [ -73.813759835889897, 40.71310324758592 ], [ -73.813714443305685, 40.713083341023832 ], [ -73.813671793740468, 40.713060187196639 ], [ -73.813632287074384, 40.713034003195062 ], [ -73.813596293718405, 40.713005034520521 ], [ -73.805626305245227, 40.705933006333844 ], [ -73.805592582737773, 40.705899792065537 ], [ -73.805563479283393, 40.705864137510538 ], [ -73.805539297361165, 40.705826413244381 ], [ -73.805520288296833, 40.705787011353365 ], [ -73.805506649651065, 40.705746341359571 ], [ -73.805498523166463, 40.70570482596424 ], [ -73.805495993294642, 40.705662896654438 ], [ -73.80551401506753, 40.702979896738348 ], [ -73.805517414353531, 40.702935872024938 ], [ -73.805526981633292, 40.702892376576067 ], [ -73.806727012452583, 40.698797382033824 ], [ -73.806741753104831, 40.698756915860407 ], [ -73.807431763898705, 40.697179918911189 ] ] ] } },
{ "type": "Feature", "properties": { "hotspot_id": 21, "n_dropoffs": 64, "total_weight": 41.1, "area_sqm": 8784241.344595084, "area_sqkm": 8.7842413445950847 }, "geometry": { "type": "Polygon", "coordinates": [ [ [ -73.872120393413681, 40.731050791292468 ], [ -73.872173203911061, 40.731048319223021 ], [ -73.872226079359393, 40.731049781678735 ], [ -73.872278514422391, 40.731055164682829 ], [ -73.872330007972366, 40.731064416789295 ], [ -73.872380067879277, 40.731077449574741 ], [ -73.872428215713853, 40.731094138483321 ], [ -73.872473991319765, 40.731114324017049 ], [ -73.882571960854719, 40.736083298476437 ], [ -73.882613037523768, 40.73610564207609 ], [ -73.88265119786216, 40.736130800372877 ], [ -73.882686109699975, 40.736158554376495 ], [ -73.88271746914269, 40.736188662502087 ], [ -73.88274500321657, 40.73622086267293 ], [ -73.882768472244763, 40.73625487460172 ], [ -73.882787671933784, 40.736290402230196 ], [ -73.882802435151959, 40.736327136306109 ], [ -73.88281263338439, 40.736364757075187 ], [ -73.882818177851945, 40.736402937064277 ], [ -73.882945190149528, 40.737925936474085 ], [ -73.882946008104909, 40.737964951469564 ], [ -73.882941966592384, 40.738003850142952 ], [ -73.88293310190538, 40.73804228309649 ], [ -73.882919493660651, 40.738079905115029 ], [ -73.882901264083415, 40.738116378266945 ], [ -73.882878576909789, 40.738151374939441 ], [ -73.882851635916225, 40.738184580781429 ], [ -73.882820683089392, 40.738215697527188 ], [ -73.882785996452768, 40.738244445675534 ], [ -73.879476996189908, 40.740738456520205 ], [ -73.879437525464354, 40.740765420215972 ], [ -73.879394773909752, 40.740789315468639 ], [ -73.879349152211432, 40.740809912730846 ], [ -73.879301098627721, 40.740827014136826 ], [ -73.879251074779845, 40.740840455403323 ], [ -73.879199561217106, 40.740850107407844 ], [ -73.879147052800477, 40.74085587742907 ], [ -73.879094053948421, 40.740857710037723 ], [ -73.879041073790972, 40.740855587628921 ], [ -73.878988621278609, 40.740849530591461 ], [ -73.878937200292711, 40.740839597111872 ], [ -73.874456176314794, 40.739793590990551 ], [ -73.874409396679255, 40.7397808557904 ], [ -73.874364349410683, 40.739764911623872 ], [ -73.874321414065662, 40.739745892832815 ], [ -73.874280952405272, 40.739723959665056 ], [ -73.874243305346994, 40.739699296924094 ], [ -73.870168303376673, 40.736771283894392 ], [ -73.870130644256008, 40.736741355500861 ], [ -73.870097129911429, 40.736708699879763 ], [ -73.870068099673077, 40.736673647672873 ], [ -73.868653108960316, 40.734757641928304 ], [ -73.868627653007636, 40.734718428812585 ], [ -73.868607808847031, 40.734677382959518 ], [ -73.868593800378449, 40.734634967507645 ], [ -73.8680178175686, 40.732392964875203 ], [ -73.868010088040236, 40.732352066333732 ], [ -73.868007786382833, 40.732310784404518 ], [ -73.868010935768396, 40.732269534874938 ], [ -73.868019504466631, 40.73222873320524 ], [ -73.868033406164969, 40.732188790344175 ], [ -73.868052500838246, 40.73215010858992 ], [ -73.86807659615944, 40.732113077538344 ], [ -73.868105449437024, 40.732078070159041 ], [ -73.868651451457737, 40.731484072242814 ], [ -73.868682686324618, 40.731453295220192 ], [ -73.868717598458673, 40.731424896860425 ], [ -73.868755876487711, 40.731399130437424 ], [ -73.868797179021641, 40.731376225751639 ], [ -73.868841137697203, 40.73135638708056 ], [ -73.868887360463205, 40.73133979135703 ], [ -73.868935435076978, 40.731326586591223 ], [ -73.868984932780862, 40.731316890550794 ], [ -73.869035412125953, 40.731310789710484 ], [ -73.872120393413681, 40.731050791292468 ] ] ] } },
{ "type": "Feature", "properties": { "hotspot_id": 22, "n_dropoffs": 317, "total_weight": 210.0, "area_sqm": 36488837.508323207, "area_sqkm": 36.488837508323208 }, "geometry": { "type": "Polygon", "coordinates": [ [ [ -73.839409773760593, 40.71607243749105 ], [ -73.839457772076258, 40.716060946467103 ], [ -73.839506965713383, 40.716052897639848 ], [ -73.839556929271339, 40.71604836061131 ], [ -73.839607230691954, 40.716047374615236 ], [ -73.839657434995573, 40.716049948178011 ], [ -73.839707108042333, 40.716056059044838 ], [ -73.839755820286143, 40.716065654372215 ], [ -73.856081733135355, 40.719904631917018 ], [ -73.856132382326493, 40.719918675864989 ], [ -73.856180943648383, 40.719936484333516 ], [ -73.856226935168309, 40.719957880588346 ], [ -73.856269900455459, 40.719982652289126 ], [ -73.856309413110623, 40.720010553596801 ], [ -73.85634508099767, 40.720041307613116 ], [ -73.864620099238195, 40.727935277480675 ], [ -73.864652160647736, 40.727969266342001 ], [ -73.864679522627057, 40.728005554902147 ], [ -73.864701902661821, 40.72804376848962 ], [ -73.866194921639604, 40.730986762002864 ], [ -73.866210860239278, 40.731023136838722 ], [ -73.866222281452309, 40.731060481869669 ], [ -73.866229086215469, 40.731098473204412 ], [ -73.866231215503475, 40.731136781345782 ], [ -73.866228650840995, 40.731175074048359 ], [ -73.865693684156582, 40.735336076527787 ], [ -73.865690453049496, 40.735356119321828 ], [ -73.865455462569201, 40.736567120404374 ], [ -73.865444392874196, 40.736608993758963 ], [ -73.865427679523478, 40.736649769445464 ], [ -73.865405502380554, 40.736689008624694 ], [ -73.86537810011302, 40.736726288993054 ], [ -73.865345767624135, 40.736761209327568 ], [ -73.865308852879451, 40.736793393804014 ], [ -73.864352853153108, 40.737544397002004 ], [ -73.864316891327661, 40.737570180116499 ], [ -73.864277987773335, 40.737593360902622 ], [ -73.864236466790388, 40.737613746123536 ], [ -73.864192674499151, 40.737631165846217 ], [ -73.864146975954711, 40.737645474858233 ], [ -73.861862964385935, 40.738269478453283 ], [ -73.86181402316609, 40.738280892493485 ], [ -73.861763883226786, 40.738288738834164 ], [ -73.861712993025449, 40.738292947296713 ], [ -73.861661807730343, 40.738293480240124 ], [ -73.861610785149182, 40.738290332897641 ], [ -73.86156038163432, 40.738283533419519 ], [ -73.861511048000779, 40.738273142621111 ], [ -73.861463225493878, 40.738259253438976 ], [ -73.861417341842582, 40.738241990099517 ], [ -73.861373807433651, 40.738221507007893 ], [ -73.850064776936705, 40.732319477215491 ], [ -73.850019259560938, 40.732292912806031 ], [ -73.84797925698615, 40.730965906631894 ], [ -73.847952257856832, 40.730947104336096 ], [ -73.83583625571562, 40.721916064844571 ], [ -73.835796052605517, 40.721882596659889 ], [ -73.835760930315701, 40.721845968100645 ], [ -73.83573131478569, 40.72180662338242 ], [ -73.835707565169443, 40.72176503966039 ], [ -73.834027587830661, 40.718315032322458 ], [ -73.834011536205963, 40.718276301500175 ], [ -73.834000577656084, 40.718236555884175 ], [ -73.833994818793641, 40.71819618218165 ], [ -73.83399431564024, 40.718155573210112 ], [ -73.833999073081742, 40.718115124075382 ], [ -73.834009044821116, 40.718075228327429 ], [ -73.834024133829217, 40.71803627413135 ], [ -73.834044193289188, 40.717998640490848 ], [ -73.834069028025269, 40.717962693560537 ], [ -73.834098396401984, 40.717928783083892 ], [ -73.834132012675383, 40.717897238990119 ], [ -73.834169549773307, 40.717868368184625 ], [ -73.834210642477728, 40.717842451562802 ], [ -73.834254890978187, 40.717819741277388 ], [ -73.834301864761642, 40.717800458285154 ], [ -73.837874849384605, 40.716502465456344 ], [ -73.837921781231188, 40.71648743510552 ], [ -73.839409773760593, 40.71607243749105 ] ] ] } },
{ "type": "Feature", "properties": { "hotspot_id": 23, "n_dropoffs": 1200, "total_weight": 723.7, "area_sqm": 6490523.025092259, "area_sqkm": 6.4905230250922594 }, "geometry": { "type": "Polygon", "coordinates": [ [ [ -73.876032431920549, 40.76743900943103 ], [ -73.876079754014086, 40.767431544197692 ], [ -73.876127763085947, 40.767427316561509 ], [ -73.87617607672766, 40.767426360197035 ], [ -73.87622431010486, 40.767428682722048 ], [ -73.878398296900244, 40.767607681632846 ], [ -73.878453936441929, 40.767614505065055 ], [ -73.878508341876625, 40.767625688189945 ], [ -73.878560923908879, 40.767641109876962 ], [ -73.878611112992417, 40.767660603085346 ], [ -73.878658365499021, 40.767683956673302 ], [ -73.878702169606669, 40.767710917684838 ], [ -73.878742050843258, 40.767741194089552 ], [ -73.880324052338835, 40.769074188623961 ], [ -73.880357658777257, 40.76910546088736 ], [ -73.880387073924211, 40.769139085784602 ], [ -73.880412014782095, 40.769174739824251 ], [ -73.880432241397401, 40.76921207999289 ], [ -73.880447559169454, 40.769250747054862 ], [ -73.880457820722853, 40.769290369008338 ], [ -73.880462927325709, 40.769330564664195 ], [ -73.880462829839686, 40.769370947313263 ], [ -73.880457529193237, 40.769411128446585 ], [ -73.880447076372974, 40.769450721493278 ], [ -73.880431571933542, 40.76948934553964 ], [ -73.880411165030495, 40.769526628993702 ], [ -73.88038605198561, 40.769562213160476 ], [ -73.880356474398525, 40.769595755692812 ], [ -73.876179486829017, 40.773863771286045 ], [ -73.876142054699386, 40.773897986858863 ], [ -73.876099983367652, 40.77392893108987 ], [ -73.876053764391074, 40.773956242425314 ], [ -73.875037761715774, 40.774492245120484 ], [ -73.874998392066502, 40.774511161542939 ], [ -73.874957030072096, 40.774527436533404 ], [ -73.874913981632545, 40.774540949726777 ], [ -73.873476974385298, 40.774937952010433 ], [ -73.873415218190715, 40.774951913055155 ], [ -73.873351718081381, 40.774960200021361 ], [ -73.872604713547631, 40.775023200404583 ], [ -73.872541171694152, 40.775025700360587 ], [ -73.87198316824454, 40.775022700342227 ], [ -73.87192850595612, 40.775020302187386 ], [ -73.871874441553814, 40.775013720477006 ], [ -73.871821527646631, 40.775003022484853 ], [ -73.871202524377836, 40.774852021604858 ], [ -73.871158546552849, 40.774839673350428 ], [ -73.871116138305311, 40.774824479978612 ], [ -73.871075617427834, 40.774806555343652 ], [ -73.870632616070793, 40.774590554230876 ], [ -73.870598306593095, 40.774572366516189 ], [ -73.867525300109236, 40.772805357890761 ], [ -73.867483972671636, 40.772779034783852 ], [ -73.867446292919055, 40.772749718106624 ], [ -73.867412634307243, 40.77271769842968 ], [ -73.867383330435217, 40.772683293113822 ], [ -73.867358671738856, 40.772646843164402 ], [ -73.867338902612616, 40.772608709851468 ], [ -73.867324218987363, 40.772569271128937 ], [ -73.867314766388759, 40.772528917888401 ], [ -73.867310638495226, 40.772488050084917 ], [ -73.867311876209911, 40.772447072772813 ], [ -73.867318467255529, 40.772406392091042 ], [ -73.867330346296612, 40.772366411237854 ], [ -73.867347395587274, 40.772327526474555 ], [ -73.867369446138724, 40.772290123198133 ], [ -73.869166460529598, 40.769608130648891 ], [ -73.869191357167111, 40.769574886999393 ], [ -73.869220204786231, 40.769543543678296 ], [ -73.869252754330731, 40.769514371282654 ], [ -73.869288724785562, 40.769487621666897 ], [ -73.869327805603035, 40.769463525768572 ], [ -73.86936965938385, 40.769442291614581 ], [ -73.869413924790052, 40.769424102525406 ], [ -73.873439907575403, 40.767949110658215 ], [ -73.873489752407153, 40.76793312824033 ], [ -73.873541445877336, 40.767921006572045 ], [ -73.876032431920549, 40.76743900943103 ] ] ] } },
{ "type": "Feature", "properties": { "hotspot_id": 24, "n_dropoffs": 622, "total_weight": 358.5, "area_sqm": 716778.68659973377, "area_sqkm": 0.71677868659973376 }, "geometry": { "type": "Polygon", "coordinates": [ [ [ -73.862809999357069, 40.766760288868554 ], [ -73.862857662464307, 40.766761886745847 ], [ -73.86290495560398, 40.76676666806074 ], [ -73.863384952775377, 40.766831667669081 ], [ -73.863433781788004, 40.766840066980578 ], [ -73.863481381896548, 40.766851858922863 ], [ -73.863527346261691, 40.766866942710053 ], [ -73.863571282024012, 40.766885189420734 ], [ -73.863612813661817, 40.766906443099899 ], [ -73.863651586200518, 40.766930522091677 ], [ -73.863912585965863, 40.767108521280655 ], [ -73.863951385925546, 40.767137800626998 ], [ -73.863986105447722, 40.767169905014931 ], [ -73.864016390690253, 40.767204507259997 ], [ -73.864041933000536, 40.767241254720844 ], [ -73.864062472061164, 40.767279772893062 ], [ -73.864077798543207, 40.767319669225678 ], [ -73.864087756239911, 40.76736053712181 ], [ -73.864092243658916, 40.767401960082211 ], [ -73.86409121505703, 40.767443515950099 ], [ -73.864084680906856, 40.767484781213327 ], [ -73.863794690876176, 40.768766782543267 ], [ -73.863782908405184, 40.768806813096873 ], [ -73.863765944909858, 40.768845753542536 ], [ -73.863743968779318, 40.768883217315228 ], [ -73.863717198164608, 40.768918832508284 ], [ -73.863685898813344, 40.768952245565515 ], [ -73.863650381431782, 40.768983124791077 ], [ -73.863610998600578, 40.769011163642418 ], [ -73.863568141274854, 40.769036083773329 ], [ -73.863522234902987, 40.769057637797459 ], [ -73.863473735203215, 40.769075611744093 ], [ -73.862694731582749, 40.769328613168106 ], [ -73.862646828758159, 40.769342176075831 ], [ -73.862597457271988, 40.769352244648061 ], [ -73.862547057034917, 40.769358729171508 ], [ -73.862496077124504, 40.769361571867563 ], [ -73.862444971783603, 40.769360747407219 ], [ -73.86239419637279, 40.769356263136523 ], [ -73.862344203312659, 40.769348159011372 ], [ -73.862295438052556, 40.769336507241434 ], [ -73.862248335101242, 40.769321411646551 ], [ -73.862203314155138, 40.769303006731811 ], [ -73.862160776358664, 40.769281456488919 ], [ -73.861487774827552, 40.768904454631276 ], [ -73.861450734851402, 40.768881730067939 ], [ -73.861416462500699, 40.768856620567703 ], [ -73.861266462569233, 40.768736620061738 ], [ -73.861218335808289, 40.768692294370396 ], [ -73.86070633757474, 40.768147292431621 ], [ -73.860678364694678, 40.768114296021082 ], [ -73.860654652455594, 40.76807942407136 ], [ -73.860635416432501, 40.768042993623709 ], [ -73.860620831503596, 40.76800533588807 ], [ -73.860611030260586, 40.767966793231849 ], [ -73.860606101803484, 40.767927716067071 ], [ -73.860599102702921, 40.767816716034531 ], [ -73.860598564254957, 40.76778980395963 ], [ -73.860600564962041, 40.767702803968923 ], [ -73.860606121316309, 40.76765073973931 ], [ -73.860694124939286, 40.767190740144578 ], [ -73.860704134862587, 40.767151739496697 ], [ -73.860719043265306, 40.767113654167559 ], [ -73.860738711266222, 40.767076838924993 ], [ -73.860762955648966, 40.767041636705358 ], [ -73.860791550568862, 40.767008375419024 ], [ -73.86082422965697, 40.766977364896057 ], [ -73.860860688501461, 40.76694889400013 ], [ -73.860900587483286, 40.76692322793788 ], [ -73.860943554939823, 40.766900605788678 ], [ -73.860989190626867, 40.766881238277499 ], [ -73.86103706944688, 40.76686530581236 ], [ -73.861086745408613, 40.766852956803689 ], [ -73.861137755781428, 40.766844306282096 ], [ -73.86118962540526, 40.766839434826906 ], [ -73.862561616994682, 40.766761435302975 ], [ -73.86260200064288, 40.766760288868554 ], [ -73.862809999357069, 40.766760288868554 ] ] ] } },
{ "type": "Feature", "properties": { "hotspot_id": 25, "n_dropoffs": 56, "total_weight": 40.2, "area_sqm": 402189.38168047444, "area_sqkm": 0.40218938168047447 }, "geometry": { "type": "Polygon", "coordinates": [ [ [ -73.866564178695256, 40.766977586534878 ], [ -73.866603743356364, 40.766951282687387 ], [ -73.866646475532164, 40.766928018848958 ], [ -73.866691972685558, 40.766908014163235 ], [ -73.866739806234833, 40.766891457072767 ], [ -73.866789525590647, 40.766878503543914 ], [ -73.866840662400534, 40.766869275597642 ], [ -73.866892734960402, 40.766863860160321 ], [ -73.866945252751961, 40.766862308244782 ], [ -73.866997721063157, 40.766864634469975 ], [ -73.867049645647981, 40.766870816923038 ], [ -73.867100537382001, 40.766880797365893 ], [ -73.867149916869607, 40.766894481783794 ], [ -73.86719731895964, 40.766911741270761 ], [ -73.867242297126921, 40.766932413243957 ], [ -73.867284427678257, 40.766956302975025 ], [ -73.867323313743597, 40.766983185424337 ], [ -73.868100313757978, 40.767575182864896 ], [ -73.868134764118381, 40.767604041652433 ], [ -73.868165471123106, 40.767635247730453 ], [ -73.868192159617877, 40.7676685214781 ], [ -73.868214590454997, 40.76770356474691 ], [ -73.868232562636408, 40.767740063532116 ], [ -73.868245915114954, 40.767777690786374 ], [ -73.868254528237614, 40.767816109350022 ], [ -73.868258324818001, 40.76785497497238 ], [ -73.868257270828266, 40.767893939396252 ], [ -73.868251375704247, 40.767932653478489 ], [ -73.868240692261296, 40.76797077031862 ], [ -73.867924698943511, 40.768883771740654 ], [ -73.8679100229337, 40.768919491446752 ], [ -73.867891141540582, 40.768954050471798 ], [ -73.867868210749862, 40.768987163300089 ], [ -73.867841420002918, 40.769018556363463 ], [ -73.867810990631753, 40.769047970301671 ], [ -73.867777174030707, 40.769075162104969 ], [ -73.8676191739833, 40.769191162615705 ], [ -73.86757790205435, 40.769218536275879 ], [ -73.867533204327785, 40.769242600438801 ], [ -73.867485538024724, 40.769263108945999 ], [ -73.867435390734045, 40.769279852010484 ], [ -73.867383275424572, 40.769292658362851 ], [ -73.867329725197607, 40.769301397003311 ], [ -73.867275287833422, 40.769305978541787 ], [ -73.867220520187544, 40.769306356112409 ], [ -73.867165982494242, 40.769302525852915 ], [ -73.867112232635407, 40.769294526944122 ], [ -73.866964231802527, 40.769266526777834 ], [ -73.86692098597824, 40.769256875667786 ], [ -73.866878945550681, 40.769244523917855 ], [ -73.866838401733474, 40.769229557088785 ], [ -73.866728401307995, 40.769184556846248 ], [ -73.866684091594905, 40.769164299054353 ], [ -73.866642525025227, 40.769140920828853 ], [ -73.866604080525178, 40.769114635290322 ], [ -73.866569108558323, 40.769085682062745 ], [ -73.866537927930722, 40.769054325089002 ], [ -73.866510822884706, 40.769020850224472 ], [ -73.866488040507747, 40.768985562631237 ], [ -73.866469788480259, 40.768948783995953 ], [ -73.865956796825557, 40.767743781724754 ], [ -73.865942549295298, 40.767703429560605 ], [ -73.865933754263779, 40.767662187324213 ], [ -73.865930502295541, 40.76762047974448 ], [ -73.865932826870136, 40.767578736341839 ], [ -73.865940704037897, 40.767537387004822 ], [ -73.865954052666794, 40.767496857562968 ], [ -73.865972735278561, 40.767457565401493 ], [ -73.865996559464747, 40.767419915162947 ], [ -73.86602527986868, 40.767384294580225 ], [ -73.866058600712307, 40.767351070483663 ], [ -73.866096178842639, 40.767320585023405 ], [ -73.866564178695256, 40.766977586534878 ] ] ] } },
{ "type": "Feature", "properties": { "hotspot_id": 26, "n_dropoffs": 690, "total_weight": 413.5, "area_sqm": 1145745.4132602606, "area_sqkm": 1.1457454132602607 }, "geometry": { "type": "Polygon", "coordinates": [ [ [ -73.863179512927104, 40.768423023391378 ], [ -73.863226953244549, 40.768406810350271 ], [ -73.863276220599417, 40.768394132384408 ], [ -73.863326860485628, 40.768385106451611 ], [ -73.863378405735773, 40.768379815818619 ], [ -73.863430380830692, 40.768378309292935 ], [ -73.863482306285974, 40.768380600772716 ], [ -73.863533703075177, 40.768386669118428 ], [ -73.863584097048602, 40.768396458347915 ], [ -73.866721080262366, 40.769129454059509 ], [ -73.866768389195656, 40.769142362946596 ], [ -73.866813920083985, 40.769158551064621 ], [ -73.86685728067674, 40.769177878952739 ], [ -73.866898097419508, 40.769200180100789 ], [ -73.866936018672192, 40.769225262383721 ], [ -73.867323018520153, 40.769506261139973 ], [ -73.867358815626446, 40.769534871518367 ], [ -73.867390843004017, 40.769565957527647 ], [ -73.867418806040249, 40.769599233220013 ], [ -73.867442447507585, 40.76963439250504 ], [ -73.86746154992997, 40.769671111965422 ], [ -73.867475937583322, 40.769709053831846 ], [ -73.867653941847479, 40.7702800530259 ], [ -73.867663471364281, 40.770318806442873 ], [ -73.86766808161812, 40.770358075147975 ], [ -73.867667730325778, 40.77039749906006 ], [ -73.867662420699702, 40.770436716674034 ], [ -73.867652201418906, 40.770475368375919 ], [ -73.867637166182917, 40.770513099740405 ], [ -73.867617452852869, 40.770549564780744 ], [ -73.867593242187624, 40.770584429121577 ], [ -73.86674924713661, 40.771670432502745 ], [ -73.866719529414766, 40.771704655912828 ], [ -73.866685480819015, 40.771736462001655 ], [ -73.866647439144884, 40.771765535216048 ], [ -73.866605781805347, 40.77179158711575 ], [ -73.866560922086535, 40.771814359235087 ], [ -73.866513305047363, 40.771833625647488 ], [ -73.866463403103978, 40.77184919520699 ], [ -73.866411711342693, 40.771860913444741 ], [ -73.866358742607858, 40.771868664101589 ], [ -73.866305022413712, 40.771872370281542 ], [ -73.866251083730248, 40.771871995214781 ], [ -73.866197461695265, 40.771867542622417 ], [ -73.866144688304857, 40.771859056679588 ], [ -73.866093287135072, 40.771846621577239 ], [ -73.865780285576207, 40.771757621067046 ], [ -73.865720203695517, 40.771737296085149 ], [ -73.865663805301736, 40.7717115845237 ], [ -73.863938800639147, 40.770812579985332 ], [ -73.86388736013717, 40.770782155574707 ], [ -73.863549359781786, 40.770556154536024 ], [ -73.863538655735411, 40.770548802807305 ], [ -73.862876655318345, 40.770081800712042 ], [ -73.862839541121559, 40.77005291737219 ], [ -73.862806326951087, 40.770021408923931 ], [ -73.862777332281283, 40.769987578440386 ], [ -73.862752835998734, 40.769951751329337 ], [ -73.862733073719895, 40.769914272203131 ], [ -73.862718235524937, 40.769875501563888 ], [ -73.862708464129739, 40.769835812335792 ], [ -73.862703853513381, 40.769795586278079 ], [ -73.862658860840213, 40.768892586068837 ], [ -73.862659351733996, 40.768853552595644 ], [ -73.862664702708486, 40.768814729910815 ], [ -73.862674865653432, 40.768776467005075 ], [ -73.862689749202573, 40.768739107836495 ], [ -73.862709219555128, 40.768702988238566 ], [ -73.862733101678856, 40.768668432901379 ], [ -73.862761180883723, 40.768635752452894 ], [ -73.862793204752066, 40.768605240666744 ], [ -73.862828885407637, 40.768577171821448 ], [ -73.862867902103673, 40.768551798234959 ], [ -73.862909904106047, 40.768529347996598 ], [ -73.862954513846233, 40.768510022916757 ], [ -73.863179512927104, 40.768423023391378 ] ] ] } },
{ "type": "Feature", "properties": { "hotspot_id": 27, "n_dropoffs": 226, "total_weight": 134.7, "area_sqm": 11848254.111911302, "area_sqkm": 11.848254111911302 }, "geometry": { "type": "Polygon", "coordinates": [ [ [ -73.885412274660965, 40.763511175031795 ], [ -73.885439973271801, 40.763476036868404 ], [ -73.885472127412598, 40.763443165599085 ], [ -73.885508418732286, 40.763412886668576 ], [ -73.885548487920815, 40.763385499855538 ], [ -73.885591938266543, 40.763361276304636 ], [ -73.885638339583963, 40.763340455842254 ], [ -73.885687232472748, 40.763323244602134 ], [ -73.885738132865825, 40.763309812984616 ], [ -73.885790536821858, 40.763300293969714 ], [ -73.885843925514237, 40.763294781800568 ], [ -73.885897770367478, 40.763293331050463 ], [ -73.892789727777654, 40.763368330591483 ], [ -73.892844398363223, 40.763371031414842 ], [ -73.892898430195217, 40.76337791878008 ], [ -73.892951270165383, 40.763388922183239 ], [ -73.893002377365576, 40.763403928985696 ], [ -73.893051228624557, 40.763422785567073 ], [ -73.893097323863373, 40.763445298897665 ], [ -73.893140191214343, 40.763471238514533 ], [ -73.893179391851362, 40.763500338880377 ], [ -73.893214524482005, 40.763532302101822 ], [ -73.893245229455459, 40.763566800978651 ], [ -73.895647242750357, 40.766583791416018 ], [ -73.895672456951971, 40.766619273696712 ], [ -73.895692984193829, 40.766656461358423 ], [ -73.895708627499829, 40.766694997568806 ], [ -73.895719236756619, 40.766734512554947 ], [ -73.896802278835779, 40.772096507573721 ], [ -73.896807674896067, 40.772135552411108 ], [ -73.896808154566372, 40.77217481047024 ], [ -73.896803713476373, 40.772213924774917 ], [ -73.896794392000658, 40.772252539655369 ], [ -73.896780274891952, 40.772290303982643 ], [ -73.896761490510755, 40.772326874361298 ], [ -73.896738209658395, 40.772361918252074 ], [ -73.896710644024168, 40.772395116995753 ], [ -73.896679044260608, 40.772426168710908 ], [ -73.896643697704434, 40.772454791038861 ], [ -73.896604925763825, 40.77248072371156 ], [ -73.896563080995904, 40.772503730918139 ], [ -73.896518543900811, 40.772523603449272 ], [ -73.896471719461744, 40.772540160599824 ], [ -73.896423033462227, 40.772553251811971 ], [ -73.896372928614284, 40.772562758044302 ], [ -73.886437870772554, 40.774068767083776 ], [ -73.886385631146567, 40.774074686944935 ], [ -73.886332881413665, 40.774076710160656 ], [ -73.886280123297297, 40.774074817487325 ], [ -73.886227858600634, 40.774069026926881 ], [ -73.886176584433471, 40.774059393555603 ], [ -73.886126788483807, 40.77404600900023 ], [ -73.886078944378951, 40.774029000566387 ], [ -73.886033507180599, 40.77400853002765 ], [ -73.88511350450554, 40.773546527668273 ], [ -73.885072382331046, 40.77352369559307 ], [ -73.885034262799124, 40.773498028201551 ], [ -73.884999482930013, 40.773469752425228 ], [ -73.884968350216013, 40.773439118256697 ], [ -73.884941139902978, 40.77340639653918 ], [ -73.88479614083181, 40.773212395952584 ], [ -73.88477524498289, 40.7731814663412 ], [ -73.884757856585139, 40.773149306624305 ], [ -73.884744099656373, 40.773116146181479 ], [ -73.884666101258318, 40.772896145831069 ], [ -73.884662133326131, 40.772884251240363 ], [ -73.883246167114436, 40.768357244830291 ], [ -73.883244271103649, 40.768350964682057 ], [ -73.882927279325642, 40.767261963241786 ], [ -73.882918166866958, 40.767220919929223 ], [ -73.88291455171337, 40.767179386830257 ], [ -73.882916470805839, 40.767137788462968 ], [ -73.882923904518648, 40.767096550011814 ], [ -73.882936776860461, 40.767056092981676 ], [ -73.882954956251467, 40.767016830889659 ], [ -73.882978256868682, 40.76697916503857 ], [ -73.885412274660965, 40.763511175031795 ] ] ] } },
{ "type": "Feature", "properties": { "hotspot_id": 28, "n_dropoffs": 174, "total_weight": 122.9, "area_sqm": 4083988.4255682398, "area_sqkm": 4.0839884255682399 }, "geometry": { "type": "Polygon", "coordinates": [ [ [ -73.940631973363921, 40.831879388847881 ], [ -73.940675371327004, 40.831857307010772 ], [ -73.940721366150171, 40.831838500606374 ], [ -73.940769530686111, 40.831823144286261 ], [ -73.940819417638835, 40.83181138066162 ], [ -73.940870563717411, 40.831803318978899 ], [ -73.940922493938317, 40.831799034105295 ], [ -73.940974726036259, 40.831798565833566 ], [ -73.941026774942628, 40.831801918512461 ], [ -73.945649747093682, 40.832270915668133 ], [ -73.945707861656302, 40.832279283163274 ], [ -73.945764429869982, 40.832292410409998 ], [ -73.945818778138161, 40.832310141093416 ], [ -73.94587025929728, 40.832332264082268 ], [ -73.949177249126052, 40.833940255796229 ], [ -73.949220455113803, 40.833963601953485 ], [ -73.949260451236015, 40.833990042640565 ], [ -73.94929685477797, 40.834019324854552 ], [ -73.949329317399915, 40.834051168402517 ], [ -73.949357528470273, 40.83408526858247 ], [ -73.949381218038098, 40.834121299098769 ], [ -73.949400159416342, 40.834158915184489 ], [ -73.949414171351251, 40.834197756900124 ], [ -73.949423119756986, 40.834237452577774 ], [ -73.94942691899891, 40.834277622377499 ], [ -73.949425532713462, 40.834317881921926 ], [ -73.94941897415643, 40.834357845974196 ], [ -73.94874599692433, 40.837283849054913 ], [ -73.948735204551369, 40.837320708224922 ], [ -73.948720011173478, 40.837356661405451 ], [ -73.948700544584852, 40.837391406171328 ], [ -73.948676968525177, 40.83742465026161 ], [ -73.948649481302397, 40.837456114038162 ], [ -73.948333482304534, 40.837784115223222 ], [ -73.94830266789269, 40.837813230016351 ], [ -73.948268505679366, 40.837840103761522 ], [ -73.94823127689358, 40.837864515226585 ], [ -73.948191288010193, 40.837886263449342 ], [ -73.948148868227065, 40.837905169392016 ], [ -73.946982863619482, 40.838372171919403 ], [ -73.94693378699489, 40.838389507444731 ], [ -73.946882678792107, 40.838403039719687 ], [ -73.946830048514315, 40.83841263383929 ], [ -73.946776420839257, 40.8384181941585 ], [ -73.946722330388425, 40.838419665245716 ], [ -73.946668316396995, 40.838417032435494 ], [ -73.946614917337953, 40.838410321974685 ], [ -73.9465626655535, 40.838399600760759 ], [ -73.946512081947958, 40.838384975674892 ], [ -73.946463670794458, 40.838366592516422 ], [ -73.946417914707581, 40.838344634549216 ], [ -73.943124906306238, 40.836583625739465 ], [ -73.943083465720449, 40.836559098323491 ], [ -73.943045346075792, 40.836531639229484 ], [ -73.943010905446442, 40.836501506395486 ], [ -73.940028912484067, 40.833621495502811 ], [ -73.940027036033428, 40.833619672602957 ], [ -73.939459037446298, 40.833064670518894 ], [ -73.939428088551381, 40.833031106703999 ], [ -73.93940168570316, 40.832995372407829 ], [ -73.939380090444544, 40.832957821619424 ], [ -73.939363516692637, 40.832918826321645 ], [ -73.93935212861993, 40.832878772806247 ], [ -73.93934603902828, 40.832838057847077 ], [ -73.939345308231921, 40.832797084769574 ], [ -73.939349943460257, 40.832756259455373 ], [ -73.939359898786748, 40.832715986321652 ], [ -73.939375075584181, 40.832676664314931 ], [ -73.93939532350204, 40.83263868295915 ], [ -73.939420441956301, 40.832602418497139 ], [ -73.939450182116516, 40.832568230163552 ], [ -73.939484249371205, 40.832536456626507 ], [ -73.939522306246261, 40.832507412632786 ], [ -73.939563975748158, 40.832481385890048 ], [ -73.940631973363921, 40.831879388847881 ] ] ] } },
{ "type": "Feature", "properties": { "hotspot_id": 29, "n_dropoffs": 322, "total_weight": 224.0, "area_sqm": 7364593.9086562935, "area_sqkm": 7.3645939086562935 }, "geometry": { "type": "Polygon", "coordinates": [ [ [ -73.939923620698224, 40.846330322635531 ], [ -73.939974848521572, 40.846331705189705 ], [ -73.940025675433262, 40.846336755512588 ], [ -73.940075647079183, 40.846345428458136 ], [ -73.940124316750229, 40.846357646496749 ], [ -73.940171249375354, 40.846373300408338 ], [ -73.940216025410621, 40.846392250258603 ], [ -73.940258244589373, 40.846414326649892 ], [ -73.940297529500356, 40.846439332235398 ], [ -73.940333528961375, 40.846467043483209 ], [ -73.940365921158573, 40.84649721267445 ], [ -73.94107192331164, 40.847222210037167 ], [ -73.941101892149518, 40.847256435174081 ], [ -73.941797896165838, 40.848144432395486 ], [ -73.941820437805632, 40.848176298662374 ], [ -73.941839209001785, 40.848209544410381 ], [ -73.941854064846169, 40.848243913002293 ], [ -73.941864890654315, 40.848279139132821 ], [ -73.942657915483196, 40.851491135511857 ], [ -73.942664933187544, 40.851529389637911 ], [ -73.942667198975769, 40.851567974781453 ], [ -73.942664692898546, 40.851606551356873 ], [ -73.94265743700349, 40.851644779853473 ], [ -73.942645495141406, 40.851682323823297 ], [ -73.942628972404634, 40.851718852842382 ], [ -73.94260801420242, 40.851754045418829 ], [ -73.94256301456241, 40.851821045605043 ], [ -73.942544526660186, 40.851846335754679 ], [ -73.939616543105146, 40.855539347407401 ], [ -73.939580912724992, 40.855578880957232 ], [ -73.939307913419384, 40.855846881960318 ], [ -73.939273805441985, 40.855877208304634 ], [ -73.93923599312707, 40.855904886804204 ], [ -73.937538991269435, 40.857031891993849 ], [ -73.937498753106539, 40.857056157966213 ], [ -73.936486750655646, 40.857609160712101 ], [ -73.936479207444933, 40.857613208985285 ], [ -73.935443204715071, 40.858159211729287 ], [ -73.93540848293641, 40.858176063512033 ], [ -73.935372175846325, 40.858190864603657 ], [ -73.935240175287717, 40.858239864872971 ], [ -73.935192739920026, 40.858255393958821 ], [ -73.935143573535285, 40.858267425530741 ], [ -73.935093122331182, 40.858275850398897 ], [ -73.935041844166193, 40.85828059210526 ], [ -73.934990204404059, 40.858281607617528 ], [ -73.934938671690333, 40.858278887719642 ], [ -73.93488771369897, 40.858272457095389 ], [ -73.934837792887919, 40.858262374104562 ], [ -73.934789362301913, 40.858248730253059 ], [ -73.93474286146072, 40.858231649362544 ], [ -73.93469871237032, 40.858211286446668 ], [ -73.934657315692846, 40.858187826304153 ], [ -73.934619047110473, 40.858161481841648 ], [ -73.934584253915872, 40.858132492141451 ], [ -73.934553251860578, 40.858101120291742 ], [ -73.933371256679649, 40.85677811574817 ], [ -73.933354604831706, 40.856758279858724 ], [ -73.933228605551051, 40.856598279356362 ], [ -73.933202715627957, 40.856561242064913 ], [ -73.933181921652647, 40.856522397431931 ], [ -73.933166439305623, 40.856482148380962 ], [ -73.933156429170523, 40.856440912402419 ], [ -73.933151995068798, 40.856399117222985 ], [ -73.933153182983276, 40.856357196368947 ], [ -73.933159980581593, 40.856315584669417 ], [ -73.934811035954624, 40.849197592222779 ], [ -73.934821798552406, 40.849161020384187 ], [ -73.93483689576091, 40.849125343145793 ], [ -73.934856202496263, 40.849090856085603 ], [ -73.934879558800347, 40.849057844920736 ], [ -73.934906771166112, 40.849026583140557 ], [ -73.934937614140907, 40.848997329740776 ], [ -73.937842617661119, 40.846485339881689 ], [ -73.937877663178114, 40.846457739631802 ], [ -73.937915937784041, 40.846432734744127 ], [ -73.937957109539298, 40.846410542073315 ], [ -73.938000821379987, 40.846391354084901 ], [ -73.93804669421435, 40.846375337186181 ], [ -73.938094330210433, 40.846362630283224 ], [ -73.93814331624607, 40.846353343576112 ], [ -73.938193227491595, 40.846347557603437 ], [ -73.938243631093926, 40.846345322543769 ], [ -73.939923620698224, 40.846330322635531 ] ] ] } },
{ "type": "Feature", "properties": { "hotspot_id": 30, "n_dropoffs": 395, "total_weight": 230.6, "area_sqm": 6167534.0842151484, "area_sqkm": 6.1675340842151485 }, "geometry": { "type": "Polygon", "coordinates": [ [ [ -73.942397692720817, 40.836753278229857 ], [ -73.942441901736984, 40.836733944164848 ], [ -73.942488307985798, 40.836717852038099 ], [ -73.942536500478326, 40.836705144366306 ], [ -73.942586052406895, 40.836695933692276 ], [ -73.942636524924964, 40.836690301588476 ], [ -73.942687471033409, 40.836688297934337 ], [ -73.942738439539113, 40.836689940474876 ], [ -73.942788979050562, 40.836695214663223 ], [ -73.942838641975371, 40.836704073789697 ], [ -73.942886988484005, 40.836716439395289 ], [ -73.94293359040492, 40.836732201966598 ], [ -73.942978035016267, 40.836751221905615 ], [ -73.94502902849365, 40.837728216841612 ], [ -73.945070721597858, 40.837750207407446 ], [ -73.945109523600365, 40.837775063424701 ], [ -73.945145094269478, 40.837802566947957 ], [ -73.945177121705768, 40.837832476817262 ], [ -73.945316122132311, 40.837975476297622 ], [ -73.94534713855613, 40.838011117023285 ], [ -73.945373124980023, 40.838049006958606 ], [ -73.945393801581432, 40.838088738116433 ], [ -73.945408945710952, 40.838129882683099 ], [ -73.945418394290343, 40.838171997624947 ], [ -73.945422045568762, 40.838214629458804 ], [ -73.945497081145675, 40.842581629110278 ], [ -73.945494998221918, 40.842623453208134 ], [ -73.945487334551757, 40.842664900584332 ], [ -73.945474169327028, 40.842705542890201 ], [ -73.94545563859748, 40.842744960096574 ], [ -73.945431933865123, 40.842782744834622 ], [ -73.945403300105383, 40.842818506606164 ], [ -73.942816310571658, 40.845707516545374 ], [ -73.942784675397775, 40.845739401084003 ], [ -73.942749122362159, 40.845768808975308 ], [ -73.942709985753538, 40.845795463706445 ], [ -73.942667633557235, 40.84581911465127 ], [ -73.942622463995008, 40.845839539427132 ], [ -73.941854460983635, 40.846149541101859 ], [ -73.941804537127965, 40.846167282716976 ], [ -73.941752499050594, 40.846181083206119 ], [ -73.941698884648147, 40.846190799918901 ], [ -73.941644248112013, 40.846196332417314 ], [ -73.941589154199534, 40.846197623514044 ], [ -73.940339146467679, 40.846178623397805 ], [ -73.940288591465489, 40.846176056383996 ], [ -73.940238572819069, 40.84616991662503 ], [ -73.940189527402083, 40.846160257746924 ], [ -73.940141883587387, 40.846147164112409 ], [ -73.94009605750523, 40.846130750084043 ], [ -73.940052449408626, 40.846111159025334 ], [ -73.940011440177329, 40.846088562048486 ], [ -73.937781436288915, 40.844734555578398 ], [ -73.937740089622949, 40.844706711375167 ], [ -73.937702690407292, 40.844675815403683 ], [ -73.937669627231642, 40.844642188687551 ], [ -73.937641243630637, 40.844606180623643 ], [ -73.937617834514541, 40.844568165351546 ], [ -73.937599643105244, 40.844528537865898 ], [ -73.937586858409389, 40.844487709912272 ], [ -73.937378865036123, 40.843631708961908 ], [ -73.937372985762039, 40.84360111431414 ], [ -73.937370146459045, 40.843570270874558 ], [ -73.937198179411581, 40.839520270075866 ], [ -73.937198930211707, 40.839481604303501 ], [ -73.937204454385665, 40.839443162585681 ], [ -73.937214703190435, 40.83940528405892 ], [ -73.937229586202278, 40.839368302890712 ], [ -73.937248972114674, 40.839332545331317 ], [ -73.937272689897, 40.839298326835866 ], [ -73.937300530303574, 40.83926594928122 ], [ -73.937332247719837, 40.839235698302979 ], [ -73.937367562329243, 40.839207840775721 ], [ -73.937406162581993, 40.83918262245858 ], [ -73.937447707943505, 40.839160265827338 ], [ -73.942397692720817, 40.836753278229857 ] ] ] } },
{ "type": "Feature", "properties": { "hotspot_id": 31, "n_dropoffs": 51, "total_weight": 31.6, "area_sqm": 1343390.1375536411, "area_sqkm": 1.343390137553641 }, "geometry": { "type": "Polygon", "coordinates": [ [ [ -73.942270997599934, 40.828026103795743 ], [ -73.942328336565907, 40.828025674637416 ], [ -73.942385414340777, 40.828029849234646 ], [ -73.942441592089807, 40.828038580863783 ], [ -73.94249624105106, 40.828051771797334 ], [ -73.945963223832251, 40.829044766112254 ], [ -73.946011278321095, 40.829060582638988 ], [ -73.946057098893277, 40.829079848108734 ], [ -73.946100257762907, 40.829102382657794 ], [ -73.946140351992753, 40.82912797590199 ], [ -73.946177007256026, 40.829156388900579 ], [ -73.946209881331157, 40.82918735638718 ], [ -73.946238667296797, 40.829220589245971 ], [ -73.946263096397445, 40.829255777210953 ], [ -73.946282940552635, 40.829292591762574 ], [ -73.946298014486644, 40.829330689194634 ], [ -73.946308177458477, 40.829369713823198 ], [ -73.946313334576047, 40.829409301307265 ], [ -73.946313437682562, 40.829449082050253 ], [ -73.946308485806355, 40.82948868465062 ], [ -73.94629852517032, 40.829527739369361 ], [ -73.946283648760726, 40.829565881581956 ], [ -73.946263995459333, 40.829602755182691 ], [ -73.946239748747089, 40.829638015909374 ], [ -73.946211134991358, 40.829671334557439 ], [ -73.946178421332618, 40.829702400053804 ], [ -73.946141913190658, 40.82973092236098 ], [ -73.946101951413056, 40.829756635185227 ], [ -73.943939947047681, 40.831016641301701 ], [ -73.943894005858112, 40.831040667127141 ], [ -73.943845057205991, 40.831060979627345 ], [ -73.943793619427851, 40.831077363704331 ], [ -73.94374023721987, 40.831089645859684 ], [ -73.94368547586987, 40.831097696032096 ], [ -73.943629915270748, 40.831101428974556 ], [ -73.943574143779514, 40.83110080515722 ], [ -73.943518751986531, 40.831095831185948 ], [ -73.942724747284799, 40.830992830564718 ], [ -73.942674789097268, 40.830984489896998 ], [ -73.942626088470959, 40.830972609404867 ], [ -73.942579079110956, 40.830957294890624 ], [ -73.942534179659958, 40.830938682738378 ], [ -73.942491789969836, 40.830916938699332 ], [ -73.940519785638912, 40.829798933217383 ], [ -73.940479154001565, 40.829773470801548 ], [ -73.9396561533556, 40.829204468226877 ], [ -73.939619342395574, 40.829176444038623 ], [ -73.939586245081628, 40.82914586393143 ], [ -73.939557167419466, 40.829113010642679 ], [ -73.939532378248572, 40.829078187926584 ], [ -73.939512106757022, 40.829041717745874 ], [ -73.939496540362398, 40.829003937294743 ], [ -73.939485822979393, 40.828965195881317 ], [ -73.939480053689422, 40.828925851697846 ], [ -73.939479285824788, 40.828886268509031 ], [ -73.939483526476081, 40.828846812288681 ], [ -73.939492736426743, 40.828807847836067 ], [ -73.939506830516152, 40.828769735403121 ], [ -73.939525678427145, 40.828732827363645 ], [ -73.939549105891302, 40.828697464955582 ], [ -73.939822107663105, 40.82833046606023 ], [ -73.939850888691907, 40.828295904028529 ], [ -73.939884041827355, 40.828263681408735 ], [ -73.939921239947012, 40.828234116135967 ], [ -73.939962116018776, 40.828207499925327 ], [ -73.940006266722378, 40.828184095393787 ], [ -73.940053256428769, 40.828164133469024 ], [ -73.940102621498454, 40.828147811110973 ], [ -73.940153874855866, 40.828135289368774 ], [ -73.940206510795122, 40.828126691791525 ], [ -73.94026000996945, 40.828122103209495 ], [ -73.942270997599934, 40.828026103795743 ] ] ] } },
{ "type": "Feature", "properties": { "hotspot_id": 32, "n_dropoffs": 94, "total_weight": 59.8, "area_sqm": 11010354.302922599, "area_sqkm": 11.010354302922599 }, "geometry": { "type": "Polygon", "coordinates": [ [ [ -73.972975629592923, 40.637365571812545 ], [ -73.973019164099725, 40.637342574776532 ], [ -73.973065444978573, 40.637322935130754 ], [ -73.97311402755092, 40.637306841577008 ], [ -73.973164445024182, 40.637294448745422 ], [ -73.97321621297661, 40.637285875708756 ], [ -73.973268834011449, 40.637281204838359 ], [ -73.973321802535835, 40.637280481012837 ], [ -73.973374609618332, 40.637283711186868 ], [ -73.973426747878577, 40.637290864324299 ], [ -73.973477716362069, 40.637301871696451 ], [ -73.973527025353093, 40.637316627542361 ], [ -73.973574201079842, 40.637334990084881 ], [ -73.973618790266315, 40.637356782892979 ], [ -73.97366036448733, 40.637381796576626 ], [ -73.973698524284856, 40.637409790798706 ], [ -73.973732903006066, 40.637440496584183 ], [ -73.978599915474391, 40.642245478606192 ], [ -73.978623653243559, 40.642270840218643 ], [ -73.97917165568434, 40.642905838082299 ], [ -73.979198238879931, 40.642940150310153 ], [ -73.979220343739371, 40.642976259080996 ], [ -73.979237763260201, 40.64301382626391 ], [ -73.979250334313718, 40.643052500070453 ], [ -73.97925793917274, 40.643091918348937 ], [ -73.979260506614395, 40.643131711975499 ], [ -73.979258012587437, 40.643171508310935 ], [ -73.978565056326374, 40.648646511528781 ], [ -73.978553896851153, 40.648698955043905 ], [ -73.976913937641797, 40.654149962500384 ], [ -73.976899320069947, 40.654189410522591 ], [ -73.976879624683917, 40.654227556097467 ], [ -73.97685504668442, 40.654264021148265 ], [ -73.976825829666907, 40.654298444254046 ], [ -73.976792263207471, 40.654330484231934 ], [ -73.976754679992894, 40.654359823518774 ], [ -73.976713452523398, 40.654386171318933 ], [ -73.976668989420617, 40.654409266486404 ], [ -73.976621731377591, 40.654428880113421 ], [ -73.976572146790716, 40.654444817799323 ], [ -73.976520727117105, 40.65445692157742 ], [ -73.976467982003356, 40.654465071480836 ], [ -73.97641443423386, 40.654469186731518 ], [ -73.976360614549023, 40.654469226541096 ], [ -73.976307056384485, 40.654465190514983 ], [ -73.976254290583668, 40.654457118656325 ], [ -73.976202840136054, 40.654445090969652 ], [ -73.976153214993232, 40.654429226667645 ], [ -73.976105907014329, 40.654409682989623 ], [ -73.976061385090716, 40.654386653642987 ], [ -73.972179376856332, 40.652155642736346 ], [ -73.972138502769852, 40.652129648224701 ], [ -73.972101184987949, 40.652100716999229 ], [ -73.97206778561852, 40.652069129793759 ], [ -73.972038628745793, 40.652035193113988 ], [ -73.972013997285714, 40.651999236263201 ], [ -73.971994130240901, 40.651961608146784 ], [ -73.97197922038167, 40.651922673886595 ], [ -73.97160122933586, 40.650717672171687 ], [ -73.971598498364841, 40.650708504012279 ], [ -73.970784520162013, 40.647823500299992 ], [ -73.970776909607451, 40.647789743781367 ], [ -73.970773009080418, 40.647755622257087 ], [ -73.970263078370039, 40.639175619880376 ], [ -73.970263223672831, 40.639136080194035 ], [ -73.97026834730589, 40.639096733461621 ], [ -73.970278402005533, 40.639057942575704 ], [ -73.970293295029492, 40.639020065301885 ], [ -73.970312889012675, 40.638983450978778 ], [ -73.970337003234235, 40.638948437296527 ], [ -73.970365415284689, 40.638915347182099 ], [ -73.970397863117341, 40.638884485821208 ], [ -73.970434047465218, 40.638856137843682 ], [ -73.970473634601319, 40.638830564698395 ], [ -73.972975629592923, 40.637365571812545 ] ] ] } },
{ "type": "Feature", "properties": { "hotspot_id": 33, "n_dropoffs": 120, "total_weight": 77.5, "area_sqm": 13247078.514055677, "area_sqkm": 13.247078514055676 }, "geometry": { "type": "Polygon", "coordinates": [ [ [ -73.960432155882842, 40.646433982059399 ], [ -73.960478962738392, 40.646425538940022 ], [ -73.960526569696412, 40.646420298740452 ], [ -73.960574599762765, 40.64641830295723 ], [ -73.960622672592962, 40.646419567394716 ], [ -73.960670407503898, 40.646424082040035 ], [ -73.96212539890675, 40.646612080904852 ], [ -73.962175280226177, 40.646620388829724 ], [ -73.962223909842521, 40.646632244632748 ], [ -73.962270853838874, 40.64664754252599 ], [ -73.962315693338113, 40.64666614600813 ], [ -73.962358028240359, 40.646687889082294 ], [ -73.962397480792973, 40.646712577737219 ], [ -73.96243369896105, 40.646739991678331 ], [ -73.962466359568666, 40.646769886293171 ], [ -73.962495171182539, 40.64680199483422 ], [ -73.964517181872083, 40.64930098680437 ], [ -73.964543660544237, 40.649337786104603 ], [ -73.964565083720231, 40.649376447123707 ], [ -73.964581228844054, 40.649416568245336 ], [ -73.964591928187872, 40.649457732684745 ], [ -73.964597070594806, 40.649499512818188 ], [ -73.964596602634032, 40.649541474625153 ], [ -73.963629702302754, 40.66190647912709 ], [ -73.963624043055859, 40.661946211542123 ], [ -73.963613351704922, 40.661985338926485 ], [ -73.963597728982208, 40.662023492595935 ], [ -73.963577322087346, 40.662060313040719 ], [ -73.963552323300561, 40.662095453312965 ], [ -73.963522968171191, 40.662128582296006 ], [ -73.963489533298286, 40.662159387824552 ], [ -73.963452333724533, 40.662187579626149 ], [ -73.96341171996778, 40.662212892056502 ], [ -73.963368074718161, 40.66223508660255 ], [ -73.963321809232184, 40.662253954130158 ], [ -73.963273359457403, 40.662269316854761 ], [ -73.963223181924491, 40.662281030016644 ], [ -73.959668162032017, 40.662969034100193 ], [ -73.95961594464184, 40.662977076581157 ], [ -73.959562941331669, 40.66298116666087 ], [ -73.959509666729247, 40.662981264627362 ], [ -73.959456638096498, 40.662977369529443 ], [ -73.959404370307041, 40.662969519185935 ], [ -73.959353370846756, 40.662957789818613 ], [ -73.959304134886253, 40.662942295311915 ], [ -73.959257140472815, 40.662923186107271 ], [ -73.959212843888707, 40.662900647742248 ], [ -73.958012841214995, 40.662222644407713 ], [ -73.957999804828574, 40.66221504226192 ], [ -73.955689800626644, 40.660825035582924 ], [ -73.955649138868353, 40.660797947272911 ], [ -73.955612230203087, 40.660767903867345 ], [ -73.95557944317008, 40.660735205358975 ], [ -73.955551105151343, 40.660700178252114 ], [ -73.955527499102786, 40.660663172302264 ], [ -73.955508860729012, 40.660624557023674 ], [ -73.955495376130116, 40.660584717999519 ], [ -73.955487179943603, 40.660544053031693 ], [ -73.95439224472797, 40.65242204795144 ], [ -73.954389443173994, 40.652383948611956 ], [ -73.954391285040998, 40.652345815364335 ], [ -73.954397754499297, 40.652307975775543 ], [ -73.954408795968149, 40.652270754889479 ], [ -73.954424314593396, 40.652234472434834 ], [ -73.954444177062598, 40.652199440078569 ], [ -73.954468212750299, 40.652165958748895 ], [ -73.958403234214018, 40.647240974429188 ], [ -73.958431176798044, 40.647209388043002 ], [ -73.958462831997338, 40.647179903601511 ], [ -73.958497928905331, 40.647152773429475 ], [ -73.958536167162819, 40.647128229703746 ], [ -73.958577219528365, 40.647106482466413 ], [ -73.958620734678831, 40.647087717827397 ], [ -73.960118728548863, 40.646509720985279 ], [ -73.960166037243027, 40.646493588573442 ], [ -73.960215157066699, 40.646480981782517 ], [ -73.960432155882842, 40.646433982059399 ] ] ] } },
{ "type": "Feature", "properties": { "hotspot_id": 34, "n_dropoffs": 543, "total_weight": 317.5, "area_sqm": 1724802.6789505754, "area_sqkm": 1.7248026789505755 }, "geometry": { "type": "Polygon", "coordinates": [ [ [ -74.003260950446986, 40.753810305993923 ], [ -74.00331397194438, 40.753811907456772 ], [ -74.003366532629883, 40.753817448260705 ], [ -74.003418127612534, 40.753826875181545 ], [ -74.003468261277277, 40.753840097665524 ], [ -74.003516452045545, 40.753856988699148 ], [ -74.003562237001034, 40.753877386029117 ], [ -74.003605176336251, 40.753901093721048 ], [ -74.003644857577186, 40.753927884041268 ], [ -74.003680899545401, 40.753957499644372 ], [ -74.003712956019569, 40.753989656045292 ], [ -74.005625963625533, 40.756117648694428 ], [ -74.005655047158314, 40.756153876082692 ], [ -74.005679071257532, 40.756192187900204 ], [ -74.00569778058572, 40.756232176968211 ], [ -74.005710976289734, 40.756273418281452 ], [ -74.00571851811452, 40.75631547352485 ], [ -74.005720325894274, 40.756357895732044 ], [ -74.005716380404792, 40.756400234035802 ], [ -74.005706723568309, 40.756442038459632 ], [ -74.005691458008386, 40.756482864700466 ], [ -74.005274464331507, 40.757412866537535 ], [ -74.005256888180199, 40.757447006783437 ], [ -74.005235387551508, 40.757479822675663 ], [ -74.005210132940519, 40.757511053983031 ], [ -74.004716134954108, 40.758065055886078 ], [ -74.004685166246759, 40.758096452673939 ], [ -74.004650406723727, 40.758125464563477 ], [ -74.004389406718403, 40.758323465421462 ], [ -74.004351204178093, 40.758349808555465 ], [ -74.004309878866508, 40.758373268422922 ], [ -74.004265805702104, 40.758393632185502 ], [ -74.004219384534238, 40.75841071509398 ], [ -74.00417103651543, 40.758424362164412 ], [ -74.004121200280437, 40.758434449584193 ], [ -74.004070327966488, 40.758440885835512 ], [ -74.004003327560895, 40.758446885871976 ], [ -74.003952790022481, 40.758449596775179 ], [ -74.003902140499378, 40.758448703933794 ], [ -74.003851822460049, 40.758444215165213 ], [ -74.003802276470438, 40.758436169771429 ], [ -74.003262273465765, 40.758328169132106 ], [ -74.003205698042748, 40.758314287878619 ], [ -74.003151464971211, 40.758295774008211 ], [ -74.00310022803987, 40.758272850709339 ], [ -74.000323220065056, 40.756868843552958 ], [ -74.00028018128242, 40.756844668503291 ], [ -74.000240490744915, 40.756817381113663 ], [ -74.000204536097868, 40.756787247894593 ], [ -74.000172668497498, 40.756754563150906 ], [ -74.000145199181375, 40.7567196461072 ], [ -74.000122396428637, 40.75668283778986 ], [ -74.000104482940117, 40.756644497696414 ], [ -74.000091633663445, 40.756605000284154 ], [ -74.000083974084731, 40.756564731312977 ], [ -74.000081579003322, 40.756524084077661 ], [ -74.000084471801557, 40.756483455566652 ], [ -74.000092624216848, 40.756443242584801 ], [ -74.000105956618029, 40.756403837877961 ], [ -74.000552964289909, 40.755309839864864 ], [ -74.000569728103372, 40.755274568683397 ], [ -74.000590643131744, 40.755240603868991 ], [ -74.000648643569562, 40.755156604108002 ], [ -74.000674183468234, 40.755123469156736 ], [ -74.000703672628873, 40.7550922881681 ], [ -74.001272673922671, 40.75454629024383 ], [ -74.001309386103586, 40.754514555070699 ], [ -74.001350183473363, 40.754485849405917 ], [ -74.001394636050534, 40.754460475787688 ], [ -74.001442275331939, 40.754438701636339 ], [ -74.002870269757935, 40.753859704763663 ], [ -74.002917288001925, 40.753842793297991 ], [ -74.002966223241643, 40.753829390841453 ], [ -74.003016623847799, 40.753819621086663 ], [ -74.003068024667769, 40.753813574199697 ], [ -74.003119951318325, 40.753811305987796 ], [ -74.003260950446986, 40.753810305993923 ] ] ] } },
{ "type": "Feature", "properties": { "hotspot_id": 35, "n_dropoffs": 105, "total_weight": 71.3, "area_sqm": 2059007.4547795833, "area_sqkm": 2.0590074547795831 }, "geometry": { "type": "Polygon", "coordinates": [ [ [ -73.942267031539686, 40.821675893972539 ], [ -73.942315746021279, 40.821658651091937 ], [ -73.942366469018566, 40.821645158220974 ], [ -73.942418701749958, 40.82163554804076 ], [ -73.942471930588837, 40.821629915052227 ], [ -73.942525632113941, 40.821628314646844 ], [ -73.942579278256162, 40.82163076256208 ], [ -73.942632341490977, 40.821637234726538 ], [ -73.942684300025476, 40.821647667496784 ], [ -73.945651284302755, 40.822364663316009 ], [ -73.94570269811102, 40.822379304310878 ], [ -73.945751897992139, 40.822397822023298 ], [ -73.945798378955885, 40.822420026387221 ], [ -73.94584166391769, 40.822445689496526 ], [ -73.945881308595318, 40.822474547944175 ], [ -73.945916906069058, 40.822506305525707 ], [ -73.945948090958254, 40.822540636279413 ], [ -73.945974543171872, 40.822577187831769 ], [ -73.946461547438844, 40.823339185795412 ], [ -73.94648142296731, 40.823374357568277 ], [ -73.946496912863893, 40.823410779493422 ], [ -73.946507883242802, 40.823448136777664 ], [ -73.946514239279693, 40.82348610654298 ], [ -73.946515926031481, 40.823524360617213 ], [ -73.946512928911517, 40.823562568370299 ], [ -73.946505273815959, 40.823600399571994 ], [ -73.946274280479471, 40.824470400624506 ], [ -73.946273641338976, 40.824472771831807 ], [ -73.946244642147775, 40.824578771963779 ], [ -73.946232242863587, 40.824615509563728 ], [ -73.946215445853213, 40.824651224552063 ], [ -73.94619439364655, 40.824685613856929 ], [ -73.946169264883252, 40.824718385655437 ], [ -73.946140272796995, 40.824749261850336 ], [ -73.946107663406082, 40.824777980429779 ], [ -73.946071713425965, 40.824804297690903 ], [ -73.94603272792105, 40.824827990307931 ], [ -73.945105725734535, 40.825339992841762 ], [ -73.945060034378628, 40.825362649125687 ], [ -73.945011575671884, 40.825381700755436 ], [ -73.944960840767507, 40.825396954632346 ], [ -73.944908343890404, 40.82540825615002 ], [ -73.944854617124932, 40.825415490761294 ], [ -73.943985611874524, 40.825498491265193 ], [ -73.943945701189818, 40.825501169249513 ], [ -73.943905639120814, 40.825501600261902 ], [ -73.941137622007815, 40.825453599968284 ], [ -73.941079390489719, 40.825450198513039 ], [ -73.941021978886937, 40.82544205712842 ], [ -73.940966053860535, 40.825429270351883 ], [ -73.940229050129631, 40.825227269189249 ], [ -73.940178924987606, 40.825211330626473 ], [ -73.940131152819859, 40.825191659409235 ], [ -73.940086213840431, 40.825168453276895 ], [ -73.940044559782109, 40.825141945502331 ], [ -73.940006609355592, 40.825112402546871 ], [ -73.939972744040446, 40.825080121381752 ], [ -73.939943304250434, 40.825045426502712 ], [ -73.939918585911812, 40.825008666668083 ], [ -73.939898837488741, 40.824970211392831 ], [ -73.939884257486071, 40.824930447234074 ], [ -73.939874992454165, 40.824889773905333 ], [ -73.939719000204335, 40.823916773185587 ], [ -73.939715134058275, 40.823875252086324 ], [ -73.93971680676286, 40.823833646648495 ], [ -73.939724001209726, 40.823792382154572 ], [ -73.939736643848605, 40.82375188040119 ], [ -73.939754605439674, 40.823712555387687 ], [ -73.939777702374897, 40.823674809084309 ], [ -73.940237705814567, 40.823012810975172 ], [ -73.940261841653268, 40.822981501213356 ], [ -73.940289512505373, 40.82295192728612 ], [ -73.940320503459205, 40.822924318880965 ], [ -73.940354573818254, 40.822898890419737 ], [ -73.941901572458775, 40.821841895228452 ], [ -73.941956782170507, 40.821808830899322 ], [ -73.942000782052446, 40.821785831015269 ], [ -73.942055032376516, 40.821760893512582 ], [ -73.942267031539686, 40.821675893972539 ] ] ] } },
{ "type": "Feature", "properties": { "hotspot_id": 36, "n_dropoffs": 294, "total_weight": 189.9, "area_sqm": 7370320.1551084481, "area_sqkm": 7.3703201551084483 }, "geometry": { "type": "Polygon", "coordinates": [ [ [ -73.957293383938151, 40.818036952179654 ], [ -73.957346045624249, 40.818035303643242 ], [ -73.957398669043585, 40.818037549309793 ], [ -73.957450756441517, 40.81804366793795 ], [ -73.957501815133313, 40.818053601652821 ], [ -73.957551362163969, 40.818067256493286 ], [ -73.95759892887628, 40.818084503300675 ], [ -73.957644065343544, 40.818105178940534 ], [ -73.957686344625202, 40.818129087845506 ], [ -73.957725366805107, 40.818156003865106 ], [ -73.957760762774171, 40.818185672404724 ], [ -73.95779219772183, 40.818217812833701 ], [ -73.957819374302915, 40.818252121139793 ], [ -73.95784203545044, 40.818288272804494 ], [ -73.957859966807277, 40.818325925872713 ], [ -73.957940968216604, 40.818525925512823 ], [ -73.957954076505899, 40.818565008367997 ], [ -73.957962088334398, 40.818604878066914 ], [ -73.957964926807534, 40.818645152000798 ], [ -73.957962564676549, 40.818685443680913 ], [ -73.957955024600224, 40.818725366447545 ], [ -73.957942378927967, 40.818764537180563 ], [ -73.957924749005699, 40.818802579976122 ], [ -73.955065782442858, 40.824123592280166 ], [ -73.955040357425347, 40.824164366844641 ], [ -73.950529389315918, 40.830478385272045 ], [ -73.95050028654947, 40.830514543239907 ], [ -73.950466444281716, 40.830548237178142 ], [ -73.950428221102712, 40.830579110061606 ], [ -73.950386022024929, 40.8306068347569 ], [ -73.950340294191648, 40.830631117488856 ], [ -73.950291522139139, 40.830651700953617 ], [ -73.950240222662202, 40.830668367045135 ], [ -73.947457208690523, 40.831446371512442 ], [ -73.947404969163529, 40.831458739126326 ], [ -73.947351354168077, 40.831467043245958 ], [ -73.947296910093343, 40.831471199244149 ], [ -73.947242191778159, 40.83147116476723 ], [ -73.947187756856252, 40.8314669401665 ], [ -73.947134160073134, 40.831458568494838 ], [ -73.946956159078312, 40.831423568287533 ], [ -73.9469015410547, 40.831410453935597 ], [ -73.946849050140074, 40.831393034757092 ], [ -73.946799272568342, 40.831371505295145 ], [ -73.946752764268439, 40.831346105997618 ], [ -73.946710044655319, 40.831317120531608 ], [ -73.946671590828927, 40.831284872615264 ], [ -73.946266591635506, 40.830906871155399 ], [ -73.946234385788557, 40.830873520552416 ], [ -73.946206747899865, 40.830837883840424 ], [ -73.946183956893961, 40.830800320678563 ], [ -73.946166242777593, 40.830761210167907 ], [ -73.946153784318653, 40.830720947025235 ], [ -73.946146707242377, 40.830679937599342 ], [ -73.946145082962829, 40.830638595770083 ], [ -73.946148927862581, 40.830597338771192 ], [ -73.946158203127737, 40.830556582979533 ], [ -73.946172815140102, 40.830516739712913 ], [ -73.950733886485736, 40.820127759823563 ], [ -73.950751846542815, 40.820092367895384 ], [ -73.951223851451829, 40.819276369904109 ], [ -73.951230094602678, 40.819265970998394 ], [ -73.951550097540149, 40.818751972343158 ], [ -73.951575652350542, 40.818715727147136 ], [ -73.951605838502715, 40.818681599154942 ], [ -73.951640354917373, 40.818649928754411 ], [ -73.951678857327209, 40.818621031821216 ], [ -73.951720961710791, 40.818595196568552 ], [ -73.95196496113779, 40.818460197236291 ], [ -73.952014009995565, 40.818436023521045 ], [ -73.952066201261118, 40.818416004695351 ], [ -73.952120927479186, 40.818400373757832 ], [ -73.952177551691719, 40.81838931263642 ], [ -73.952235414851216, 40.81838295007104 ], [ -73.957293383938151, 40.818036952179654 ] ] ] } },
{ "type": "Feature", "properties": { "hotspot_id": 37, "n_dropoffs": 107, "total_weight": 66.7, "area_sqm": 2376378.4865437527, "area_sqkm": 2.3763784865437527 }, "geometry": { "type": "Polygon", "coordinates": [ [ [ -73.950837986127837, 40.82056201698331 ], [ -73.950887855497669, 40.820546062471728 ], [ -73.950939570573254, 40.820533965387014 ], [ -73.9509926158062, 40.82052584632499 ], [ -73.951046462388518, 40.820521786224596 ], [ -73.95110057352403, 40.82052182556091 ], [ -73.951154409779363, 40.820525963941776 ], [ -73.951207434461239, 40.820534160111741 ], [ -73.951259118966561, 40.820546332363207 ], [ -73.95130894805169, 40.820562359350959 ], [ -73.951356424968736, 40.8205820813019 ], [ -73.951401076417397, 40.8206053016076 ], [ -73.951491076230568, 40.820657301354366 ], [ -73.951532013957774, 40.820683475132867 ], [ -73.951569354731362, 40.820712588049098 ], [ -73.951602734567984, 40.820744356325463 ], [ -73.951631828092047, 40.820778470300873 ], [ -73.951656351707399, 40.820814597449058 ], [ -73.951676066361969, 40.820852385619837 ], [ -73.951690779878049, 40.820891466471501 ], [ -73.951700348825909, 40.820931459061228 ], [ -73.951704679922216, 40.82097197355835 ], [ -73.951739686753058, 40.821811973395732 ], [ -73.951737946815783, 40.82186043854631 ], [ -73.951728719048447, 40.821908412262722 ], [ -73.951530724598399, 40.822635413163987 ], [ -73.951518073651158, 40.822672891313445 ], [ -73.95150084729751, 40.822709301816062 ], [ -73.951479197666075, 40.822744323109511 ], [ -73.951453315950843, 40.82277764589989 ], [ -73.947264334827651, 40.827633662185214 ], [ -73.947258840334896, 40.827639906052248 ], [ -73.946724842478432, 40.828234908102957 ], [ -73.946690980971567, 40.82826874294193 ], [ -73.946652707684066, 40.82829974579802 ], [ -73.946610430487411, 40.828327586274668 ], [ -73.9465645999244, 40.828351967676397 ], [ -73.946515704407645, 40.828372630170634 ], [ -73.946464265014541, 40.82838935355705 ], [ -73.946410829933967, 40.828401959614204 ], [ -73.946355968623948, 40.828410313999093 ], [ -73.945613964180311, 40.82849331450155 ], [ -73.945560608036828, 40.82849724737639 ], [ -73.94550700139493, 40.82849715746908 ], [ -73.945453668636048, 40.82849304565908 ], [ -73.945401131462404, 40.828484952168246 ], [ -73.945349903793343, 40.828472956167197 ], [ -73.945300486737906, 40.828457175001006 ], [ -73.945253363692785, 40.828437763041187 ], [ -73.945208995613541, 40.828414910175553 ], [ -73.945167816505347, 40.828388839950613 ], [ -73.945130229177579, 40.828359807384814 ], [ -73.945096601303391, 40.82832809647384 ], [ -73.945067261823354, 40.828294017412404 ], [ -73.945042497727798, 40.828257903559866 ], [ -73.94502255124965, 40.828220108179316 ], [ -73.94500761749525, 40.828181000981715 ], [ -73.944874620681816, 40.827755000380236 ], [ -73.944865311623616, 40.827717529284982 ], [ -73.944860606572163, 40.827679564683315 ], [ -73.944860545882065, 40.827641432256044 ], [ -73.944865130065949, 40.827603459123225 ], [ -73.944874319790486, 40.827565971037792 ], [ -73.945105325395929, 40.82681797208302 ], [ -73.945118751589121, 40.826781950292002 ], [ -73.945136429965316, 40.826747003860788 ], [ -73.946670446041679, 40.824083010393203 ], [ -73.946694638147846, 40.824046139463732 ], [ -73.948024646862237, 40.822250144851765 ], [ -73.948057596164944, 40.822210997795224 ], [ -73.948096142219626, 40.822174920452177 ], [ -73.948139794051173, 40.822142372344736 ], [ -73.950027792013984, 40.82088537812907 ], [ -73.950067759711615, 40.820861200253567 ], [ -73.950110546831951, 40.820839989003879 ], [ -73.950240546377614, 40.820781989309914 ], [ -73.950279988518147, 40.820766015858524 ], [ -73.950837986127837, 40.82056201698331 ] ] ] } },
{ "type": "Feature", "properties": { "hotspot_id": 38, "n_dropoffs": 74, "total_weight": 47.2, "area_sqm": 1590426.179472862, "area_sqkm": 1.590426179472862 }, "geometry": { "type": "Polygon", "coordinates": [ [ [ -73.935925887218772, 40.811476200440808 ], [ -73.93597247745204, 40.81145740492417 ], [ -73.93602125223893, 40.811442140357229 ], [ -73.936071749362583, 40.81143055139502 ], [ -73.936123490285198, 40.811422747860682 ], [ -73.936175984682777, 40.811418803704498 ], [ -73.936228735091333, 40.811418756303318 ], [ -73.936281241621003, 40.811422606106383 ], [ -73.93633300669282, 40.811430316630918 ], [ -73.936383539753919, 40.811441814808049 ], [ -73.936432361926009, 40.811456991675037 ], [ -73.938776351656088, 40.812288987062423 ], [ -73.938821740759636, 40.812307132649202 ], [ -73.9388646686063, 40.812328457341252 ], [ -73.938904750625554, 40.812352770101825 ], [ -73.938941627739979, 40.812379853125456 ], [ -73.938974969582034, 40.812409463788953 ], [ -73.939004477453778, 40.812441336825053 ], [ -73.939029887002732, 40.812475186698535 ], [ -73.939050970590259, 40.812510710164233 ], [ -73.939067539331035, 40.81254758898357 ], [ -73.939079444785406, 40.812585492775419 ], [ -73.939086580289427, 40.812624081975819 ], [ -73.939088881910749, 40.812663010879959 ], [ -73.939086329021549, 40.812701930739117 ], [ -73.939078944483711, 40.812740492885041 ], [ -73.938194971081231, 40.816198496919291 ], [ -73.938181853005162, 40.816238820636201 ], [ -73.938163453643156, 40.816277934920933 ], [ -73.938139960269183, 40.816315441637812 ], [ -73.938111612009109, 40.816350959013604 ], [ -73.938078697407121, 40.816384125523619 ], [ -73.938041551488794, 40.816414603571566 ], [ -73.938000552351099, 40.816442082926201 ], [ -73.937956117313959, 40.816466283879173 ], [ -73.937908698672317, 40.816486960092128 ], [ -73.937858779092252, 40.816503901104426 ], [ -73.937806866697912, 40.816516934475437 ], [ -73.937753489899094, 40.816525927539871 ], [ -73.937699192012445, 40.816530788758229 ], [ -73.937644525730761, 40.816531468648655 ], [ -73.937590047496883, 40.816527960290593 ], [ -73.936689042075599, 40.816434959726699 ], [ -73.936633355466455, 40.816426939073573 ], [ -73.936579076119301, 40.816414543479716 ], [ -73.936526797803012, 40.816397908542413 ], [ -73.936477092395748, 40.816377216233505 ], [ -73.935327088655797, 40.81583721342276 ], [ -73.935283533839424, 40.815814458646017 ], [ -73.935243104256131, 40.815788588257277 ], [ -73.93520618457427, 40.815759848403445 ], [ -73.935173126065465, 40.815728512533028 ], [ -73.935144243262442, 40.81569487879414 ], [ -73.935119810966498, 40.81565926719778 ], [ -73.935100061633122, 40.815622016572867 ], [ -73.935085183160382, 40.815583481342429 ], [ -73.935075317101479, 40.815544028151315 ], [ -73.935070557318284, 40.815504032377703 ], [ -73.935070949088527, 40.815463874561488 ], [ -73.935323976778889, 40.812046875735888 ], [ -73.935329570224525, 40.812006672359672 ], [ -73.935340326325147, 40.811967079606241 ], [ -73.935375327083008, 40.811864079763808 ], [ -73.935391036451762, 40.811825698809066 ], [ -73.935411596777811, 40.811788664619215 ], [ -73.935436812091851, 40.81175333016877 ], [ -73.935466442058868, 40.811720032231356 ], [ -73.935500204268891, 40.811689088170041 ], [ -73.935537776928811, 40.811660792912669 ], [ -73.935578801929509, 40.811635416140994 ], [ -73.935622888259061, 40.811613199720412 ], [ -73.935925887218772, 40.811476200440808 ] ] ] } },
{ "type": "Feature", "properties": { "hotspot_id": 39, "n_dropoffs": 74, "total_weight": 53.0, "area_sqm": 1289258.903724845, "area_sqkm": 1.289258903724845 }, "geometry": { "type": "Polygon", "coordinates": [ [ [ -73.988628325559944, 40.709740300948525 ], [ -73.988680121312754, 40.709741850005976 ], [ -73.988731484553483, 40.709747163750727 ], [ -73.988781943834496, 40.709756193409603 ], [ -73.988831036004825, 40.709768856102059 ], [ -73.988878310461246, 40.709785035600987 ], [ -73.988923333283807, 40.709804583399503 ], [ -73.988965691218709, 40.709827320073884 ], [ -73.989004995471248, 40.709853036930475 ], [ -73.98904088527442, 40.709881497921025 ], [ -73.98907303120032, 40.709912441809372 ], [ -73.989101138183884, 40.709945584569041 ], [ -73.989124948231378, 40.709980621990219 ], [ -73.989144242788555, 40.710017232471927 ], [ -73.989158844747024, 40.710055079973912 ], [ -73.989168620070004, 40.710093817100969 ], [ -73.989173479023023, 40.710133088291563 ], [ -73.989173376997783, 40.710172533081455 ], [ -73.989152379585533, 40.710492533179163 ], [ -73.989147590628107, 40.710530355780051 ], [ -73.989138239644348, 40.710567681332336 ], [ -73.98912440627609, 40.710604191906079 ], [ -73.989106208345532, 40.710639576512612 ], [ -73.989083800851887, 40.710673533753585 ], [ -73.989057374651381, 40.710705774388074 ], [ -73.989027154831689, 40.710736023796578 ], [ -73.988993398794889, 40.710764024320028 ], [ -73.987631398721376, 40.711794028792937 ], [ -73.98759625099126, 40.711818369314301 ], [ -73.987558431888274, 40.711840269031001 ], [ -73.987518233189519, 40.711859558983761 ], [ -73.987475965031877, 40.711876090347786 ], [ -73.985179954868087, 40.712679094814845 ], [ -73.98513135059288, 40.712693969031285 ], [ -73.985081083699598, 40.712705196802773 ], [ -73.985029625427387, 40.712712672871668 ], [ -73.984977458184858, 40.712716327151703 ], [ -73.984925071027405, 40.712716125384837 ], [ -73.984872955072206, 40.712712069462597 ], [ -73.984821598893831, 40.712704197408272 ], [ -73.984771483943732, 40.712692583020441 ], [ -73.984723080036545, 40.712677335181191 ], [ -73.984676840945426, 40.712658596835134 ], [ -73.98463320014794, 40.712636543649381 ], [ -73.984592566762188, 40.712611382366724 ], [ -73.984555321711326, 40.712583348867156 ], [ -73.983389322626039, 40.711616344864566 ], [ -73.983350913215901, 40.711580669126377 ], [ -73.983317988405261, 40.711541948389119 ], [ -73.983290961326944, 40.711500668523179 ], [ -73.983264961606494, 40.711454668411918 ], [ -73.98324799932017, 40.711420572320534 ], [ -73.983235067407492, 40.711385468082682 ], [ -73.983226267263433, 40.71134963095691 ], [ -73.983221667884663, 40.711313341947992 ], [ -73.98317767309905, 40.710668341743293 ], [ -73.983177453839062, 40.710629163463778 ], [ -73.983182129424335, 40.710590146712036 ], [ -73.983191657507177, 40.710551644798834 ], [ -73.983205951799235, 40.710514006372357 ], [ -73.983224882853023, 40.71047757226097 ], [ -73.983248279234417, 40.710442672387082 ], [ -73.983275929075347, 40.710409622779551 ], [ -73.98330758199242, 40.710378722712164 ], [ -73.983342951354459, 40.710350251993418 ], [ -73.983381716878085, 40.710324468433228 ], [ -73.983423527528004, 40.710301605508207 ], [ -73.984373524677395, 40.709832607917114 ], [ -73.984417661330795, 40.70981300717348 ], [ -73.984464031263343, 40.709796662580388 ], [ -73.984512220806124, 40.70978371994844 ], [ -73.984561800058202, 40.709774294739141 ], [ -73.984612326721646, 40.709768471035005 ], [ -73.984663350047185, 40.709766300789347 ], [ -73.988628325559944, 40.709740300948525 ] ] ] } },
{ "type": "Feature", "properties": { "hotspot_id": 40, "n_dropoffs": 7091, "total_weight": 4920.7, "area_sqm": 304361572.70919287, "area_sqkm": 304.3615727091929 }, "geometry": { "type": "Polygon", "coordinates": [ [ [ -73.977592906989585, 40.65538630070823 ], [ -73.977645865071509, 40.655381363027402 ], [ -73.977699204324779, 40.655380424969827 ], [ -73.977752405228955, 40.655383495672069 ], [ -73.980051391373635, 40.655603494335253 ], [ -73.980092032206642, 40.655608587278408 ], [ -73.980132045980653, 40.655616021807134 ], [ -73.982175034837198, 40.656059019197826 ], [ -73.982199106517555, 40.656064703762901 ], [ -73.998020024385013, 40.660109680278886 ], [ -73.998079360188584, 40.66012788589471 ], [ -73.998434358652233, 40.660255885186245 ], [ -73.998483571407036, 40.660276063670238 ], [ -73.998529785531417, 40.660300003546453 ], [ -73.998572507104313, 40.660327448955265 ], [ -73.998611279529953, 40.660358106571053 ], [ -74.015571301943737, 40.675232046854724 ], [ -74.015602342791084, 40.675261952213837 ], [ -74.015629618115227, 40.675293914998555 ], [ -74.015652894138796, 40.67532766126174 ], [ -74.015671971360845, 40.675362901769923 ], [ -74.015686686266733, 40.6753993344823 ], [ -74.015696912729908, 40.675436647139385 ], [ -74.015702563093129, 40.675474519939264 ], [ -74.015703588919948, 40.675512628278554 ], [ -74.01565560038209, 40.676927628502213 ], [ -74.01565148981598, 40.676968762602684 ], [ -74.015641993113832, 40.677009377041159 ], [ -74.015627205609007, 40.677049064065038 ], [ -74.015607275753041, 40.677087425231953 ], [ -74.0155824036257, 40.677124075409957 ], [ -73.994870529179067, 40.70420915883966 ], [ -73.994842009351899, 40.704242600412279 ], [ -73.994809373080585, 40.704273785979083 ], [ -73.994772926379213, 40.704302423123259 ], [ -73.994733010992363, 40.704328243323332 ], [ -73.994690001190691, 40.704351004471164 ], [ -73.994644300261584, 40.704370493142115 ], [ -73.994596336727483, 40.704386526596558 ], [ -73.99454656032772, 40.704398954493193 ], [ -73.994495437801248, 40.704407660299019 ], [ -73.994443448509941, 40.704412562382053 ], [ -73.986727401255536, 40.704852565068492 ], [ -73.986672681931552, 40.704853570487984 ], [ -73.986618109169399, 40.704850363063613 ], [ -73.952485903550809, 40.701510342780672 ], [ -73.952430126312279, 40.701502596210709 ], [ -73.952375720769155, 40.701490449279696 ], [ -73.952323284546964, 40.701474035417554 ], [ -73.93732221965584, 40.696061005469879 ], [ -73.937274469663421, 40.696041483140121 ], [ -73.937229526337475, 40.696018421690972 ], [ -73.937187840934868, 40.695992052674235 ], [ -73.937149831999392, 40.695962640851512 ], [ -73.937115881159286, 40.695930481535783 ], [ -73.937086329295553, 40.695895897626094 ], [ -73.937061473119329, 40.695859236365379 ], [ -73.93094453324214, 40.685605210406351 ], [ -73.930927087979327, 40.685572252425104 ], [ -73.930913440797084, 40.685538272131353 ], [ -73.930903693340525, 40.685503522627208 ], [ -73.930897918207293, 40.685468262743782 ], [ -73.930828923411468, 40.684820262423216 ], [ -73.930828299950775, 40.684760232804457 ], [ -73.930901306825135, 40.683907233144055 ], [ -73.930906553876881, 40.6838708926661 ], [ -73.930916015023541, 40.683835049798482 ], [ -73.930929615657547, 40.683799987161144 ], [ -73.930947248532021, 40.683765981221519 ], [ -73.930968774606725, 40.683733300114568 ], [ -73.939574831813061, 40.671996335146879 ], [ -73.939618336203765, 40.671946030792249 ], [ -73.95118436630338, 40.660491073549252 ], [ -73.95121745468802, 40.660461324244643 ], [ -73.951254089742136, 40.660434091655162 ], [ -73.951293942972427, 40.660409619962515 ], [ -73.951336657030978, 40.660388128592565 ], [ -73.951381848919311, 40.660369810247843 ], [ -73.951429113422563, 40.660354829179795 ], [ -73.951478026742734, 40.660343319715999 ], [ -73.974898896089783, 40.65574234700005 ], [ -73.974941922629441, 40.655735298602124 ], [ -73.977592906989585, 40.65538630070823 ] ] ] } },
{ "type": "Feature", "properties": { "hotspot_id": 41, "n_dropoffs": 152, "total_weight": 101.8, "area_sqm": 10747806.016550345, "area_sqkm": 10.747806016550346 }, "geometry": { "type": "Polygon", "coordinates": [ [ [ -73.929322722005864, 40.697258290918718 ], [ -73.92938026047706, 40.697254506358099 ], [ -73.929438001145343, 40.697255412106408 ], [ -73.92949528587603, 40.697260997839862 ], [ -73.929551461730938, 40.697271199891617 ], [ -73.92960588841035, 40.697285901977445 ], [ -73.93313487177663, 40.698403895657705 ], [ -73.933182116748327, 40.698420945194513 ], [ -73.933226978332712, 40.698441386552126 ], [ -73.933269037415016, 40.698465028760289 ], [ -73.933307901061326, 40.698491650945137 ], [ -73.933343206189235, 40.698521004392518 ], [ -73.933374622960102, 40.698552814871427 ], [ -73.933401857860503, 40.698586785196042 ], [ -73.933424656444458, 40.698622598001911 ], [ -73.93621768691807, 40.703610586028944 ], [ -73.936235226877898, 40.703646441863718 ], [ -73.936248317542152, 40.703683381982756 ], [ -73.936256845857457, 40.703721087385503 ], [ -73.936260738168698, 40.70375923246214 ], [ -73.936259960855296, 40.703797487805559 ], [ -73.936254520621858, 40.703835523055723 ], [ -73.9357815386536, 40.706140525233202 ], [ -73.935770071681432, 40.706182161346995 ], [ -73.93575302025198, 40.706222674745248 ], [ -73.935730566401205, 40.706261632895369 ], [ -73.935702949844028, 40.706298619868363 ], [ -73.935670465415342, 40.706333240779365 ], [ -73.935633459922698, 40.706365126003895 ], [ -73.935592328443661, 40.706393935123941 ], [ -73.934172326333908, 40.707289939346936 ], [ -73.934130936055354, 40.707313606698548 ], [ -73.934086762518334, 40.707334155020078 ], [ -73.934040210234613, 40.70735139614262 ], [ -73.933991705500091, 40.707365172182449 ], [ -73.933941692490947, 40.707375356986844 ], [ -73.933890629195986, 40.707381857289512 ], [ -73.933838983222401, 40.707384613564514 ], [ -73.933787227513534, 40.707383600571475 ], [ -73.933735836017647, 40.707378827586815 ], [ -73.933685279347586, 40.707370338318697 ], [ -73.933636020470914, 40.707358210506783 ], [ -73.931804011391421, 40.706832207493648 ], [ -73.931779034686272, 40.706824489727317 ], [ -73.925894007679261, 40.704874478780823 ], [ -73.925846346543452, 40.70485651446365 ], [ -73.925801233638126, 40.704835075452429 ], [ -73.921194221562587, 40.702398063200363 ], [ -73.921152511529755, 40.70237362414759 ], [ -73.921114119933293, 40.702346215723885 ], [ -73.921079410261612, 40.702316097432956 ], [ -73.921048711141182, 40.702283554435127 ], [ -73.921022313225251, 40.702248894847585 ], [ -73.921000466442095, 40.70221244682682 ], [ -73.920983377628829, 40.702174555461653 ], [ -73.920645383969457, 40.701286553948876 ], [ -73.920633166931381, 40.701247380666658 ], [ -73.92062603576808, 40.701207486538586 ], [ -73.920624058665055, 40.701167253068519 ], [ -73.920627254519815, 40.701127065004698 ], [ -73.920635592761499, 40.701087306660433 ], [ -73.92064899364361, 40.701048358239092 ], [ -73.921684011089155, 40.698546362839508 ], [ -73.921702052636803, 40.698509120102983 ], [ -73.921724722509623, 40.698473372731229 ], [ -73.921751809988422, 40.698439452988978 ], [ -73.921783063294342, 40.698407676152989 ], [ -73.921818191929304, 40.698378337581744 ], [ -73.921856869376185, 40.698351709970233 ], [ -73.921898736133826, 40.69832804081544 ], [ -73.921943403058549, 40.69830755011597 ], [ -73.922716400076197, 40.697990551824631 ], [ -73.922759579883362, 40.697974681354523 ], [ -73.922804436596607, 40.697961783483123 ], [ -73.922850617762492, 40.697951959552839 ], [ -73.922897760521465, 40.697945286753225 ], [ -73.929322722005864, 40.697258290918718 ] ] ] } },
{ "type": "Feature", "properties": { "hotspot_id": 42, "n_dropoffs": 2044, "total_weight": 1293.3, "area_sqm": 78973042.590637699, "area_sqkm": 78.973042590637704 }, "geometry": { "type": "Polygon", "coordinates": [ [ [ -73.916214501004887, 40.753426278754013 ], [ -73.916262770957829, 40.753409987541886 ], [ -73.916312898440225, 40.753397350104649 ], [ -73.91636440650754, 40.753388486682631 ], [ -73.916416805080175, 40.753383481607884 ], [ -73.916469595606216, 40.753382382501698 ], [ -73.926378534404734, 40.753543381516423 ], [ -73.926421638838775, 40.75354539007224 ], [ -73.929870617848806, 40.753811388452391 ], [ -73.929926488519129, 40.753817952615087 ], [ -73.929981154493291, 40.753828911402472 ], [ -73.930034019727543, 40.753844145326873 ], [ -73.930084507811287, 40.753863488287145 ], [ -73.930132068251524, 40.753886729379651 ], [ -73.931158065764762, 40.754447726591643 ], [ -73.931210488430025, 40.754480359827923 ], [ -73.931646488159501, 40.754788358446682 ], [ -73.93168282676811, 40.754816618036443 ], [ -73.931715434463641, 40.754847397161434 ], [ -73.931744010725595, 40.754880412158748 ], [ -73.933214019322747, 40.756770406269474 ], [ -73.933241476281296, 40.756810600518271 ], [ -73.933262960854648, 40.756852844977566 ], [ -73.933278213010084, 40.756896628375678 ], [ -73.93610629224986, 40.767294615486755 ], [ -73.936114035200802, 40.767331401236241 ], [ -73.936117372944949, 40.767368568527459 ], [ -73.936116278146855, 40.767405813049926 ], [ -73.936110759762883, 40.767442829860379 ], [ -73.935761772784531, 40.769106831464107 ], [ -73.935749700581766, 40.769149620734943 ], [ -73.935731722624354, 40.769191194065336 ], [ -73.935708042026405, 40.76923108173682 ], [ -73.932498067007202, 40.773951095004698 ], [ -73.932475887459191, 40.7739806449624 ], [ -73.932450574275023, 40.774008701860183 ], [ -73.932422300308858, 40.774035074103914 ], [ -73.93196530082065, 40.774427075695236 ], [ -73.931932749301311, 40.774452676007449 ], [ -73.929482748203284, 40.7762196838531 ], [ -73.929446212568962, 40.776243770686122 ], [ -73.928524210902111, 40.776798773349164 ], [ -73.928497165908738, 40.776814037260216 ], [ -73.918759140363036, 40.781960063120223 ], [ -73.91870619733578, 40.781984740271241 ], [ -73.916873190227932, 40.782732744304667 ], [ -73.916827989890024, 40.782749188988326 ], [ -73.916780983565332, 40.782762388008599 ], [ -73.913653966996691, 40.783517392412435 ], [ -73.913602425424088, 40.783527743746617 ], [ -73.913549794762886, 40.783534193665538 ], [ -73.913496584857157, 40.783536679687508 ], [ -73.913443311162496, 40.783535177729895 ], [ -73.913390489752544, 40.783529702342477 ], [ -73.913338632319238, 40.783520306566487 ], [ -73.913288241215838, 40.78350708142073 ], [ -73.913239804590148, 40.783490155019898 ], [ -73.913193791655644, 40.783469691333295 ], [ -73.913150648145844, 40.783445888596489 ], [ -73.906632637034932, 40.779462869597737 ], [ -73.906596017989159, 40.779438345454238 ], [ -73.906562451740854, 40.779411415150996 ], [ -73.906532210828189, 40.779382297349272 ], [ -73.902195225472312, 40.774795280964305 ], [ -73.902163793650715, 40.774757945371448 ], [ -73.90213782409424, 40.774718257243336 ], [ -73.902117617833966, 40.774676676647751 ], [ -73.90078864077941, 40.771410670740252 ], [ -73.900775769137951, 40.771372726314887 ], [ -73.900767700828879, 40.771334023430128 ], [ -73.900764508934103, 40.771294912692902 ], [ -73.900766222360161, 40.771255748404371 ], [ -73.901558282196433, 40.763823752078018 ], [ -73.901564815474572, 40.763785183339593 ], [ -73.901576105460748, 40.763747255312495 ], [ -73.901592051425482, 40.763710306364359 ], [ -73.901612511102513, 40.763674666127642 ], [ -73.90163730195826, 40.763640652558891 ], [ -73.901666202820493, 40.763608569102182 ], [ -73.906150215307704, 40.759102585743904 ], [ -73.906185124434458, 40.759070936794551 ], [ -73.906224028502479, 40.759042106986087 ], [ -73.911726022803094, 40.755355123917525 ], [ -73.911777036338876, 40.755324854852724 ], [ -73.913166032617255, 40.754597858518331 ], [ -73.913229513304913, 40.754569272505151 ], [ -73.916214501004887, 40.753426278754013 ] ] ] } },
{ "type": "Feature", "properties": { "hotspot_id": 43, "n_dropoffs": 86, "total_weight": 55.2, "area_sqm": 4016288.1651375294, "area_sqkm": 4.0162881651375297 }, "geometry": { "type": "Polygon", "coordinates": [ [ [ -73.930590995957957, 40.693910952535333 ], [ -73.93064426388446, 40.69389826154756 ], [ -73.930698966434903, 40.693889816241551 ], [ -73.930754521154952, 40.693885706540016 ], [ -73.930810336517212, 40.693885976201628 ], [ -73.930865818219175, 40.693890622355148 ], [ -73.930920375510823, 40.693899595529913 ], [ -73.931478372428742, 40.694014594850259 ], [ -73.931517813715161, 40.694023967721684 ], [ -73.933899801595786, 40.694666964011077 ], [ -73.933941239786122, 40.69467963811308 ], [ -73.933981163182821, 40.694694870724184 ], [ -73.934019299665479, 40.694712558018374 ], [ -73.937332290229349, 40.696395549447203 ], [ -73.93737206232349, 40.696417814166423 ], [ -73.937409001658096, 40.696442746101305 ], [ -73.937442800520614, 40.696470137565811 ], [ -73.941177805958631, 40.699788124348117 ], [ -73.941210596856422, 40.699820353382123 ], [ -73.94123903967116, 40.699854892220451 ], [ -73.941262855602602, 40.699891402317277 ], [ -73.941281811201563, 40.69992952580413 ], [ -73.941295720658289, 40.699968888997638 ], [ -73.941304447624148, 40.700009106062289 ], [ -73.941307906548417, 40.700049782792256 ], [ -73.941306063517146, 40.700090520475356 ], [ -73.941298936586065, 40.700130919801275 ], [ -73.94128659560387, 40.700170584775506 ], [ -73.941269161528027, 40.700209126600967 ], [ -73.941246805239416, 40.700246167489155 ], [ -73.941219745867699, 40.700281344363056 ], [ -73.94118824864367, 40.70031431241636 ], [ -73.941152622299569, 40.700344748493301 ], [ -73.941113216043149, 40.700372354256345 ], [ -73.941070416134664, 40.700396859110569 ], [ -73.941024642100814, 40.70041802285634 ], [ -73.940976342622349, 40.700435638043679 ], [ -73.940925991136041, 40.700449532006019 ], [ -73.940874081193755, 40.700459568552603 ], [ -73.940821121624381, 40.700465649303638 ], [ -73.940767631545981, 40.700467714654614 ], [ -73.940714135277091, 40.700465744360613 ], [ -73.940661157196857, 40.700459757734791 ], [ -73.938231143065991, 40.700090755519149 ], [ -73.938178338034987, 40.700080608762676 ], [ -73.933129311032118, 40.698901601861365 ], [ -73.933084092923934, 40.698889346379204 ], [ -73.933040480236002, 40.698874088480821 ], [ -73.932998816342447, 40.698855948296064 ], [ -73.92930580478135, 40.697077939095792 ], [ -73.929262700996716, 40.697054874300839 ], [ -73.929222750006474, 40.697028727190208 ], [ -73.929186330854449, 40.696999745842888 ], [ -73.929153789073695, 40.696968205228288 ], [ -73.929125433408217, 40.696934404597208 ], [ -73.929101532883763, 40.696898664642561 ], [ -73.929082314255567, 40.696861324456606 ], [ -73.929067959857164, 40.696822738313671 ], [ -73.929058605870722, 40.69678327230875 ], [ -73.929054341035283, 40.69674330088413 ], [ -73.92905520580517, 40.696703203276641 ], [ -73.929061191966483, 40.696663359919718 ], [ -73.929072242715463, 40.696624148833756 ], [ -73.929885259661887, 40.694298152495278 ], [ -73.929901862682186, 40.694258741723772 ], [ -73.929923580228817, 40.694220798807031 ], [ -73.929950192837239, 40.694184707158584 ], [ -73.929981431579577, 40.694150831484279 ], [ -73.930016980782284, 40.694119514097025 ], [ -73.930056481216255, 40.694091071457819 ], [ -73.930099533726889, 40.694065790978065 ], [ -73.930145703267542, 40.694043928115434 ], [ -73.930194523295668, 40.694025703792562 ], [ -73.930246523055047, 40.694008703888187 ], [ -73.930271997551202, 40.694000952018627 ], [ -73.930590995957957, 40.693910952535333 ] ] ] } },
{ "type": "Feature", "properties": { "hotspot_id": 44, "n_dropoffs": 3442, "total_weight": 2358.5, "area_sqm": 89013159.860160932, "area_sqkm": 89.013159860160926 }, "geometry": { "type": "Polygon", "coordinates": [ [ [ -73.940761423842261, 40.70003976325814 ], [ -73.940779867013404, 40.700001433304557 ], [ -73.940803206605324, 40.699964681666486 ], [ -73.940831213192766, 40.699929869595664 ], [ -73.940863611477312, 40.699897339278039 ], [ -73.940900082993608, 40.699867410470624 ], [ -73.940940269239945, 40.69984037735847 ], [ -73.940983775202128, 40.699816505663044 ], [ -73.941030173236314, 40.699796030030456 ], [ -73.941079007272478, 40.699779151725167 ], [ -73.941129797297179, 40.699766036651639 ], [ -73.941182044071681, 40.699756813723802 ], [ -73.941235234038999, 40.699751573597844 ], [ -73.941288844371556, 40.699750367781299 ], [ -73.941342348110069, 40.699753208126666 ], [ -73.944194330873174, 40.700013206546039 ], [ -73.944251945679483, 40.700020881968015 ], [ -73.944308134908823, 40.700033246622084 ], [ -73.968486011041108, 40.706447209539611 ], [ -73.968533011843434, 40.706461582796003 ], [ -73.968578040243116, 40.706479238147175 ], [ -73.968620701529559, 40.706500020830255 ], [ -73.968660621740781, 40.706523748668694 ], [ -73.968697450941377, 40.706550213669203 ], [ -73.968730866290016, 40.706579183844752 ], [ -73.96876057486935, 40.706610405248185 ], [ -73.968786316253826, 40.706643604198099 ], [ -73.968807864792524, 40.706678489677898 ], [ -73.968881865637513, 40.706814489359346 ], [ -73.968905254246422, 40.706867348005403 ], [ -73.969565268211056, 40.708778345031348 ], [ -73.969575275673748, 40.708813501740593 ], [ -73.969581212255122, 40.708849188990932 ], [ -73.969598213516477, 40.709006188912007 ], [ -73.969600007357599, 40.709044603860136 ], [ -73.969597085353485, 40.709082978688251 ], [ -73.969589472966533, 40.709120978890923 ], [ -73.968748497332228, 40.71231098273244 ], [ -73.968736792194704, 40.712346917850851 ], [ -73.959964952207969, 40.734875957024755 ], [ -73.959947010759805, 40.734914780399521 ], [ -73.959924063801566, 40.734952047417728 ], [ -73.95989634058428, 40.73498738575087 ], [ -73.959864118079039, 40.735020442339078 ], [ -73.959827718210065, 40.735050886918501 ], [ -73.959787504638541, 40.735078415321098 ], [ -73.955731498053837, 40.737587427237322 ], [ -73.95569051084054, 40.737610430201293 ], [ -73.955646862354556, 40.737630400696418 ], [ -73.955600939137398, 40.737647161867336 ], [ -73.955553147876188, 40.737660565279846 ], [ -73.955503911801998, 40.737670492235374 ], [ -73.954080903604364, 40.737903493629787 ], [ -73.954030531044168, 40.737909867059493 ], [ -73.953979593028052, 40.737912601426359 ], [ -73.953928542928097, 40.737911672393224 ], [ -73.953877835114042, 40.737907088228958 ], [ -73.953827920908964, 40.737898889734723 ], [ -73.953779244572104, 40.737887149880926 ], [ -73.953732239344447, 40.737871973157645 ], [ -73.953687323592632, 40.737853494644575 ], [ -73.953644897085013, 40.737831878808741 ], [ -73.952284894034435, 40.737065875040251 ], [ -73.952251644652875, 40.737045556923256 ], [ -73.952220601674014, 40.737023310578437 ], [ -73.93855260401341, 40.726422265136456 ], [ -73.938518864718247, 40.726393513797198 ], [ -73.938488807294107, 40.726362488223458 ], [ -73.938462695144821, 40.726329460308847 ], [ -73.938440757098661, 40.726294719494007 ], [ -73.938423185403138, 40.726258570230257 ], [ -73.938410134040453, 40.726221329311258 ], [ -73.935111221482487, 40.714656314294466 ], [ -73.935102579291055, 40.7146168419955 ], [ -73.935099013987951, 40.714576917756574 ], [ -73.935100559244631, 40.714536918732335 ], [ -73.935107200454283, 40.71449722278323 ], [ -73.935436211402717, 40.713083224292454 ], [ -73.935452332883088, 40.713032739637477 ], [ -73.940761423842261, 40.70003976325814 ] ] ] } },
{ "type": "Feature", "properties": { "hotspot_id": 45, "n_dropoffs": 57, "total_weight": 36.2, "area_sqm": 845757.68623734417, "area_sqkm": 0.84575768623734415 }, "geometry": { "type": "Polygon", "coordinates": [ [ [ -73.9429087370372, 40.752959811202793 ], [ -73.942960387789711, 40.752950759179818 ], [ -73.943012954973369, 40.752945591387338 ], [ -73.943065934738158, 40.752944357357997 ], [ -73.943118819279746, 40.752947068919795 ], [ -73.943171101706454, 40.75295370008277 ], [ -73.943222280897459, 40.752964187288001 ], [ -73.943271866305764, 40.752978430016931 ], [ -73.943319382659766, 40.75299629175457 ], [ -73.943364374518552, 40.75301760129809 ], [ -73.943406410637039, 40.75304215439764 ], [ -73.943445088099338, 40.75306971571392 ], [ -73.943480036180617, 40.753100021073891 ], [ -73.943510919900575, 40.753132780002623 ], [ -73.943537443234177, 40.753167678507502 ], [ -73.94355935194929, 40.753204382087645 ], [ -73.943576436043571, 40.753242538940107 ], [ -73.943588531757712, 40.753281783331666 ], [ -73.943595523145277, 40.753321739104429 ], [ -73.943597343184408, 40.753362023281248 ], [ -73.943593974420608, 40.753402249736503 ], [ -73.943585449134318, 40.75344203289719 ], [ -73.94357184903194, 40.753480991438543 ], [ -73.942575865570873, 40.755857995855763 ], [ -73.942558736578931, 40.755893229625215 ], [ -73.942537455763798, 40.755927129549271 ], [ -73.942512200275445, 40.75595941342165 ], [ -73.942483180352625, 40.755989812488785 ], [ -73.942450637572875, 40.756018073687287 ], [ -73.942214637659504, 40.756205074479844 ], [ -73.942175360646544, 40.756233240488818 ], [ -73.942132590073271, 40.756258291998627 ], [ -73.941768589114162, 40.756450292964296 ], [ -73.941720862495515, 40.756472773645022 ], [ -73.941670331072174, 40.756491375317182 ], [ -73.941617538158269, 40.756505897974677 ], [ -73.941563051384819, 40.756516185469131 ], [ -73.941507456596312, 40.756522127188866 ], [ -73.940386449747635, 40.756597127646167 ], [ -73.940333539614059, 40.756598690833115 ], [ -73.940280681706113, 40.756596316469796 ], [ -73.94022838158088, 40.756590027265638 ], [ -73.940177139460246, 40.756579883373469 ], [ -73.940127445446322, 40.756565981813999 ], [ -73.940079774833706, 40.756548455547929 ], [ -73.940034583563218, 40.756527472204134 ], [ -73.939992303861075, 40.756503232476263 ], [ -73.939953340104751, 40.756475968203262 ], [ -73.939918064955251, 40.756445940151771 ], [ -73.939886815792917, 40.756413435521935 ], [ -73.939859891490627, 40.756378765200502 ], [ -73.939837549555449, 40.756342260787157 ], [ -73.939820003665815, 40.756304271423012 ], [ -73.939807421628259, 40.756265160451186 ], [ -73.939799923772597, 40.756225301941534 ], [ -73.939797581801443, 40.756185077112988 ], [ -73.939800418104753, 40.756144870687315 ], [ -73.939808405546017, 40.756105067209681 ], [ -73.939821467722226, 40.756066047370588 ], [ -73.939839479694854, 40.756028184365 ], [ -73.940435486402706, 40.754944186924469 ], [ -73.940436958944744, 40.754941534758636 ], [ -73.941259967925461, 40.75347353828262 ], [ -73.941283431258469, 40.753436841809602 ], [ -73.941311556050138, 40.753402091769381 ], [ -73.941344066037445, 40.753369629494429 ], [ -73.94138064188509, 40.75333977384534 ], [ -73.941420924322387, 40.753312818078584 ], [ -73.941464517672216, 40.753289026966307 ], [ -73.941510993737509, 40.753268634195692 ], [ -73.941559896007249, 40.753251840073645 ], [ -73.94161074414032, 40.753238809559413 ], [ -73.9429087370372, 40.752959811202793 ] ] ] } },
{ "type": "Feature", "properties": { "hotspot_id": 46, "n_dropoffs": 329, "total_weight": 232.7, "area_sqm": 4935621.8767988812, "area_sqkm": 4.9356218767988809 }, "geometry": { "type": "Polygon", "coordinates": [ [ [ -73.9543448756028, 40.740913493403383 ], [ -73.954397888797331, 40.740914193230964 ], [ -73.954450557662852, 40.740918834523242 ], [ -73.954502376876675, 40.740927372750136 ], [ -73.956348366653955, 40.741304370521284 ], [ -73.95640088668975, 40.741317313124547 ], [ -73.956451400332412, 40.7413342572601 ], [ -73.956499382140848, 40.741355026676196 ], [ -73.958928374651478, 40.742535020588669 ], [ -73.958968294519096, 40.742556399764275 ], [ -73.959005519352033, 40.742580427682029 ], [ -73.959039746328273, 40.742606908877981 ], [ -73.959070697011896, 40.742635627930987 ], [ -73.959098119618318, 40.742666351214801 ], [ -73.959121791062501, 40.74269882879873 ], [ -73.959669795660886, 40.74353782651378 ], [ -73.959690894259253, 40.743574502747435 ], [ -73.959707209778216, 40.743612564085311 ], [ -73.959718587950988, 40.743651650668411 ], [ -73.959724921191267, 40.743691392943838 ], [ -73.959726149610859, 40.743731415158543 ], [ -73.959722261586165, 40.743771338912119 ], [ -73.959713293868475, 40.74381078673435 ], [ -73.959699331236749, 40.743849385654251 ], [ -73.958186355388591, 40.747355392346812 ], [ -73.958157259075463, 40.747409503515541 ], [ -73.957378265667728, 40.748607506766241 ], [ -73.957352017261442, 40.748643276057962 ], [ -73.957321225046798, 40.748676884659659 ], [ -73.957286193829304, 40.748707999879812 ], [ -73.957247270377792, 40.748736313708385 ], [ -73.957204839991888, 40.748761545866152 ], [ -73.9571593226879, 40.748783446578962 ], [ -73.957111169041085, 40.748801799050611 ], [ -73.957060855725246, 40.74881642160895 ], [ -73.957008880793936, 40.74882716950431 ], [ -73.956955758750084, 40.74883393634255 ], [ -73.956902015452513, 40.74883665513822 ], [ -73.956848182910292, 40.74883529897776 ], [ -73.956794794015906, 40.748829881285914 ], [ -73.956742377269947, 40.748820455692794 ], [ -73.956691451549105, 40.74880711550302 ], [ -73.956642520969496, 40.748789992772046 ], [ -73.956596069896236, 40.748769256998798 ], [ -73.955710067287882, 40.748327254736509 ], [ -73.95566256307886, 40.748300630599843 ], [ -73.9556191514652, 40.748270232422129 ], [ -73.950042152780469, 40.743914213820155 ], [ -73.950006952611361, 40.743883866360889 ], [ -73.949975839802249, 40.743851037160489 ], [ -73.949949114949519, 40.743816043404856 ], [ -73.949927036253186, 40.743779223192547 ], [ -73.949909817022458, 40.743740932268324 ], [ -73.949897623615101, 40.743701540585796 ], [ -73.949890573830402, 40.743661428733027 ], [ -73.949888735771353, 40.743620984255543 ], [ -73.949905742959615, 40.742735984334715 ], [ -73.949909093299027, 40.742695873871099 ], [ -73.949917569683635, 40.742656202984158 ], [ -73.949931091327755, 40.742617349721954 ], [ -73.949949529366947, 40.742579684340214 ], [ -73.949972708086349, 40.742543565774135 ], [ -73.95000040659545, 40.742509338217772 ], [ -73.950032360933321, 40.742477327844192 ], [ -73.950068266584196, 40.742447839697292 ], [ -73.950107781379543, 40.742421154784928 ], [ -73.952239777751927, 40.741117161005455 ], [ -73.952283776501645, 40.741092910844557 ], [ -73.952330749953504, 40.74107213787692 ], [ -73.952380224795888, 40.74105505141307 ], [ -73.952431702514119, 40.741041823617756 ], [ -73.95248466441349, 40.741032587775379 ], [ -73.953004661348459, 40.740962588197299 ], [ -73.953056311280704, 40.740957569626374 ], [ -73.953405309144259, 40.740936569754538 ], [ -73.953430881242284, 40.740935493268772 ], [ -73.9543448756028, 40.740913493403383 ] ] ] } },
{ "type": "Feature", "properties": { "hotspot_id": 47, "n_dropoffs": 535, "total_weight": 354.1, "area_sqm": 30625059.746312588, "area_sqkm": 30.625059746312587 }, "geometry": { "type": "Polygon", "coordinates": [ [ [ -73.926567768975204, 40.736653423428727 ], [ -73.926620723298669, 40.736649019748924 ], [ -73.926673990247096, 40.736648596781592 ], [ -73.926727053888655, 40.736652158623457 ], [ -73.9267794002606, 40.736659670775353 ], [ -73.930321380206706, 40.737306666924169 ], [ -73.930374974728821, 40.737318712689934 ], [ -73.930426650717436, 40.737334897654215 ], [ -73.930475857303918, 40.737355049285 ], [ -73.930522069942171, 40.737378952765269 ], [ -73.930564796000198, 40.737406353282978 ], [ -73.936413792706432, 40.741568334677694 ], [ -73.93645283385284, 40.741599158889784 ], [ -73.936487456729068, 40.741632899307774 ], [ -73.936517287158239, 40.741669191298406 ], [ -73.936542002753868, 40.741707642653004 ], [ -73.936561336404225, 40.741747837825798 ], [ -73.937859358938809, 40.744953832050193 ], [ -73.937871329457593, 40.744988777923872 ], [ -73.937879227603332, 40.745024387154182 ], [ -73.937882992605381, 40.745060385782843 ], [ -73.937882595491089, 40.745096496855332 ], [ -73.93786059808059, 40.745416496957596 ], [ -73.937855012888633, 40.745457746764352 ], [ -73.937844000162798, 40.745498360038837 ], [ -73.93782767161396, 40.745537924772059 ], [ -73.937806192881141, 40.745576039591462 ], [ -73.93777978185156, 40.745612317832752 ], [ -73.937748706450435, 40.7456463914626 ], [ -73.937713281923266, 40.745677914812333 ], [ -73.937673867637926, 40.745706568084834 ], [ -73.937630863438983, 40.745732060598804 ], [ -73.93758470559149, 40.745754133737869 ], [ -73.937535862355077, 40.745772563574334 ], [ -73.937484829233497, 40.745787163140861 ], [ -73.933572808558196, 40.746738168685866 ], [ -73.933523336461462, 40.746748259518249 ], [ -73.933472831820566, 40.746754749185413 ], [ -73.914936719742329, 40.748453759510781 ], [ -73.914887218019643, 40.748456549552358 ], [ -73.902230139889994, 40.748726551204463 ], [ -73.902178824608711, 40.748725791999924 ], [ -73.9021278344904, 40.74872134043158 ], [ -73.90207762786028, 40.748713236512401 ], [ -73.902028656000766, 40.74870155308453 ], [ -73.901981359094933, 40.748686395164526 ], [ -73.901936162269763, 40.748667898999315 ], [ -73.900901158766857, 40.74819489651756 ], [ -73.900855459860722, 40.74817152624864 ], [ -73.900813119353188, 40.748144746022248 ], [ -73.900774575386791, 40.74811483296471 ], [ -73.900740226815117, 40.748082096620969 ], [ -73.90071042907573, 40.748046875751378 ], [ -73.899752435081197, 40.746776871882922 ], [ -73.899728002334754, 40.746740389960934 ], [ -73.89970845465821, 40.746702242874179 ], [ -73.899693985346971, 40.746662807853134 ], [ -73.89968473747642, 40.746622474863919 ], [ -73.899680802487453, 40.746581642751742 ], [ -73.899682219282582, 40.746540715296788 ], [ -73.899688973841606, 40.74650009722135 ], [ -73.899700999360689, 40.746460190187648 ], [ -73.899718176913311, 40.746421388825851 ], [ -73.89974033662665, 40.746384076831703 ], [ -73.899767259361738, 40.746348623172501 ], [ -73.901907269387124, 40.743828631541653 ], [ -73.9019421562639, 40.743792109882037 ], [ -73.901982090586969, 40.743758712707269 ], [ -73.902026592250948, 40.743728841524671 ], [ -73.90207512624329, 40.743702855450898 ], [ -73.902500124885862, 40.743500856499509 ], [ -73.902534946393843, 40.743485641927336 ], [ -73.902571155075478, 40.743472432618375 ], [ -73.920461072874758, 40.737554465839338 ], [ -73.920485826670756, 40.737546821561438 ], [ -73.921373822269004, 40.73729182302182 ], [ -73.921426096395749, 40.737279074880981 ], [ -73.921479799233055, 40.737270419698795 ], [ -73.926567768975204, 40.736653423428727 ] ] ] } },
{ "type": "Feature", "properties": { "hotspot_id": 48, "n_dropoffs": 270, "total_weight": 173.7, "area_sqm": 3760499.4039635891, "area_sqkm": 3.7604994039635891 }, "geometry": { "type": "Polygon", "coordinates": [ [ [ -73.9496849384212, 40.743651574253995 ], [ -73.949738950302418, 40.743645344906469 ], [ -73.949793512643467, 40.743643287671929 ], [ -73.949848069763604, 40.743645423501953 ], [ -73.949902066035207, 40.743651730644544 ], [ -73.949954951542267, 40.743662144865674 ], [ -73.950006187680543, 40.743676560103431 ], [ -73.950055252642613, 40.743694829548112 ], [ -73.950101646731937, 40.743716767137371 ], [ -73.950144897451779, 40.743742149450945 ], [ -73.950184564317141, 40.74377071798606 ], [ -73.950220243340809, 40.743802181789903 ], [ -73.950251571147732, 40.743836220422708 ], [ -73.950278228675884, 40.743872487221161 ], [ -73.950299944425907, 40.743910612828806 ], [ -73.950316497226382, 40.743950208957664 ], [ -73.950327718486704, 40.743990872342586 ], [ -73.95066173109538, 40.745601870806567 ], [ -73.950667573135476, 40.745644114285192 ], [ -73.950667661259217, 40.745686590730941 ], [ -73.950661994517631, 40.745728848019731 ], [ -73.950650633217407, 40.745770436359344 ], [ -73.950633698279489, 40.745810913077051 ], [ -73.950611369952284, 40.745849847331726 ], [ -73.949313380751661, 40.747827852738524 ], [ -73.949277246760147, 40.74787485380881 ], [ -73.94851324988575, 40.74873285675374 ], [ -73.948483842173346, 40.748762850598737 ], [ -73.948450975551026, 40.748790690293227 ], [ -73.948414921436097, 40.748816145929446 ], [ -73.947374920051075, 40.749486149058789 ], [ -73.947334064727556, 40.7495100251192 ], [ -73.947290409763539, 40.74953083923824 ], [ -73.947244350602148, 40.749548402872648 ], [ -73.947196304465763, 40.749562556923301 ], [ -73.947146706576603, 40.749573173176579 ], [ -73.947096006214096, 40.749580155465594 ], [ -73.947044662644899, 40.749583440541684 ], [ -73.946993140962491, 40.749582998647099 ], [ -73.946941907873793, 40.749578833784739 ], [ -73.946891427471456, 40.749570983681807 ], [ -73.946842157029508, 40.749559519448091 ], [ -73.94679454286107, 40.749544544931766 ], [ -73.940939517367056, 40.747449533327924 ], [ -73.940892876170267, 40.747430676707815 ], [ -73.940848873417892, 40.74740845283641 ], [ -73.940807928048926, 40.747383073302856 ], [ -73.940770429892297, 40.747354779740611 ], [ -73.94073673595534, 40.747323841526594 ], [ -73.940707167024982, 40.747290553216558 ], [ -73.940682004613564, 40.747255231740532 ], [ -73.940425006907276, 40.746848230662025 ], [ -73.940404756478344, 40.746811764328257 ], [ -73.940389204474243, 40.746773987478861 ], [ -73.940378494656258, 40.746735249339231 ], [ -73.940372726021891, 40.746695908020712 ], [ -73.940371951889858, 40.746656327209998 ], [ -73.940376179407693, 40.746616872807174 ], [ -73.940385369485838, 40.746577909543056 ], [ -73.940399437159428, 40.746539797607625 ], [ -73.940418252373959, 40.74650288932024 ], [ -73.940441641187974, 40.746467525872809 ], [ -73.940469387381128, 40.746434034175692 ], [ -73.940501234453308, 40.746402723835708 ], [ -73.941199235497422, 40.745780726307409 ], [ -73.941238852607384, 40.745749003468795 ], [ -73.9412826722007, 40.745720657092519 ], [ -73.941330199438838, 40.7456960072806 ], [ -73.941380897616497, 40.745675332391095 ], [ -73.941434194222239, 40.745658865895138 ], [ -73.946555167883659, 40.744312873682496 ], [ -73.946559879404091, 40.744311653592824 ], [ -73.948284870434122, 40.743871656146453 ], [ -73.948348946175358, 40.743858573012403 ], [ -73.9496849384212, 40.743651574253995 ] ] ] } },
{ "type": "Feature", "properties": { "hotspot_id": 49, "n_dropoffs": 109, "total_weight": 72.7, "area_sqm": 1928128.8987488961, "area_sqkm": 1.928128898748896 }, "geometry": { "type": "Polygon", "coordinates": [ [ [ -73.937105205600233, 40.748862793303843 ], [ -73.937113674508836, 40.748823655776228 ], [ -73.937127056175569, 40.748785319636852 ], [ -73.937145226394719, 40.748748140689507 ], [ -73.937168016518044, 40.748712463997364 ], [ -73.937195215020239, 40.74867862068038 ], [ -73.937226569462425, 40.748646924842227 ], [ -73.937261788835215, 40.748617670655221 ], [ -73.93730054625965, 40.748591129629993 ], [ -73.937342482021165, 40.748567548095849 ], [ -73.937387206908085, 40.748547144914603 ], [ -73.937434305823885, 40.748530109449284 ], [ -73.937483341639577, 40.748516599806941 ], [ -73.937533859250721, 40.748506741371116 ], [ -73.937585389800944, 40.748500625638364 ], [ -73.937637455033268, 40.748498309368983 ], [ -73.937689571728598, 40.748499814060331 ], [ -73.939608560000963, 40.748625813291902 ], [ -73.939660073991888, 40.748631100179459 ], [ -73.939710683797202, 40.748640120055455 ], [ -73.939759922823129, 40.748652789761834 ], [ -73.939807337113038, 40.748668992491083 ], [ -73.939852489532441, 40.748688578863202 ], [ -73.940766486693192, 40.749130576580114 ], [ -73.940775637648713, 40.749135100964658 ], [ -73.941517635516135, 40.749510099052884 ], [ -73.941558661503805, 40.749533018296084 ], [ -73.94159667546684, 40.749558766750944 ], [ -73.941631341293558, 40.749587116757397 ], [ -73.941662352474353, 40.749617817652862 ], [ -73.941689434811749, 40.749650597988563 ], [ -73.941712348845002, 40.749685167929485 ], [ -73.941730891967381, 40.749721221816912 ], [ -73.941744900217799, 40.749758440870941 ], [ -73.94175424973082, 40.749796496009083 ], [ -73.941758857831928, 40.749835050755721 ], [ -73.941765858820531, 40.749957050723133 ], [ -73.941766270423287, 40.749966962656934 ], [ -73.941788277383893, 40.750823962554534 ], [ -73.941786900587147, 40.750862423518413 ], [ -73.94178080870897, 40.750900618797445 ], [ -73.941770054943248, 40.750938214822803 ], [ -73.941754733197612, 40.750974883258529 ], [ -73.941734977273725, 40.751010303869073 ], [ -73.940519988108321, 40.752933308966888 ], [ -73.940494059468364, 40.752969568746408 ], [ -73.940463487038798, 40.753003672090287 ], [ -73.940428578072016, 40.753035276252923 ], [ -73.940389683404931, 40.753064063605514 ], [ -73.940347193933249, 40.753089744828443 ], [ -73.940301536682711, 40.753112061819088 ], [ -73.940253170517579, 40.753130790285944 ], [ -73.940202581528638, 40.753145742002978 ], [ -73.940150278147854, 40.753156766701366 ], [ -73.940096786038154, 40.753163753579727 ], [ -73.940042642810212, 40.753166632418029 ], [ -73.938570633717688, 40.753188632552693 ], [ -73.938513897419227, 40.753187216531401 ], [ -73.938457667979222, 40.753181290585736 ], [ -73.938402563591978, 40.753170919866399 ], [ -73.938349190082107, 40.753156218390501 ], [ -73.938298134243766, 40.753137347787948 ], [ -73.93824995738899, 40.753114515524501 ], [ -73.938205189176472, 40.753087972620662 ], [ -73.936838187599392, 40.752185968450384 ], [ -73.936800214272935, 40.752158343634839 ], [ -73.936765941709467, 40.75212804923067 ], [ -73.936735692814025, 40.752095370666595 ], [ -73.936709752580015, 40.752060615834026 ], [ -73.936688365404336, 40.752024112186085 ], [ -73.93667173278476, 40.751986203652415 ], [ -73.936660011421807, 40.751947247398519 ], [ -73.936653311742646, 40.751907610460691 ], [ -73.936651696860864, 40.751867666287801 ], [ -73.936655181982331, 40.751827791222794 ], [ -73.937105205600233, 40.748862793303843 ] ] ] } },
{ "type": "Feature", "properties": { "hotspot_id": 50, "n_dropoffs": 90, "total_weight": 56.7, "area_sqm": 1654392.8112833418, "area_sqkm": 1.6543928112833419 }, "geometry": { "type": "Polygon", "coordinates": [ [ [ -73.934978918248845, 40.750161315302606 ], [ -73.935023335170968, 40.750141279443355 ], [ -73.935070060298514, 40.750124553272535 ], [ -73.935118668458003, 40.750111288988712 ], [ -73.935168717342378, 40.750101607289196 ], [ -73.935219751535485, 40.750095596271819 ], [ -73.93527130665592, 40.750093310633325 ], [ -73.935322913582439, 40.750094771171661 ], [ -73.935374102722378, 40.750099964596821 ], [ -73.935424408284533, 40.750108843651653 ], [ -73.935473372517237, 40.750121327541947 ], [ -73.935520549873516, 40.75013730267154 ], [ -73.935565511065121, 40.750156623675878 ], [ -73.935607846968608, 40.750179114744803 ], [ -73.935647172348098, 40.750204571222092 ], [ -73.936830171697267, 40.751047567456666 ], [ -73.936866545919301, 40.751076116873627 ], [ -73.936899130099931, 40.751107200959638 ], [ -73.936927620466065, 40.751140529931767 ], [ -73.936951751408145, 40.751175793078588 ], [ -73.936971297956546, 40.751212661656702 ], [ -73.93698607787907, 40.751250791955371 ], [ -73.936995953380006, 40.751289828500823 ], [ -73.937580977947889, 40.754406825804978 ], [ -73.937585857897133, 40.75444641082575 ], [ -73.937585694047328, 40.754486169212484 ], [ -73.937580487917486, 40.754525730195951 ], [ -73.93757028804886, 40.754564724847093 ], [ -73.937555189552612, 40.754602789517598 ], [ -73.937535333223195, 40.754639569231223 ], [ -73.937510904225618, 40.75467472099411 ], [ -73.937243905784044, 40.755017722063592 ], [ -73.937233106530428, 40.755031013341245 ], [ -73.936922107996622, 40.755398014558047 ], [ -73.936890691409047, 40.755431321397751 ], [ -73.936855075300059, 40.755462087672001 ], [ -73.936815612682111, 40.75549000843322 ], [ -73.936772694694881, 40.755514806937349 ], [ -73.936726746728255, 40.755536237387211 ], [ -73.93667822420602, 40.755554087368758 ], [ -73.936627608071674, 40.755568179956668 ], [ -73.936575400021212, 40.755578375467955 ], [ -73.936522117530231, 40.755584572846708 ], [ -73.936468288724555, 40.755586710665703 ], [ -73.936414447145282, 40.755584767735243 ], [ -73.936361126460113, 40.755578763313302 ], [ -73.936308855173479, 40.755568756914599 ], [ -73.93625815138779, 40.755554847720568 ], [ -73.936209517667891, 40.755537173596458 ], [ -73.935309514204789, 40.755167171604171 ], [ -73.93526630937383, 40.755147378232849 ], [ -73.935225714360698, 40.755124613253599 ], [ -73.935188081503227, 40.755099074252982 ], [ -73.935153737428365, 40.75507098289409 ], [ -73.933567739936194, 40.753645977259033 ], [ -73.933534220520272, 40.753612535699098 ], [ -73.933505361380327, 40.753576668627055 ], [ -73.933481463532843, 40.753538750165525 ], [ -73.933462776242678, 40.753499175834094 ], [ -73.933223780490522, 40.752898174769214 ], [ -73.933210154735434, 40.752855994837319 ], [ -73.933202448139838, 40.752812958008462 ], [ -73.933200746462489, 40.752769543259561 ], [ -73.933205068630443, 40.752726233772677 ], [ -73.933215366528756, 40.752683511557379 ], [ -73.933231525536684, 40.752641852086377 ], [ -73.934142538688064, 40.750680856084905 ], [ -73.934161398735441, 40.750645551773097 ], [ -73.934184470141332, 40.75061172477519 ], [ -73.9342115552558, 40.750579664873833 ], [ -73.934242422046012, 40.750549646713267 ], [ -73.934276806084142, 40.750521927446584 ], [ -73.934314412812611, 40.750496744532867 ], [ -73.934354920067605, 40.750474313703236 ], [ -73.934978918248845, 40.750161315302606 ] ] ] } },
{ "type": "Feature", "properties": { "hotspot_id": 51, "n_dropoffs": 81, "total_weight": 42.7, "area_sqm": 1902734.0833470947, "area_sqkm": 1.9027340833470947 }, "geometry": { "type": "Polygon", "coordinates": [ [ [ -73.890805847674443, 40.744965076770193 ], [ -73.890842371531761, 40.744935535376307 ], [ -73.890882539182471, 40.744908869876326 ], [ -73.890925960975395, 40.744885338939476 ], [ -73.890972215693836, 40.744865170827858 ], [ -73.89102085464161, 40.744848561182224 ], [ -73.891071405995405, 40.744835671124349 ], [ -73.891123379381668, 40.744826625694031 ], [ -73.891176270633139, 40.744821512636307 ], [ -73.8912295666793, 40.744820381550277 ], [ -73.891282750523189, 40.744823243408028 ], [ -73.891335306256153, 40.74483007044816 ], [ -73.891386724062215, 40.744840796445132 ], [ -73.891436505163227, 40.744855317351565 ], [ -73.893716494780946, 40.745620313067164 ], [ -73.893774093243223, 40.745642860006072 ], [ -73.893827738096491, 40.745670478228746 ], [ -73.895111735515442, 40.746420474587694 ], [ -73.895151342275156, 40.746445995573822 ], [ -73.89518755284621, 40.746474284396427 ], [ -73.895220034259182, 40.746505080932913 ], [ -73.895248487833939, 40.746538102001388 ], [ -73.895272651926135, 40.746573043964283 ], [ -73.89529230433331, 40.746609585520517 ], [ -73.895307264338228, 40.746647390659675 ], [ -73.895317394370963, 40.746686111751785 ], [ -73.895322601274074, 40.746725392743834 ], [ -73.895322837159597, 40.746764872433687 ], [ -73.895318099849661, 40.746804187791462 ], [ -73.89530843289684, 40.746842977297739 ], [ -73.895293925184077, 40.746880884267931 ], [ -73.894409938430513, 40.74883588815954 ], [ -73.894389625711611, 40.748874384307086 ], [ -73.894364322668139, 40.74891113065987 ], [ -73.89433428613485, 40.748945754217964 ], [ -73.894299820995926, 40.748977903528647 ], [ -73.894261277090465, 40.749007252254025 ], [ -73.894107276962885, 40.749113252735107 ], [ -73.894066324172897, 40.749138784431601 ], [ -73.894022287293268, 40.749161151123872 ], [ -73.893975587678739, 40.749180138800966 ], [ -73.893926672163076, 40.749195565783118 ], [ -73.893876008783607, 40.749207284460276 ], [ -73.89382408230253, 40.749215182704468 ], [ -73.893771389568514, 40.749219184942831 ], [ -73.893148385733028, 40.749243185089576 ], [ -73.893097419316803, 40.749243321456987 ], [ -73.893046661903966, 40.749239812191384 ], [ -73.89299656337414, 40.749232688396511 ], [ -73.89294756776674, 40.749222013212929 ], [ -73.892900109345064, 40.749207881258201 ], [ -73.889502094002609, 40.748052874803498 ], [ -73.889452663801251, 40.748033703333334 ], [ -73.889406073644324, 40.748010784523359 ], [ -73.889362812986064, 40.747984359149221 ], [ -73.889323336300748, 40.747954704824956 ], [ -73.88928805830821, 40.747922133086135 ], [ -73.889257349616997, 40.74788698611696 ], [ -73.889231532831076, 40.747849633155312 ], [ -73.889210879160842, 40.747810466613622 ], [ -73.889195605574329, 40.74776989795614 ], [ -73.889185872518013, 40.747728353376381 ], [ -73.889064878326479, 40.746996352817476 ], [ -73.889060941503899, 40.746958487457142 ], [ -73.889061609874076, 40.746920507309589 ], [ -73.889066877740376, 40.746882735640717 ], [ -73.889076700257959, 40.746845493941407 ], [ -73.889090993815771, 40.746809099191168 ], [ -73.889109636748387, 40.746773861160371 ], [ -73.889132470371877, 40.746740079773552 ], [ -73.889756474281, 40.745913082293185 ], [ -73.889783279326863, 40.745881071171425 ], [ -73.889813846167797, 40.745851073253988 ], [ -73.890805847674443, 40.744965076770193 ] ] ] } },
{ "type": "Feature", "properties": { "hotspot_id": 52, "n_dropoffs": 90, "total_weight": 57.9, "area_sqm": 6058555.3715742044, "area_sqkm": 6.0585553715742044 }, "geometry": { "type": "Polygon", "coordinates": [ [ [ -73.883712219577035, 40.747569912255202 ], [ -73.883724841726959, 40.747530317116592 ], [ -73.883742547789723, 40.747491864622766 ], [ -73.883765164368384, 40.747454931323574 ], [ -73.883792469980236, 40.747419878891392 ], [ -73.883824197226133, 40.747387050579526 ], [ -73.883860035409114, 40.747356767860907 ], [ -73.883899633577073, 40.747329327280212 ], [ -73.883942603959611, 40.747304997550081 ], [ -73.883988525765218, 40.747284016919693 ], [ -73.884036949301901, 40.74726659084201 ], [ -73.884087400380679, 40.747252889961814 ], [ -73.884139384958857, 40.747243048444837 ], [ -73.884192393977798, 40.747237162664 ], [ -73.884245908347566, 40.747235290255638 ], [ -73.884299404029889, 40.747237449555335 ], [ -73.884352357169462, 40.747243619418178 ], [ -73.886946342118279, 40.747646617001237 ], [ -73.887006125093947, 40.747658645699289 ], [ -73.890089108915816, 40.748424641242281 ], [ -73.890135950498731, 40.748438132562221 ], [ -73.890180952035266, 40.748454858588993 ], [ -73.890223728295936, 40.748474676142266 ], [ -73.89026391309946, 40.74849741557707 ], [ -73.890301162447216, 40.74852288223601 ], [ -73.890335157468087, 40.748550858115458 ], [ -73.890365607148041, 40.748581103731624 ], [ -73.89146361129859, 40.749783099533751 ], [ -73.891495489933916, 40.749822562488021 ], [ -73.891521338732133, 40.749864498671997 ], [ -73.891540830572495, 40.749908377395272 ], [ -73.89194583864024, 40.751023375578029 ], [ -73.891957734326795, 40.75106403906026 ], [ -73.891964165827289, 40.751105408554416 ], [ -73.891965067288041, 40.751147060533576 ], [ -73.89196042946979, 40.751188568578108 ], [ -73.891950299842875, 40.751229507741144 ], [ -73.891833302588665, 40.75159850827059 ], [ -73.891821084706024, 40.751631093799382 ], [ -73.89180538467285, 40.751662804922852 ], [ -73.890890394734015, 40.753302808843749 ], [ -73.89086530650809, 40.753341893518119 ], [ -73.890834936395876, 40.753378747495297 ], [ -73.890799623305938, 40.753412959501283 ], [ -73.890759761309994, 40.753444147744723 ], [ -73.890715795245555, 40.753471964177614 ], [ -73.890668215751731, 40.753496098379614 ], [ -73.884753195370919, 40.756164112425573 ], [ -73.884708572521475, 40.756182152639738 ], [ -73.88466193203125, 40.756196950407443 ], [ -73.884613680267563, 40.756208376798945 ], [ -73.884564237637164, 40.756216332258504 ], [ -73.884514034923129, 40.756220747471872 ], [ -73.884463509531329, 40.756221583970252 ], [ -73.884413101679257, 40.756218834465294 ], [ -73.884363250560213, 40.756212522912953 ], [ -73.883800247315165, 40.756120522362394 ], [ -73.883749194736026, 40.756110174592898 ], [ -73.883699711610106, 40.756096092159567 ], [ -73.883652269167769, 40.756078409170364 ], [ -73.883607319204771, 40.756057294021637 ], [ -73.883565289779682, 40.756032947794104 ], [ -73.883526581137417, 40.756005602338078 ], [ -73.883491561897515, 40.755975518065362 ], [ -73.883460565543913, 40.755942981469197 ], [ -73.883433887249197, 40.75590830239598 ], [ -73.883411781063785, 40.755871811094472 ], [ -73.883394457496848, 40.755833855070641 ], [ -73.882632471583136, 40.753857851667135 ], [ -73.882622647730088, 40.753828387772629 ], [ -73.882615709228929, 40.753798453010141 ], [ -73.882538712569172, 40.753375452655114 ], [ -73.882537505476947, 40.753368369285219 ], [ -73.88243951038271, 40.752751368832342 ], [ -73.882435685629588, 40.752709141131248 ], [ -73.882437582418333, 40.752666837963517 ], [ -73.882445180689572, 40.752624906461406 ], [ -73.883712219577035, 40.747569912255202 ] ] ] } },
{ "type": "Feature", "properties": { "hotspot_id": 53, "n_dropoffs": 70, "total_weight": 42.999999999999993, "area_sqm": 1564930.1039756285, "area_sqkm": 1.5649301039756285 }, "geometry": { "type": "Polygon", "coordinates": [ [ [ -73.940103517783285, 40.810968620133913 ], [ -73.940157266917311, 40.810959365376647 ], [ -73.940211975297487, 40.810954306621774 ], [ -73.940267077011342, 40.810953496197861 ], [ -73.940322002077835, 40.81095694248809 ], [ -73.940376182343144, 40.81096460984346 ], [ -73.940429057357321, 40.810976418951533 ], [ -73.940480080171483, 40.810992247656962 ], [ -73.940915078271047, 40.811147246798228 ], [ -73.940974495728398, 40.811171972141409 ], [ -73.942311491529438, 40.811813968820523 ], [ -73.942354136867451, 40.811836696052495 ], [ -73.942393713014638, 40.81186242936775 ], [ -73.942429854254073, 40.811890930971174 ], [ -73.942462226608711, 40.811921937486318 ], [ -73.9424905309276, 40.811955162389083 ], [ -73.942514505650408, 40.811990298655296 ], [ -73.942533929224524, 40.812027021597792 ], [ -73.942548622152714, 40.812064991866748 ], [ -73.942558448651951, 40.812103858585353 ], [ -73.942563317908508, 40.812143262592343 ], [ -73.942563184917432, 40.812182839760808 ], [ -73.942558050898825, 40.812222224362998 ], [ -73.942268062637638, 40.813712225696726 ], [ -73.94225600435206, 40.81375690861104 ], [ -73.942237514384701, 40.813800303884818 ], [ -73.941898518695666, 40.814467305355038 ], [ -73.941873616557686, 40.814509182483945 ], [ -73.941842726950242, 40.814548690365555 ], [ -73.940751731516968, 40.815781694574824 ], [ -73.940743306905361, 40.81579094029528 ], [ -73.94021330874908, 40.81635594230179 ], [ -73.940179827961785, 40.816388114164447 ], [ -73.940142300118666, 40.816417595671155 ], [ -73.940101097620115, 40.816444094263851 ], [ -73.940056629333256, 40.816467346984879 ], [ -73.940009336534601, 40.816487123086631 ], [ -73.939959688530877, 40.81650322632143 ], [ -73.939908178001872, 40.816515496889053 ], [ -73.939855316111078, 40.816523813022634 ], [ -73.9398016274329, 40.816528092197082 ], [ -73.939747644746859, 40.816528291948025 ], [ -73.939693903750211, 40.816524410293177 ], [ -73.939640937741657, 40.816516485752182 ], [ -73.939589272328917, 40.816504596964194 ], [ -73.939539420212512, 40.816488861907452 ], [ -73.939491876097833, 40.816469436728603 ], [ -73.939447111785725, 40.816446514192982 ], [ -73.939405571490383, 40.816420321771602 ], [ -73.939111571279099, 40.816215320847419 ], [ -73.939111034853127, 40.816214946300612 ], [ -73.938506034431597, 40.81579194439604 ], [ -73.938467406690336, 40.815762038979976 ], [ -73.938432979795962, 40.815729305650805 ], [ -73.938403110311071, 40.815694083436753 ], [ -73.938378107594346, 40.815656737143613 ], [ -73.938358230596776, 40.815617653576183 ], [ -73.938343685179817, 40.815577237531905 ], [ -73.9383346219836, 40.815535907608336 ], [ -73.938331134867127, 40.815494091867414 ], [ -73.938333259936584, 40.815452223402019 ], [ -73.938340975171755, 40.815410735850321 ], [ -73.93931500457856, 40.811588740296038 ], [ -73.939327478620669, 40.811549968471333 ], [ -73.939344835354333, 40.811512296575231 ], [ -73.939366911645322, 40.811476078664612 ], [ -73.939397911880988, 40.81143107879231 ], [ -73.93940596116127, 40.811419824139975 ], [ -73.939520961911271, 40.81126482460575 ], [ -73.939545762768788, 40.811234543403977 ], [ -73.939573919842701, 40.8112060066521 ], [ -73.93960522182897, 40.811179428499202 ], [ -73.939639433823913, 40.811155008396227 ], [ -73.939746433694197, 40.811085008720823 ], [ -73.939793328866799, 40.811057570738249 ], [ -73.939843882927576, 40.811034182526519 ], [ -73.939897492713669, 40.811015123129884 ], [ -73.939953518606202, 40.811000619945389 ], [ -73.940103517783285, 40.810968620133913 ] ] ] } },
{ "type": "Feature", "properties": { "hotspot_id": 54, "n_dropoffs": 111, "total_weight": 73.5, "area_sqm": 1541062.8642708901, "area_sqkm": 1.5410628642708901 }, "geometry": { "type": "Polygon", "coordinates": [ [ [ -73.935534152269767, 40.794203661414194 ], [ -73.935584200317663, 40.794183758512723 ], [ -73.935636703208559, 40.794167924327979 ], [ -73.935691090141574, 40.79415633100556 ], [ -73.935746769834068, 40.794149104585415 ], [ -73.935803136949531, 40.794146323631388 ], [ -73.935859578678389, 40.794148018377378 ], [ -73.93591548139996, 40.794154170398478 ], [ -73.936379478696225, 40.794224169978307 ], [ -73.93642959950661, 40.794233638652813 ], [ -73.936478306136834, 40.794246691559366 ], [ -73.936525155911198, 40.794263210065409 ], [ -73.936569723029379, 40.794283044040817 ], [ -73.936611602436159, 40.794306013222354 ], [ -73.936650413502747, 40.79433190885198 ], [ -73.936685803486142, 40.794360495573976 ], [ -73.936717450735074, 40.794391513573949 ], [ -73.936745067613373, 40.794424680940232 ], [ -73.936768403114428, 40.794459696225815 ], [ -73.936787245142526, 40.794496241188071 ], [ -73.936801422440794, 40.79453398368117 ], [ -73.936810806147932, 40.794572580674689 ], [ -73.93688480942464, 40.794986580333642 ], [ -73.936889737027897, 40.795043391372261 ], [ -73.936883747997527, 40.796391391400114 ], [ -73.936880502187989, 40.796435022935547 ], [ -73.936871189100444, 40.796478147214231 ], [ -73.936855913653446, 40.796520278356546 ], [ -73.936834847944084, 40.796560941671629 ], [ -73.936808229309477, 40.796599679005737 ], [ -73.934844240786745, 40.799121686866151 ], [ -73.93481596837384, 40.79915434640548 ], [ -73.934783747195624, 40.799184820949336 ], [ -73.934747867756343, 40.799212835736107 ], [ -73.93470865354476, 40.799238138181309 ], [ -73.934666458117533, 40.799260500154929 ], [ -73.934621661911564, 40.799279720038435 ], [ -73.934574668813795, 40.799295624542616 ], [ -73.934525902519681, 40.799308070270072 ], [ -73.934475802712896, 40.799316945008229 ], [ -73.933378796264378, 40.799469945929133 ], [ -73.933325865775359, 40.79947529492398 ], [ -73.933272499465161, 40.799476658408516 ], [ -73.933219215728229, 40.799474023137989 ], [ -73.933166532156847, 40.799467414711138 ], [ -73.933114960513009, 40.799456897321434 ], [ -73.933065001757072, 40.799442573133547 ], [ -73.933017141181054, 40.799424581290928 ], [ -73.932971843694588, 40.799403096563957 ], [ -73.932929549308497, 40.799378327652263 ], [ -73.932890668860665, 40.799350515157371 ], [ -73.932855580025091, 40.799319929245421 ], [ -73.932824623643214, 40.799286867022637 ], [ -73.932798100413251, 40.799251649649293 ], [ -73.932776267969302, 40.799214619219853 ], [ -73.932759338379029, 40.799176135439865 ], [ -73.932747476083932, 40.799136572131786 ], [ -73.932740796302241, 40.799096313603719 ], [ -73.932739363910173, 40.799055750916182 ], [ -73.932756368586325, 40.79848075099526 ], [ -73.932763303276971, 40.798423698528815 ], [ -73.933429327528714, 40.795321701585785 ], [ -73.933440318162795, 40.795282579275828 ], [ -73.933456252940104, 40.795244452269706 ], [ -73.93347698141028, 40.79520768052879 ], [ -73.933502307866092, 40.795172611218646 ], [ -73.933531993191338, 40.795139575431499 ], [ -73.933565757118657, 40.795108885060458 ], [ -73.933603280875573, 40.795080829854967 ], [ -73.933644210194302, 40.795055674685443 ], [ -73.933688158656267, 40.795033657042602 ], [ -73.935534152269767, 40.794203661414194 ] ] ] } },
{ "type": "Feature", "properties": { "hotspot_id": 55, "n_dropoffs": 121, "total_weight": 86.000000000000014, "area_sqm": 971570.66450055852, "area_sqkm": 0.97157066450055851 }, "geometry": { "type": "Polygon", "coordinates": [ [ [ -73.934134847170284, 40.793410429800232 ], [ -73.93418869293501, 40.793408291742125 ], [ -73.934242551648111, 40.7934102323036 ], [ -73.934269551483524, 40.793412232291402 ], [ -73.934321395963579, 40.793418007645975 ], [ -73.934589394399964, 40.793458007405782 ], [ -73.934638880673845, 40.793467249658441 ], [ -73.934687005345793, 40.793479984873109 ], [ -73.934733342587066, 40.7934961003631 ], [ -73.934777482384149, 40.793515453531533 ], [ -73.934819034166495, 40.793537873132955 ], [ -73.935239033376035, 40.793787871928458 ], [ -73.935278278910445, 40.793813627720475 ], [ -73.935314104592337, 40.793842117126211 ], [ -73.935346182194365, 40.793873079135359 ], [ -73.935374217826606, 40.793906230084104 ], [ -73.935397954629209, 40.793941266253768 ], [ -73.93541717512575, 40.793977866653513 ], [ -73.935431703215954, 40.794015695960852 ], [ -73.935441405789291, 40.794054407593848 ], [ -73.935446193944784, 40.794093646886367 ], [ -73.935446023805767, 40.794133054337323 ], [ -73.935440896922273, 40.794172268904397 ], [ -73.935430860257043, 40.794210931311817 ], [ -73.935416005755656, 40.794248687341899 ], [ -73.935396469504425, 40.794285191080519 ], [ -73.935372430483824, 40.794320108086239 ], [ -73.933387442359034, 40.7968951160518 ], [ -73.933358047469355, 40.79692924863182 ], [ -73.93332435214856, 40.796961003016406 ], [ -73.933286687187135, 40.796990067463959 ], [ -73.933245422348051, 40.797016156640325 ], [ -73.933200962736862, 40.797039014420172 ], [ -73.933153744824466, 40.797058416401491 ], [ -73.933104232162279, 40.797074172108786 ], [ -73.933052910831094, 40.797086126863022 ], [ -73.93300028466895, 40.797094163300422 ], [ -73.93223628010098, 40.797181163826941 ], [ -73.93218176628524, 40.797185243327569 ], [ -73.932126989046282, 40.797185118508359 ], [ -73.932072508402598, 40.797180790645378 ], [ -73.932018881340298, 40.797172303984809 ], [ -73.93196665611832, 40.797159745290507 ], [ -73.931916366663103, 40.797143242956942 ], [ -73.9318685271096, 40.797122965696445 ], [ -73.931823626544869, 40.797099120814316 ], [ -73.931782124007711, 40.797071952089368 ], [ -73.93174444379558, 40.797041737281454 ], [ -73.93171097112679, 40.797008785291737 ], [ -73.931682048202347, 40.796973433004432 ], [ -73.931657970707505, 40.796936041842706 ], [ -73.931638984789174, 40.796896994073428 ], [ -73.931625284539592, 40.796856688899048 ], [ -73.931284294192835, 40.79559268734549 ], [ -73.931276399432946, 40.795554288095744 ], [ -73.931273304293597, 40.795515494193815 ], [ -73.931275036347984, 40.795476651342774 ], [ -73.931281580152969, 40.795438105681178 ], [ -73.931292877386781, 40.795400200698744 ], [ -73.93130882736925, 40.795363274175358 ], [ -73.931329287959102, 40.7953276551711 ], [ -73.931706291158179, 40.794747656743105 ], [ -73.931737666616272, 40.794705759304335 ], [ -73.931784666833295, 40.794650759487666 ], [ -73.93182091855131, 40.794613179023123 ], [ -73.93201391891013, 40.794435179715862 ], [ -73.932052962230372, 40.794402848510771 ], [ -73.932096311758798, 40.79437385916615 ], [ -73.932116311722226, 40.794361859223791 ], [ -73.932145838596639, 40.794345344305405 ], [ -73.933793834134448, 40.793487348637193 ], [ -73.933839852237895, 40.793465869334632 ], [ -73.933888455596957, 40.793447978861458 ], [ -73.933939161207107, 40.793433855006803 ], [ -73.933991465173492, 40.793423638128345 ], [ -73.934044847718184, 40.793417429757596 ], [ -73.934134847170284, 40.793410429800232 ] ] ] } },
{ "type": "Feature", "properties": { "hotspot_id": 56, "n_dropoffs": 188, "total_weight": 134.9, "area_sqm": 2388651.4569608923, "area_sqkm": 2.3886514569608921 }, "geometry": { "type": "Polygon", "coordinates": [ [ [ -73.96071676310217, 40.811912129238898 ], [ -73.960761363621771, 40.811890317397534 ], [ -73.960808557140254, 40.811871923013548 ], [ -73.960857891489226, 40.811857122325705 ], [ -73.960908893989767, 40.811846057140976 ], [ -73.960961075981089, 40.811838833476038 ], [ -73.961013937502187, 40.8118355205415 ], [ -73.961066972081767, 40.811836150078953 ], [ -73.961119671590538, 40.811840716056707 ], [ -73.9611715311094, 40.811849174727676 ], [ -73.961222053766789, 40.811861445048564 ], [ -73.961270755499129, 40.811877409456081 ], [ -73.961317169688343, 40.811896914993483 ], [ -73.961360851632506, 40.811919774775966 ], [ -73.961401382806429, 40.811945769781019 ], [ -73.961438374871548, 40.811974650946929 ], [ -73.961471473396585, 40.812006141558996 ], [ -73.96150036125357, 40.812039939900522 ], [ -73.962128365070328, 40.812859937376956 ], [ -73.962152570197674, 40.812895394500281 ], [ -73.962172139163329, 40.812932466824222 ], [ -73.962186887772546, 40.812970805416924 ], [ -73.962458894187918, 40.813830804187369 ], [ -73.96246931864961, 40.813873614526699 ], [ -73.962473734626542, 40.81391702185563 ], [ -73.962472092725932, 40.813960540777749 ], [ -73.96246441129631, 40.814003684647837 ], [ -73.961369445140178, 40.818391689649125 ], [ -73.961357407453562, 40.818429874692583 ], [ -73.961340636336672, 40.818467014893109 ], [ -73.961319284325668, 40.818502772437142 ], [ -73.961293545623647, 40.818536822086777 ], [ -73.961263654334587, 40.818568854137943 ], [ -73.961229882334109, 40.818598577237658 ], [ -73.961192536796744, 40.818625721033925 ], [ -73.96115195740208, 40.818650038634999 ], [ -73.961108513245136, 40.818671308855109 ], [ -73.961062599479163, 40.818689338226392 ], [ -73.960855598558823, 40.818761338626985 ], [ -73.960805654207377, 40.818776481305093 ], [ -73.960753980304261, 40.818787789062533 ], [ -73.960701085647813, 40.818795150559232 ], [ -73.96064749105706, 40.818798493311341 ], [ -73.960593724243182, 40.818797784404929 ], [ -73.960540314613212, 40.818793030820139 ], [ -73.960487788057037, 40.818784279362447 ], [ -73.960436661769023, 40.818771616201722 ], [ -73.960387439155269, 40.818755166023799 ], [ -73.960340604876677, 40.818735090802654 ], [ -73.960296620076647, 40.81871158820551 ], [ -73.960255917840328, 40.818684889646413 ], [ -73.960218898930393, 40.818655258007588 ], [ -73.95747390286428, 40.816227248327301 ], [ -73.95744250034582, 40.816196666520888 ], [ -73.957415025271132, 40.816163975307227 ], [ -73.957391721491476, 40.816129464839726 ], [ -73.957372795834445, 40.816093441418282 ], [ -73.957358416268477, 40.816056224770669 ], [ -73.957348710412248, 40.816018145214585 ], [ -73.957211716068272, 40.815301144584296 ], [ -73.957206553677779, 40.815258928682091 ], [ -73.957207133267715, 40.815216533266209 ], [ -73.957213448680676, 40.815174407935096 ], [ -73.957225432931779, 40.815132999422154 ], [ -73.957242958919494, 40.815092746858156 ], [ -73.957265840773943, 40.815054077114475 ], [ -73.958556850980543, 40.813142082454725 ], [ -73.95858254283479, 40.813108115083111 ], [ -73.958612367734673, 40.813076156816173 ], [ -73.958646055621529, 40.813046497023706 ], [ -73.958683301460113, 40.813019404263251 ], [ -73.958723768000525, 40.812995123848637 ], [ -73.96071676310217, 40.811912129238898 ] ] ] } },
{ "type": "Feature", "properties": { "hotspot_id": 57, "n_dropoffs": 132, "total_weight": 92.6, "area_sqm": 1769933.4363182094, "area_sqkm": 1.7699334363182093 }, "geometry": { "type": "Polygon", "coordinates": [ [ [ -73.946040257179305, 40.806017645949581 ], [ -73.946091261948297, 40.806005218772931 ], [ -73.946143632265873, 40.805996678842334 ], [ -73.946196856358327, 40.805992109611665 ], [ -73.946250414109159, 40.805991555732412 ], [ -73.946303782141499, 40.805995022617147 ], [ -73.946356438932341, 40.806002476386816 ], [ -73.946407869908654, 40.806013844201672 ], [ -73.946457572475666, 40.806029014973085 ], [ -73.946505060928146, 40.806047840449033 ], [ -73.947019059128422, 40.806276839240191 ], [ -73.947063547553427, 40.80629895720304 ], [ -73.947104969134685, 40.806324281599991 ], [ -73.947142925078467, 40.806352568618131 ], [ -73.947177049955386, 40.806383545921186 ], [ -73.947207015218694, 40.806416915271612 ], [ -73.947232532367508, 40.806452355401632 ], [ -73.947253355724513, 40.806489525106258 ], [ -73.947269284801536, 40.806528066528188 ], [ -73.947280166229945, 40.806567608603068 ], [ -73.947285895237641, 40.806607770631977 ], [ -73.947286416658059, 40.80664816594647 ], [ -73.947281725461636, 40.806688405631505 ], [ -73.947271866804641, 40.806728102269645 ], [ -73.946823877382442, 40.808146104295133 ], [ -73.946812366347132, 40.808177132064202 ], [ -73.946797695603962, 40.808207380397228 ], [ -73.946748696165116, 40.808297380607748 ], [ -73.946729920417866, 40.808328202355135 ], [ -73.946707865084178, 40.808357743353348 ], [ -73.946682680251854, 40.808385802568516 ], [ -73.943379690075886, 40.81175781488804 ], [ -73.943353649653105, 40.811782374602593 ], [ -73.943325211291565, 40.811805347787534 ], [ -73.942908211235959, 40.812117349147883 ], [ -73.942853708339726, 40.812153034773587 ], [ -73.942776708174392, 40.812197034988756 ], [ -73.942733142708462, 40.812219497905595 ], [ -73.94268691363574, 40.812238642496595 ], [ -73.942638457386153, 40.812254288024604 ], [ -73.942588231416735, 40.812266286785693 ], [ -73.942536709892636, 40.81227452550376 ], [ -73.942484379210597, 40.812278926399898 ], [ -73.942431733406693, 40.81227944792672 ], [ -73.942379269492207, 40.81227608516069 ], [ -73.942327482761101, 40.812268869848559 ], [ -73.942276862113957, 40.812257870107565 ], [ -73.942227885442165, 40.812243189782485 ], [ -73.942181015116105, 40.812224967465106 ], [ -73.942136693619844, 40.812203375185767 ], [ -73.942095339373807, 40.812178616789247 ], [ -73.942057342784338, 40.812150926010283 ], [ -73.942023062558178, 40.812120564266706 ], [ -73.941992822315967, 40.812087818191642 ], [ -73.941966907537221, 40.812052996927221 ], [ -73.941945562865342, 40.812016429206153 ], [ -73.941928989798285, 40.811978460248099 ], [ -73.941917344786518, 40.811939448500574 ], [ -73.941910737756345, 40.811899762255017 ], [ -73.94190923107243, 40.811859776169769 ], [ -73.941912838949477, 40.811819867733149 ], [ -73.941923839515624, 40.811748867783962 ], [ -73.941931684962427, 40.81171240873276 ], [ -73.943226720660377, 40.807025414625457 ], [ -73.943240551638283, 40.806985448495119 ], [ -73.943259585757389, 40.806946737218887 ], [ -73.94328363124302, 40.806909670806839 ], [ -73.94331244583293, 40.806874622696739 ], [ -73.943345739218316, 40.806841945991636 ], [ -73.943383175968791, 40.806811969902704 ], [ -73.943424378911985, 40.806784996432533 ], [ -73.94346893293347, 40.806761297332606 ], [ -73.943516389159029, 40.806741111365625 ], [ -73.943566269476761, 40.806724641900118 ], [ -73.946040257179305, 40.806017645949581 ] ] ] } },
{ "type": "Feature", "properties": { "hotspot_id": 58, "n_dropoffs": 575, "total_weight": 358.7, "area_sqm": 2938539.7637957479, "area_sqkm": 2.938539763795748 }, "geometry": { "type": "Polygon", "coordinates": [ [ [ -73.93577051620845, 40.802967711040615 ], [ -73.935811461630948, 40.802945440744459 ], [ -73.93585495098786, 40.802926155085387 ], [ -73.935900608658784, 40.802910020634052 ], [ -73.935948040296452, 40.802897176743862 ], [ -73.935996836232633, 40.802887734347678 ], [ -73.936046575016249, 40.802881774999442 ], [ -73.936096827053305, 40.802879350170066 ], [ -73.936147158317056, 40.802880480802799 ], [ -73.939931135115316, 40.803099479466503 ], [ -73.939975496298928, 40.803103449326599 ], [ -73.940115495465648, 40.803120449223883 ], [ -73.940169348214411, 40.803129140856498 ], [ -73.940221762214748, 40.803141940372157 ], [ -73.940272196299205, 40.803158715617791 ], [ -73.940320129741608, 40.803179293391445 ], [ -73.940365067633266, 40.803203461230403 ], [ -73.940406545992715, 40.803230969604812 ], [ -73.941901545555211, 40.804328964773489 ], [ -73.941933563712183, 40.804354588441711 ], [ -73.941962572584416, 40.804382203853393 ], [ -73.941988358502428, 40.804411607606539 ], [ -73.943876368927249, 40.806778600098944 ], [ -73.943901501323396, 40.806813877454054 ], [ -73.943921996209198, 40.80685084580611 ], [ -73.943937659011709, 40.806889154201535 ], [ -73.943948341029724, 40.806928438964682 ], [ -73.943953940845901, 40.80696832715028 ], [ -73.943954405289773, 40.807008440083784 ], [ -73.943949729942915, 40.80704839695639 ], [ -73.943939959181264, 40.80708781844023 ], [ -73.943925185754097, 40.80712633028935 ], [ -73.943905549903931, 40.807163566892804 ], [ -73.943881238035416, 40.807199174745527 ], [ -73.943852480945964, 40.807232815804426 ], [ -73.943819551634888, 40.807264170697685 ], [ -73.943782762711848, 40.807292941756799 ], [ -73.943742463429231, 40.80731885584256 ], [ -73.943699036366496, 40.807341666938285 ], [ -73.943652893798216, 40.807361158485456 ], [ -73.94360447377997, 40.807377145439709 ], [ -73.943554235989566, 40.807389476027645 ], [ -73.940946221550277, 40.807924479188351 ], [ -73.940901838028665, 40.807932080045866 ], [ -73.939633830566152, 40.808107081099521 ], [ -73.939581434939697, 40.808112321793402 ], [ -73.939528616614112, 40.808113659240611 ], [ -73.939475878037697, 40.808111080718348 ], [ -73.939423720900123, 40.808104610755464 ], [ -73.939372641359654, 40.808094310899165 ], [ -73.939323125323043, 40.808080279129506 ], [ -73.939275643823066, 40.808062648927226 ], [ -73.93923064853746, 40.808041588003995 ], [ -73.939038648018126, 40.807941587499251 ], [ -73.938996721280034, 40.807917394460276 ], [ -73.938958082461454, 40.807890223978134 ], [ -73.938923096327045, 40.807860332555151 ], [ -73.935206104117881, 40.804355319097318 ], [ -73.935176537518245, 40.804324637621946 ], [ -73.935150822563742, 40.804292014080374 ], [ -73.935129178635123, 40.804257726799598 ], [ -73.935111790380404, 40.804222068300362 ], [ -73.935098806139706, 40.804185342801382 ], [ -73.93509033667992, 40.804147863624017 ], [ -73.935086454249941, 40.804109950518971 ], [ -73.93506545837073, 40.803602950421372 ], [ -73.935066231244662, 40.803564492826197 ], [ -73.935071723621903, 40.8035262578532 ], [ -73.935081887560258, 40.803488579193854 ], [ -73.935096634347403, 40.803451785683947 ], [ -73.935115835275383, 40.803416198433666 ], [ -73.935139322764044, 40.80338212802527 ], [ -73.935166891823897, 40.803349871802538 ], [ -73.935198301845233, 40.803319711275805 ], [ -73.935233278698163, 40.803291909665262 ], [ -73.935271517125088, 40.80326670960384 ], [ -73.93577051620845, 40.802967711040615 ] ] ] } },
{ "type": "Feature", "properties": { "hotspot_id": 59, "n_dropoffs": 161, "total_weight": 111.2, "area_sqm": 2435449.5010742033, "area_sqkm": 2.4354495010742032 }, "geometry": { "type": "Polygon", "coordinates": [ [ [ -73.947266479550606, 40.79914334183421 ], [ -73.947321222233938, 40.799144792039954 ], [ -73.947375492433366, 40.799150435445291 ], [ -73.947428735398347, 40.799160214363312 ], [ -73.947480406878213, 40.799174028833782 ], [ -73.947529978685125, 40.799191737644932 ], [ -73.947576944093115, 40.799213159776905 ], [ -73.950756935119855, 40.800835151535338 ], [ -73.950797778815669, 40.800858167023073 ], [ -73.950835603269283, 40.800883990866033 ], [ -73.950870075313901, 40.8009123956042 ], [ -73.950900891310084, 40.800943131044328 ], [ -73.950927779820276, 40.800975926463558 ], [ -73.950950503999792, 40.801010492994124 ], [ -73.950968863683158, 40.801046526167426 ], [ -73.951143866412565, 40.801444525395581 ], [ -73.951158558834123, 40.80148455862507 ], [ -73.951167865064207, 40.801525513496955 ], [ -73.951171690259159, 40.801566972667004 ], [ -73.951169995428586, 40.801608513651225 ], [ -73.951091001351429, 40.802343514017345 ], [ -73.951084204845543, 40.802383041982054 ], [ -73.951072409429699, 40.802421885175256 ], [ -73.951055725679879, 40.802459679433376 ], [ -73.951034310002086, 40.802496070426201 ], [ -73.951008363166181, 40.802530716978978 ], [ -73.949354371279668, 40.804509723471469 ], [ -73.949326017087955, 40.804540456896497 ], [ -73.949294097297354, 40.804569100463326 ], [ -73.949258877191809, 40.804595416112598 ], [ -73.949220649485554, 40.80461918513226 ], [ -73.949179731890311, 40.804640209975318 ], [ -73.949136464474847, 40.80465831590174 ], [ -73.949091206838446, 40.804673352430932 ], [ -73.948001201472167, 40.804991354247633 ], [ -73.947952994283497, 40.805003481211813 ], [ -73.947903504699482, 40.805012125577385 ], [ -73.947853167430054, 40.805017211413315 ], [ -73.94780242463149, 40.805018694046289 ], [ -73.947751722022431, 40.805016560452991 ], [ -73.947701504968421, 40.805010829374666 ], [ -73.947652214569743, 40.805001551152408 ], [ -73.947604283786617, 40.804988807284936 ], [ -73.947558133635908, 40.804972709712693 ], [ -73.946993131361708, 40.804750708505971 ], [ -73.946964040347211, 40.80473840281195 ], [ -73.946517038821639, 40.804535401745618 ], [ -73.946473066298537, 40.804513151939354 ], [ -73.946432154488818, 40.804487753814854 ], [ -73.946394692348491, 40.804459448838941 ], [ -73.946361036035327, 40.804428506114412 ], [ -73.946331505522735, 40.804395219821423 ], [ -73.946306381557889, 40.804359906420551 ], [ -73.946285902992685, 40.804322901644056 ], [ -73.946270264513146, 40.804284557303909 ], [ -73.946259614788801, 40.804245237946972 ], [ -73.945316650970298, 40.799635233613984 ], [ -73.945311002507992, 40.799594078479728 ], [ -73.945310818686735, 40.79955270034236 ], [ -73.9453161013531, 40.799511517163978 ], [ -73.945326797136758, 40.799470944936665 ], [ -73.945342797989809, 40.799431393480496 ], [ -73.945363942278647, 40.799393262304065 ], [ -73.945390016416923, 40.799356936569033 ], [ -73.945420757023342, 40.79932278319977 ], [ -73.945455853582175, 40.7992911471772 ], [ -73.945494951580116, 40.799262348054143 ], [ -73.94553765608714, 40.799236676727823 ], [ -73.945583535745783, 40.799214392501497 ], [ -73.945632127128192, 40.799195720465541 ], [ -73.945682939417054, 40.79918084922376 ], [ -73.945735459363092, 40.799169928988555 ], [ -73.945789156469132, 40.799163070063706 ], [ -73.945843488348345, 40.799160341730207 ], [ -73.947266479550606, 40.79914334183421 ] ] ] } },
{ "type": "Feature", "properties": { "hotspot_id": 60, "n_dropoffs": 391, "total_weight": 257.4, "area_sqm": 5452344.433233262, "area_sqkm": 5.4523444332332618 }, "geometry": { "type": "Polygon", "coordinates": [ [ [ -73.940287508892794, 40.796794309441296 ], [ -73.940335201074447, 40.796774879847732 ], [ -73.940385205856359, 40.796759162848083 ], [ -73.940437024351922, 40.796747315246982 ], [ -73.940490139580618, 40.79673945524484 ], [ -73.940544021625371, 40.796735661258907 ], [ -73.940598132919249, 40.796735971140713 ], [ -73.940651933608294, 40.796740381798706 ], [ -73.940704886937155, 40.796748849228891 ], [ -73.942569876555197, 40.797121847021408 ], [ -73.942625257508425, 40.797135376967368 ], [ -73.942678410268883, 40.797153341537928 ], [ -73.942728722001178, 40.797175533607636 ], [ -73.942775612624402, 40.79720169730917 ], [ -73.942818541500131, 40.79723153098324 ], [ -73.945493541927846, 40.799301522107427 ], [ -73.945530487143557, 40.799333217416923 ], [ -73.945562953220261, 40.799367628693489 ], [ -73.945590596763267, 40.7994043919756 ], [ -73.945613125383503, 40.799443118424392 ], [ -73.945630300790143, 40.79948339843623 ], [ -73.945641941311408, 40.799524805975018 ], [ -73.946535974478877, 40.803760801870098 ], [ -73.946541814083545, 40.803801029890593 ], [ -73.946542427598729, 40.803841499218748 ], [ -73.94653780908628, 40.8038818187839 ], [ -73.946528003167302, 40.803921598961907 ], [ -73.946513104591304, 40.803960455340231 ], [ -73.946493257320995, 40.803998012432778 ], [ -73.946468653141295, 40.804033907308387 ], [ -73.946439529806483, 40.804067793098071 ], [ -73.94640616874274, 40.804099342347122 ], [ -73.946368892328891, 40.80412825017941 ], [ -73.946328060781113, 40.804154237243878 ], [ -73.946284068672071, 40.804177052413912 ], [ -73.946237341118007, 40.804196475214432 ], [ -73.946188329670434, 40.804212317952356 ], [ -73.946137507952471, 40.804224427530656 ], [ -73.946085367081849, 40.80423268692774 ], [ -73.946032410924616, 40.80423701632845 ], [ -73.945979151225899, 40.804237373895333 ], [ -73.945926102664217, 40.804233756173026 ], [ -73.945530100285637, 40.804191755918481 ], [ -73.945503623017871, 40.804188437814396 ], [ -73.936565570682404, 40.802894430035686 ], [ -73.93651252412829, 40.802884620218855 ], [ -73.936461046082741, 40.802870803577505 ], [ -73.936411659239411, 40.802853120402254 ], [ -73.936364865057314, 40.802831750243286 ], [ -73.93632113866903, 40.80280691008732 ], [ -73.936280924056163, 40.802778852154219 ], [ -73.936244629541264, 40.802747861335803 ], [ -73.936212623641836, 40.802714252303197 ], [ -73.936185231328679, 40.802678366311504 ], [ -73.936162730726338, 40.802640567734912 ], [ -73.936145350289365, 40.802601240366499 ], [ -73.936133266482969, 40.802560783521628 ], [ -73.93612660199166, 40.802519607983143 ], [ -73.936125424473829, 40.802478131830483 ], [ -73.936159431757645, 40.801582131988553 ], [ -73.936163041532168, 40.801545102296558 ], [ -73.936171026971735, 40.801508470340913 ], [ -73.936183323116992, 40.801472534079636 ], [ -73.936199829946517, 40.801437585811655 ], [ -73.936593834509281, 40.80070858750647 ], [ -73.936594488246072, 40.800707383353846 ], [ -73.93697949264282, 40.800001385007839 ], [ -73.936999659581147, 40.799968565562807 ], [ -73.93782966593065, 40.798759568984948 ], [ -73.937860558510195, 40.798720105621662 ], [ -73.939007563292279, 40.797425110046809 ], [ -73.939043166866455, 40.797389293997227 ], [ -73.939083689530023, 40.797356636335529 ], [ -73.939128649597791, 40.797327525251646 ], [ -73.939177512640853, 40.797302306778157 ], [ -73.940287508892794, 40.796794309441296 ] ] ] } },
{ "type": "Feature", "properties": { "hotspot_id": 61, "n_dropoffs": 246900, "total_weight": 166776.3, "area_sqm": 474829918.28555292, "area_sqkm": 474.82991828555294 }, "geometry": { "type": "Polygon", "coordinates": [ [ [ -74.012175538106703, 40.700932098835302 ], [ -74.012220244040904, 40.700928867176373 ], [ -74.012265148125849, 40.70092846857461 ], [ -74.012353147583141, 40.700930468562376 ], [ -74.012405815974688, 40.700933629795244 ], [ -74.012457828040723, 40.700940685866179 ], [ -74.012508687720953, 40.700951569478612 ], [ -74.012557909945286, 40.700966176831095 ], [ -74.012605025259901, 40.700984368607266 ], [ -74.012916024134284, 40.701119367889262 ], [ -74.012919429620496, 40.701120858643137 ], [ -74.014208425051066, 40.701689855629525 ], [ -74.014260720625671, 40.701716133020724 ], [ -74.014308672508676, 40.70174683662507 ], [ -74.017763670863815, 40.704232825564858 ], [ -74.017787376782081, 40.704250976317958 ], [ -74.018192377031994, 40.704580974938828 ], [ -74.01822621928622, 40.704611374067596 ], [ -74.018256042065701, 40.704644120237475 ], [ -74.01828156608515, 40.70467890679285 ], [ -74.018302552314452, 40.704715407970177 ], [ -74.018318804217245, 40.704753281948506 ], [ -74.018330169591636, 40.704792174050525 ], [ -74.018420172680578, 40.705190173637227 ], [ -74.018424392325741, 40.705212464981102 ], [ -74.018519397272215, 40.705834464541411 ], [ -74.018519711998493, 40.705836572377493 ], [ -74.018588715766853, 40.706309572057947 ], [ -74.018591291642153, 40.706333653894752 ], [ -74.018790315221779, 40.709250652968791 ], [ -74.018790999583103, 40.709277219961415 ], [ -74.018788001043788, 40.70945721997537 ], [ -74.018782999405317, 40.709508095054318 ], [ -74.017421058854936, 40.717043101340053 ], [ -74.017416891073765, 40.717062658572253 ], [ -74.009917126145368, 40.747572692902814 ], [ -74.00991311199445, 40.747587504582285 ], [ -74.009865113213465, 40.74774950480024 ], [ -74.009861899300446, 40.747759740228162 ], [ -74.008447930736892, 40.752020746610356 ], [ -74.008446077330575, 40.752026175369139 ], [ -74.00828708063419, 40.752479176084222 ], [ -74.008261385687433, 40.75253559537645 ], [ -74.004752423471004, 40.758742610381596 ], [ -74.004744486105864, 40.758755987156526 ], [ -74.003514497392089, 40.760733992331829 ], [ -74.003494005463025, 40.76076374122291 ], [ -73.967901225684102, 40.80763588462414 ], [ -73.967880486417513, 40.807661034470428 ], [ -73.964905498556377, 40.810995045919327 ], [ -73.964887421616979, 40.811014108510157 ], [ -73.964581422433099, 40.811318109640233 ], [ -73.964549957219702, 40.811346603518523 ], [ -73.964515235792121, 40.81137282351154 ], [ -73.964477541536667, 40.811396555616511 ], [ -73.962483537305829, 40.812540561203058 ], [ -73.962437049409417, 40.812564463585133 ], [ -73.962387556416161, 40.812584583866666 ], [ -73.962335589413087, 40.812600706145055 ], [ -73.96228170603618, 40.812612657418413 ], [ -73.962226484486379, 40.812620309442288 ], [ -73.962170517324807, 40.812623580105729 ], [ -73.95106544869212, 40.812833581390343 ], [ -73.951010070535503, 40.812832473856972 ], [ -73.950955130597649, 40.812827076377737 ], [ -73.950901203073897, 40.812817445363493 ], [ -73.950848851577888, 40.812803681471109 ], [ -73.950798623250861, 40.812785928551399 ], [ -73.95075104304297, 40.812764372145701 ], [ -73.950706608226696, 40.812739237546609 ], [ -73.950665783199568, 40.812710787443073 ], [ -73.950628994630605, 40.812679319175189 ], [ -73.950596627001019, 40.812645161626207 ], [ -73.950569018586037, 40.812608671785256 ], [ -73.937382124550069, 40.792906617127635 ], [ -73.937369411866271, 40.792886256348531 ], [ -73.937006415612302, 40.792261254803968 ], [ -73.936987977613413, 40.792224954719828 ], [ -73.93697413102467, 40.792187493853639 ], [ -73.936964999520185, 40.792149206817385 ], [ -73.936960664657093, 40.792110435602062 ], [ -73.936961165147181, 40.792071526522932 ], [ -73.936966496511502, 40.792032827126029 ], [ -73.936976611120627, 40.791994683083956 ], [ -73.941959722578588, 40.776916705565903 ], [ -73.941971028237589, 40.776887197656663 ], [ -73.941985198019694, 40.776858413083936 ], [ -73.976835591570563, 40.713321562825143 ], [ -73.976836009843893, 40.713320801611843 ], [ -73.976971011355573, 40.71307580219186 ], [ -73.977001889800775, 40.713028519482869 ], [ -73.977388892169586, 40.712520521042663 ], [ -73.977418953008467, 40.712485327603737 ], [ -73.977453566677625, 40.712452646007399 ], [ -73.977492373414648, 40.712422815928747 ], [ -73.977534969878221, 40.712396147405343 ], [ -73.97758091334029, 40.712372917614871 ], [ -73.977629726287589, 40.712353367994538 ], [ -74.009068587871639, 40.701274429547048 ], [ -74.009118331607652, 40.701259122181021 ], [ -74.009169823106845, 40.701247640337883 ], [ -74.009222555835393, 40.701240096966991 ], [ -74.012175538106703, 40.700932098835302 ] ] ] } },
{ "type": "Feature", "properties": { "hotspot_id": 62, "n_dropoffs": 183, "total_weight": 127.6, "area_sqm": 1883587.693766345, "area_sqkm": 1.8835876937663449 }, "geometry": { "type": "Polygon", "coordinates": [ [ [ -73.951013847897414, 40.797397289739926 ], [ -73.951055702701296, 40.797373371170103 ], [ -73.951100400753845, 40.797352635354422 ], [ -73.951147524409649, 40.797335276041046 ], [ -73.951196633360439, 40.797321455429255 ], [ -73.951247268749, 40.797311302653789 ], [ -73.95129895745643, 40.797304912578461 ], [ -73.951351216522511, 40.797302344909752 ], [ -73.951403557658097, 40.797303623639003 ], [ -73.951455491807266, 40.797308736818259 ], [ -73.951506533716653, 40.797317636671828 ], [ -73.952869526241685, 40.797608634957435 ], [ -73.952923697405808, 40.797622583364053 ], [ -73.952975631638935, 40.797640794156692 ], [ -73.953024750090776, 40.797663064361544 ], [ -73.956978738913932, 40.799678054120164 ], [ -73.957022133878468, 40.799702641232834 ], [ -73.957062083760277, 40.799730396215786 ], [ -73.957098189779956, 40.799761042022041 ], [ -73.957130091525499, 40.7997942727484 ], [ -73.957157470550172, 40.799829756688808 ], [ -73.957180053551241, 40.799867139645301 ], [ -73.957197615098309, 40.799906048463448 ], [ -73.957209979883871, 40.799946094757146 ], [ -73.957217024473508, 40.799986878785305 ], [ -73.957218678538382, 40.800027993442065 ], [ -73.957214925557608, 40.800069028320522 ], [ -73.957205802983609, 40.800109573809365 ], [ -73.957191401868684, 40.800149225181642 ], [ -73.957171865956397, 40.800187586634799 ], [ -73.957147390247158, 40.800224275241646 ], [ -73.957118219051992, 40.800258924772962 ], [ -73.956621220781102, 40.800788926655144 ], [ -73.956588868024681, 40.800820125589048 ], [ -73.956552709339434, 40.800848810098564 ], [ -73.954997708630074, 40.801968815073025 ], [ -73.954955495658879, 40.801996238454315 ], [ -73.954909810071996, 40.80202023399 ], [ -73.954861131898156, 40.802040549551805 ], [ -73.954809972611642, 40.802056971677807 ], [ -73.953896968004187, 40.802308973127261 ], [ -73.953856400948723, 40.80231881692572 ], [ -73.95381494178433, 40.802326209219331 ], [ -73.953780941585592, 40.802331209249388 ], [ -73.953728940434672, 40.802336885115402 ], [ -73.953676460335615, 40.802338707239571 ], [ -73.9536239947127, 40.802336658490134 ], [ -73.95357203685397, 40.802330758129663 ], [ -73.953521075273287, 40.802321061634004 ], [ -73.953471589116774, 40.802307660170747 ], [ -73.953424043657719, 40.802290679741915 ], [ -73.953378885921921, 40.802270279999213 ], [ -73.953336540484372, 40.80224665274303 ], [ -73.953297405477386, 40.802220020118824 ], [ -73.953261848847234, 40.802190632528543 ], [ -73.953230204894751, 40.802158766276186 ], [ -73.951994209868033, 40.800779761525689 ], [ -73.951968482904434, 40.800748065050868 ], [ -73.951946630268992, 40.800714731656647 ], [ -73.951928830754397, 40.800680034077416 ], [ -73.950705849489523, 40.797935028690368 ], [ -73.950691026843074, 40.797895299343836 ], [ -73.950681515915377, 40.797854641426362 ], [ -73.950677412382035, 40.797813463979978 ], [ -73.950678757516869, 40.797772181272698 ], [ -73.950685537776977, 40.797731208630829 ], [ -73.950697684939513, 40.797690958260461 ], [ -73.950715076788299, 40.797651835100517 ], [ -73.950737538343873, 40.79761423274892 ], [ -73.950764843624157, 40.797578529502893 ], [ -73.95079671791818, 40.797545084553249 ], [ -73.950832840550106, 40.797514234370638 ], [ -73.950872848105448, 40.797486289320979 ], [ -73.951013847897414, 40.797397289739926 ] ] ] } }
]
}
