"pickup_longitude","pickup_latitude","dropoff_longitude","dropoff_latitude","dropoff_datetime","pickup_datetime","passenger_count","trip_distance"
"-73.987380000000002","40.733417000000003","-73.987465","40.765340000000002","2014-01-06T00:00:00.000","2014-01-05T23:46:00.000","1","3.0600000000000001"
"-73.984161999999998","40.743031999999999","-73.984881999999999","40.754952000000003","2014-01-06T00:00:00.000","2014-01-05T23:55:00.000","1","0.83999999999999997"
"-73.998249999999999","40.755826999999996","-73.992014999999995","40.761510000000001","2014-01-06T00:00:00.000","2014-01-05T23:57:00.000","5","0.66000000000000003"
"-73.979416999999998","40.752291999999997","-73.975902000000005","40.764687000000002","2014-01-06T00:00:00.000","2014-01-05T23:55:00.000","1","1.1899999999999999"
"-73.997140000000002","40.757272","-73.989405000000005","40.763736999999999","2014-01-06T00:00:00.000","2014-01-05T23:58:00.000","2","0.75"
"-73.944727","40.834825000000002","-73.939170000000004","40.841802000000001","2014-01-06T00:00:00.000","2014-01-05T23:56:00.000","3","0.47999999999999998"
"-74.006664999999998","40.748756999999998","-73.974007","40.751325000000001","2014-01-06T00:00:00.000","2014-01-05T23:46:00.000","1","2.9900000000000002"
"-73.999657999999997","40.727257000000002","-73.976877000000002","40.743471999999997","2014-01-06T00:00:00.000","2014-01-05T23:54:00.000","3","2.1299999999999999"
"-73.994387000000003","40.745356999999998","-73.907421999999997","40.777211999999999","2014-01-06T00:00:00.000","2014-01-05T23:37:00.000","1","6.8799999999999999"
"-74.002431999999999","40.726546999999997","-73.987212","40.750416999999999","2014-01-06T00:00:00.000","2014-01-05T23:54:00.000","1","1.8899999999999999"
"-74.002425000000002","40.729225","-73.929002999999994","40.763747000000002","2014-01-06T00:00:00.000","2014-01-05T23:43:00.000","1","6.5099999999999998"
"-73.976972000000004","40.743400000000001","-73.937016999999997","40.839962","2014-01-06T00:00:00.000","2014-01-05T23:42:00.000","2","9.1899999999999995"
"-73.997050000000002","40.736964999999998","-73.952157","40.786977","2014-01-06T00:00:00.000","2014-01-05T23:49:00.000","1","4.6100000000000003"
"-73.991922000000002","40.729241999999999","-73.986891999999997","40.766486999999998","2014-01-06T00:00:00.000","2014-01-05T23:49:00.000","1","3.4100000000000001"
"-73.984007000000005","40.725377000000002","-73.981110000000001","40.729346999999997","2014-01-06T00:00:00.000","2014-01-05T23:58:00.000","5","0.34000000000000002"
"-73.957534999999993","40.770217000000002","-73.958224999999999","40.721625000000003","2014-01-06T00:00:00.000","2014-01-05T23:41:00.000","2","5.0700000000000003"
"-73.874701999999999","40.773932000000002","-73.897068000000004","40.693086999999998","2014-01-06T00:00:00.000","2014-01-05T23:43:00.000","1","9.8699999999999992"
"-73.949237999999994","40.781236999999997","-74.002775","40.733741999999999","2014-01-06T00:00:00.000","2014-01-05T23:44:00.000","1","5.0899999999999999"
"-74.004002","40.738357000000001","-73.892582000000004","40.747154999999999","2014-01-06T00:00:00.000","2014-01-05T23:34:00.000","1","7.5899999999999999"
"-73.799395000000004","40.666772000000002","-73.946449999999999","40.835062000000001","2014-01-06T00:00:00.000","2014-01-05T23:27:00.000","1","9.2400000000000002"
"-73.994707000000005","40.740312000000003","-73.972040000000007","40.757987","2014-01-06T00:00:00.000","2014-01-05T23:53:00.000","3","2.1699999999999999"
"-73.976401999999993","40.748077000000002","-73.980142999999998","40.761957000000002","2014-01-06T00:00:00.000","2014-01-05T23:55:00.000","5","1.48"
"-73.973384999999993","40.678516999999999","-73.921163000000007","40.637771999999998","2014-01-06T00:00:00.000","2014-01-05T23:38:00.000","2","5.2400000000000002"
"-74.005892000000003","40.740167","-73.979056999999997","40.784367000000003","2014-01-06T00:00:00.000","2014-01-05T23:50:00.000","3","3.7000000000000002"
"-73.967749999999995","40.762967000000003","-73.987089999999995","40.692197","2014-01-06T00:00:00.000","2014-01-05T23:43:00.000","5","7.3399999999999999"
"-74.007885000000002","40.707591999999998","-74.003865000000005","40.744416999999999","2014-01-06T00:00:00.000","2014-01-05T23:50:00.000","1","3.0899999999999999"
"-73.984382999999994","40.759455000000003","-73.978447000000003","40.742609999999999","2014-01-06T00:00:00.000","2014-01-05T23:52:00.000","1","1.76"
"-73.955943000000005","40.780031999999999","-73.952267000000006","40.789805000000001","2014-01-06T00:00:00.000","2014-01-05T23:57:00.000","1","0.90000000000000002"
"-73.781625000000005","40.644821999999998","-73.853817000000006","40.853521999999998","2014-01-06T00:00:00.000","2014-01-05T23:32:00.000","1","18.989999999999998"
"-73.976416999999998","40.785865000000001","-73.902064999999993","40.854666999999999","2014-01-06T00:00:00.000","2014-01-05T23:35:00.000","1","9.6600000000000001"
"-73.999605000000003","40.743687000000001","-73.947794999999999","40.792945000000003","2014-01-06T00:00:00.000","2014-01-05T23:45:00.000","1","5.0700000000000003"
"-73.989563000000004","40.733956999999997","-73.985799999999998","40.723117000000002","2014-01-06T00:00:00.000","2014-01-05T23:53:00.000","3","1.22"
"-73.990710000000007","40.718257000000001","-74.004272","40.742597000000004","2014-01-06T00:00:00.000","2014-01-05T23:50:00.000","6","2.5899999999999999"
"-73.969714999999994","40.794870000000003","-73.965716999999998","40.800401999999998","2014-01-06T00:00:00.000","2014-01-05T23:59:00.000","1","0.46999999999999997"
"-74.005994999999999","40.735922000000002","-73.953282999999999","40.771357000000002","2014-01-06T00:00:00.000","2014-01-05T23:43:00.000","1","4.6299999999999999"
"-73.971703000000005","40.757237000000003","-73.973569999999995","40.760575000000003","2014-01-06T00:00:00.000","2014-01-05T23:57:00.000","1","0.39000000000000001"
"-73.998587000000001","40.723427000000001","-73.986727000000002","40.622596999999999","2014-01-06T00:00:00.000","2014-01-05T23:38:00.000","1","9.5299999999999994"
"-73.873919999999998","40.734456999999999","-73.810432000000006","40.711951999999997","2014-01-06T00:00:00.000","2014-01-05T23:26:00.000","1","5.8799999999999999"
"-73.975193000000004","40.787376999999999","-73.954992000000004","40.806012000000003","2014-01-06T00:00:00.000","2014-01-05T23:54:00.000","1","1.96"
"-73.97175","40.791350000000001","-73.973905000000002","40.786316999999997","2014-01-06T00:00:00.000","2014-01-05T23:57:00.000","1","0.65000000000000002"
"-73.985084999999998","40.757497000000001","-73.994167000000004","40.759144999999997","2014-01-06T00:00:00.000","2014-01-05T23:57:00.000","4","0.62"
"-73.987817000000007","40.732596999999998","-73.977424999999997","40.781101999999997","2014-01-06T00:00:00.000","2014-01-05T23:39:00.000","1","4.5"
"-74.004244999999997","40.746904999999998","-73.997767999999994","40.721679999999999","2014-01-06T00:00:00.000","2014-01-05T23:51:00.000","1","2.2200000000000002"
"-73.963153000000005","40.803890000000003","-73.953675000000004","40.806784999999998","2014-01-06T00:00:00.000","2014-01-05T23:54:00.000","1","1.29"
"-73.981125000000006","40.729439999999997","-73.961506999999997","40.716301999999999","2014-01-06T00:00:00.000","2014-01-05T23:48:00.000","1","3.21"
"-73.974575000000002","40.753472000000002","-73.991922000000002","40.744551999999999","2014-01-06T00:00:00.000","2014-01-05T23:54:00.000","5","1.53"
"-73.976114999999993","40.751240000000003","-74.002312000000003","40.750342000000003","2014-01-06T00:00:00.000","2014-01-05T23:49:00.000","2","2.3100000000000001"
"-73.982489999999999","40.734566999999998","-74.025795000000002","40.634625","2014-01-06T00:00:00.000","2014-01-05T23:35:00.000","1","10.18"
"-73.990205000000003","40.755789999999998","-74.002362000000005","40.734479999999998","2014-01-06T00:00:00.000","2014-01-05T23:55:00.000","1","2.0099999999999998"
"-73.783541999999997","40.648642000000002","-73.812421999999998","40.702514999999998","2014-01-06T00:00:00.000","2014-01-05T23:46:00.000","1","6.5899999999999999"
"-73.971277999999998","40.762875000000001","-73.948369999999997","40.779032000000001","2014-01-06T00:00:00.000","2014-01-05T23:53:00.000","1","2.1200000000000001"
"-73.994200000000006","40.741137000000002","-73.998750000000001","40.739609999999999","2014-01-06T00:00:00.000","2014-01-05T23:58:00.000","1","0.47999999999999998"
"-74.005539999999996","40.740549999999999","-73.959145000000007","40.814794999999997","2014-01-06T00:00:00.000","2014-01-05T23:44:00.000","1","6.46"
"-74.009657000000004","40.732452000000002","-74.013662999999994","40.702322000000002","2014-01-06T00:00:00.000","2014-01-05T23:53:00.000","3","2.3900000000000001"
"-73.981426999999996","40.730027","-73.982636999999997","40.741982","2014-01-06T00:00:00.000","2014-01-05T23:57:00.000","1","0.63"
"-73.947872000000004","40.770772000000001","-74.005172000000002","40.736651999999999","2014-01-06T00:00:00.000","2014-01-05T23:42:00.000","1","6.5099999999999998"
"-73.987750000000005","40.732387000000003","-73.991541999999995","40.724587","2014-01-06T00:00:00.000","2014-01-05T23:56:00.000","1","0.75"
"-73.971644999999995","40.754714999999997","-73.988839999999996","40.734797","2014-01-06T00:00:00.000","2014-01-05T23:53:00.000","5","1.9399999999999999"
"-73.987971999999999","40.764749999999999","-73.944972000000007","40.836592000000003","2014-01-06T00:00:00.000","2014-01-05T23:48:00.000","1","6.4699999999999998"
"-73.961877000000001","40.713605000000001","-73.999238000000005","40.675396999999997","2014-01-06T00:00:00.000","2014-01-05T23:47:00.000","1","5.7699999999999996"
"-73.983564999999999","40.762506999999999","-73.943292999999997","40.718262000000003","2014-01-06T00:00:00.000","2014-01-05T23:42:00.000","1","5.4699999999999998"
"-73.862970000000004","40.768791999999998","-74.005292999999995","40.737186999999999","2014-01-06T00:00:00.000","2014-01-05T23:39:00.000","2","12.220000000000001"
"-73.982524999999995","40.673630000000003","-73.999955","40.641539999999999","2014-01-06T00:00:00.000","2014-01-05T23:47:00.000","1","3.3399999999999999"
"-73.776714999999996","40.645341999999999","-73.794764999999998","40.667614999999998","2014-01-06T00:00:00.000","2014-01-05T23:50:00.000","1","4.2800000000000002"
"-73.972142000000005","40.754114999999999","-73.878770000000003","40.742663","2014-01-06T00:00:00.000","2014-01-05T23:39:00.000","5","5.6600000000000001"
"-73.953609999999998","40.770871999999997","-73.935119999999998","40.796284999999997","2014-01-06T00:00:00.000","2014-01-05T23:55:00.000","1","2.02"
"-73.957679999999996","40.779682000000001","-73.970181999999994","40.762354999999999","2014-01-06T00:00:00.000","2014-01-05T23:54:00.000","2","1.3600000000000001"
"-73.954234999999997","40.763979999999997","-73.985725000000002","40.770536999999997","2014-01-06T00:00:00.000","2014-01-05T23:50:00.000","2","2.1000000000000001"
"-73.954679999999996","40.820447000000001","-73.928877","40.864714999999997","2014-01-06T00:00:00.000","2014-01-05T23:50:00.000","2","4.46"
"-73.987076999999999","40.720571999999997","-73.973392000000004","40.760086999999999","2014-01-06T00:00:00.000","2014-01-05T23:45:00.000","1","3.5099999999999998"
"-73.988754999999998","40.763894999999998","-73.972153000000006","40.756954999999998","2014-01-06T00:00:00.000","2014-01-05T23:51:00.000","1","1.1699999999999999"
"-73.972092000000004","40.749957000000002","-73.973945000000001","40.743957000000002","2014-01-06T00:00:00.000","2014-01-05T23:57:00.000","1","0.59999999999999998"
"-73.937714999999997","40.758277","0","0","2014-01-06T00:00:00.000","2014-01-05T23:58:00.000","2","0.81999999999999995"
"-73.957904999999997","40.776245000000003","-73.990722000000005","40.751167000000002","2014-01-06T00:00:00.000","2014-01-05T23:50:00.000","6","3.0699999999999998"
"0","0","0","0","2014-01-06T00:00:00.000","2014-01-06T00:00:00.000","2","0"
"-73.993859999999998","40.741366999999997","-73.988297000000003","40.762506999999999","2014-01-06T00:00:00.000","2014-01-05T23:53:00.000","5","1.9299999999999999"
"-73.789321999999999","40.643524999999997","-74.006996999999998","40.646782000000002","2014-01-06T00:00:00.000","2014-01-05T23:29:00.000","1","23.91"
"-73.980649","40.745007000000001","-73.955461999999997","40.768369","2014-01-06T00:00:01.000","2014-01-05T23:49:10.000","1","2.6000000000000001"
"-73.991968","40.749524000000001","-73.952172000000004","40.774664999999999","2014-01-06T00:00:01.000","2014-01-05T23:48:03.000","1","3.7000000000000002"
"-73.999048999999999","40.759791","-74.026622000000003","40.751716999999999","2014-01-06T00:00:02.000","2014-01-05T23:47:46.000","2","3.2000000000000002"
"-73.982647","40.728813000000002","-73.976890999999995","40.764772000000001","2014-01-06T00:00:03.000","2014-01-05T23:47:21.000","2","3.2000000000000002"
"-74.006405000000001","40.733139999999999","-74.004272","40.752699999999997","2014-01-06T00:00:03.000","2014-01-05T23:55:11.000","2","1.7"
"-73.978053000000003","40.725392999999997","-73.919313000000002","40.771470999999998","2014-01-06T00:00:04.000","2014-01-05T23:35:13.000","2","6.9000000000000004"
"-73.996300000000005","40.722085","-73.949620999999993","40.684807999999997","2014-01-06T00:00:05.000","2014-01-05T23:42:56.000","4","5"
"-74.002212999999998","40.709114999999997","-73.984247999999994","40.729233999999998","2014-01-06T00:00:05.000","2014-01-05T23:52:12.000","1","1.8999999999999999"
"-73.990767000000005","40.724558000000002","-73.968401","40.678696000000002","2014-01-06T00:00:06.000","2014-01-05T23:45:02.000","1","3.7999999999999998"
"-74.005915999999999","40.735959999999999","-73.994574999999998","40.744560999999997","2014-01-06T00:00:06.000","2014-01-05T23:56:11.000","3","1"
"-73.985966000000005","40.762236999999999","-73.977839000000003","40.753221000000003","2014-01-06T00:00:09.000","2014-01-05T23:54:26.000","2","0.90000000000000002"
"-73.979887000000005","40.765397","-73.955822999999995","40.77281","2014-01-06T00:00:09.000","2014-01-05T23:55:30.000","1","1.8999999999999999"
"-73.978774000000001","40.777445999999998","-73.965311999999997","40.800964999999998","2014-01-06T00:00:10.000","2014-01-05T23:53:57.000","1","1.8999999999999999"
"-73.979595000000003","40.735398000000004","-73.957702999999995","40.765295000000002","2014-01-06T00:00:10.000","2014-01-05T23:53:17.000","1","2.3999999999999999"
"-73.988287999999997","40.718314999999997","-73.997180999999998","40.756328000000003","2014-01-06T00:00:10.000","2014-01-05T23:47:06.000","1","3.7999999999999998"
"-73.979586999999995","40.759472000000002","-73.981364999999997","40.738990999999999","2014-01-06T00:00:10.000","2014-01-05T23:52:52.000","1","1.8"
"-73.990519000000006","40.761555000000001","-73.980675000000005","40.764163000000003","2014-01-06T00:00:11.000","2014-01-05T23:53:55.000","2","0.80000000000000004"
"-73.939937999999998","40.750805","-73.911004000000005","40.775655","2014-01-06T00:00:12.000","2014-01-05T23:47:19.000","1","2.7999999999999998"
"-73.978972999999996","40.758982000000003","-73.975832999999994","40.756121999999998","2014-01-06T00:00:12.000","2014-01-05T23:56:30.000","1","0.40000000000000002"
"-73.989024000000001","40.741247999999999","-73.946618000000001","40.783186000000001","2014-01-06T00:00:13.000","2014-01-05T23:48:29.000","1","4.2999999999999998"
"-73.959023999999999","40.768070999999999","-73.975145999999995","40.746001999999997","2014-01-06T00:00:15.000","2014-01-05T23:55:25.000","1","1.8"
"-73.990323000000004","40.756332999999998","-73.931180999999995","40.859592999999997","2014-01-06T00:00:16.000","2014-01-05T23:40:17.000","1","8.6999999999999993"
"-73.983455000000006","40.762884999999997","-74.004554999999996","40.722776000000003","2014-01-06T00:00:16.000","2014-01-05T23:50:34.000","2","3.1000000000000001"
"-74.005972","40.740296999999998","-74.005212","40.727317999999997","2014-01-06T00:00:17.000","2014-01-05T23:54:29.000","1","1.3999999999999999"
"-73.992428000000004","40.714948999999997","-73.977326000000005","40.715279000000002","2014-01-06T00:00:17.000","2014-01-05T23:55:58.000","1","0.90000000000000002"
"-73.982581999999994","40.773710999999999","-73.988338999999996","40.764882999999998","2014-01-06T00:00:17.000","2014-01-05T23:55:34.000","1","1"
"-73.776720999999995","40.645347999999998","-73.989743000000004","40.690595999999999","2014-01-06T00:00:18.000","2014-01-05T23:29:31.000","1","18.699999999999999"
"-73.868148000000005","40.771090999999998","-73.868148000000005","40.771090999999998","2014-01-06T00:00:18.000","2014-01-05T23:50:30.000","1","3.7000000000000002"
"-74.004515999999995","40.742108000000002","-73.977090000000004","40.764243","2014-01-06T00:00:18.000","2014-01-05T23:52:58.000","1","2.7000000000000002"
"-73.959304000000003","40.767515000000003","-73.980754000000005","40.712820999999998","2014-01-06T00:00:19.000","2014-01-05T23:50:00.000","1","4.5"
"-74.009289999999993","40.704608","-73.988196000000002","40.723584000000002","2014-01-06T00:00:22.000","2014-01-05T23:45:57.000","1","2.1000000000000001"
"-73.990649000000005","40.760930999999999","-73.984176000000005","40.764749999999999","2014-01-06T00:00:23.000","2014-01-05T23:57:30.000","1","0.69999999999999996"
"-74.008306000000005","40.742103","-73.957526000000001","40.805264000000001","2014-01-06T00:00:24.000","2014-01-05T23:28:35.000","2","8.3000000000000007"
"-73.983683999999997","40.758989","-73.978305000000006","40.753394","2014-01-06T00:00:24.000","2014-01-05T23:56:26.000","1","0.59999999999999998"
"-73.987734000000003","40.721206000000002","-73.967202","40.802717999999999","2014-01-06T00:00:24.000","2014-01-05T23:37:15.000","1","8.0999999999999996"
"-73.980705999999998","40.671522000000003","-73.979151000000002","40.665782","2014-01-06T00:00:24.000","2014-01-05T23:57:30.000","2","0.5"
"-74.005579999999995","40.738169999999997","-74.004255999999998","40.717596","2014-01-06T00:00:25.000","2014-01-05T23:53:54.000","1","1.8"
"-73.977806999999999","40.686886999999999","-73.977452","40.671824000000001","2014-01-06T00:00:25.000","2014-01-05T23:52:22.000","1","1.3"
"-73.943029999999993","40.789942000000003","-73.997478000000001","40.751874000000001","2014-01-06T00:00:25.000","2014-01-05T23:44:41.000","1","4.7999999999999998"
"-73.981990999999994","40.769095","-73.944541999999998","40.827818999999998","2014-01-06T00:00:26.000","2014-01-05T23:41:46.000","1","4.5999999999999996"
"-73.976320999999999","40.751779999999997","-73.968867000000003","40.755225000000003","2014-01-06T00:00:27.000","2014-01-05T23:57:37.000","1","0.59999999999999998"
"-73.990098000000003","40.756844999999998","-74.004711999999998","40.73198","2014-01-06T00:00:30.000","2014-01-05T23:49:55.000","1","2.2999999999999998"
"-73.982979999999998","40.761605000000003","-73.902534000000003","40.773721999999999","2014-01-06T00:00:30.000","2014-01-05T23:45:04.000","1","5.7000000000000002"
"-73.946449000000001","40.71143","-73.996727000000007","40.721272999999997","2014-01-06T00:00:30.000","2014-01-05T23:50:31.000","4","2.7999999999999998"
"-73.951974000000007","40.777932999999997","-73.966177000000002","40.804606","2014-01-06T00:00:31.000","2014-01-05T23:51:11.000","1","2.7000000000000002"
"-74.007852999999997","40.740658000000003","-73.987915000000001","40.671546999999997","2014-01-06T00:00:31.000","2014-01-05T23:30:52.000","2","6.9000000000000004"
"-73.993508000000006","40.682212","-73.992818999999997","40.736930000000001","2014-01-06T00:00:31.000","2014-01-05T23:29:11.000","2","8.4000000000000004"
"-73.985766999999996","40.762774999999998","-73.958012999999994","40.711773999999998","2014-01-06T00:00:32.000","2014-01-05T23:38:21.000","3","6.0999999999999996"
"-73.992328000000001","40.750138","-73.950145000000006","40.780647999999999","2014-01-06T00:00:32.000","2014-01-05T23:47:20.000","2","3.8999999999999999"
"-73.980489000000006","40.688347","-73.959875999999994","40.692512999999998","2014-01-06T00:00:34.000","2014-01-05T23:55:33.000","1","1.5"
"-74.004166999999995","40.713019000000003","-74.006632999999994","40.708095999999998","2014-01-06T00:00:35.000","2014-01-05T23:56:45.000","1","0.59999999999999998"
"-73.988516000000004","40.720046000000004","-74.008497000000006","40.725920000000002","2014-01-06T00:00:37.000","2014-01-05T23:50:28.000","1","1.8"
"0","0","0","0","2014-01-06T00:00:37.000","2014-01-05T23:50:35.000","3","5.2000000000000002"
"-73.972134999999994","40.762379000000003","-73.990144000000001","40.751199999999997","2014-01-06T00:00:38.000","2014-01-05T23:55:31.000","1","1.8"
"-73.988906","40.756222999999999","-73.971231000000003","40.756943999999997","2014-01-06T00:00:38.000","2014-01-05T23:51:23.000","2","1.3"
"-74.004346999999996","40.747672000000001","-74.009029999999996","40.704340000000002","2014-01-06T00:00:39.000","2014-01-05T23:46:25.000","1","3.7999999999999998"
"-73.982534000000001","40.768293999999997","-73.988307000000006","40.769063000000003","2014-01-06T00:00:42.000","2014-01-05T23:58:23.000","1","0.5"
"-73.951391000000001","40.770017000000003","-73.941383000000002","40.801040999999998","2014-01-06T00:00:42.000","2014-01-05T23:52:49.000","1","2.6000000000000001"
"-73.960314999999994","40.773775000000001","-73.941807999999995","40.790393999999999","2014-01-06T00:00:43.000","2014-01-05T23:53:41.000","1","2.1000000000000001"
"-73.992316000000002","40.730589999999999","-74.014476999999999","40.708466999999999","2014-01-06T00:00:43.000","2014-01-05T23:53:34.000","2","2.1000000000000001"
"-73.984245000000001","40.758882999999997","-73.982136999999994","40.746192000000001","2014-01-06T00:00:44.000","2014-01-05T23:55:04.000","1","0.80000000000000004"
"-73.978318000000002","40.762776000000002","-73.946252999999999","40.804751000000003","2014-01-06T00:00:44.000","2014-01-05T23:47:14.000","1","4.2000000000000002"
"-73.986974000000004","40.741492999999998","-73.981245000000001","40.740597000000001","2014-01-06T00:00:44.000","2014-01-05T23:56:54.000","1","0.29999999999999999"
"-73.789738999999997","40.646504999999998","-73.984712999999999","40.701850999999998","2014-01-06T00:00:45.000","2014-01-05T23:35:14.000","1","18.300000000000001"
"-74.002399999999994","40.755119999999998","-73.996639999999999","40.744746999999997","2014-01-06T00:00:46.000","2014-01-05T23:54:14.000","1","1.1000000000000001"
"-74.008824000000004","40.719379000000004","-73.981978999999995","40.762647000000001","2014-01-06T00:00:48.000","2014-01-05T23:46:57.000","1","3.6000000000000001"
"-73.989473000000004","40.726075999999999","-73.989553000000001","40.723098999999998","2014-01-06T00:00:48.000","2014-01-05T23:59:13.000","1","0.20000000000000001"
"-73.874559000000005","40.774107000000001","-73.886171000000004","40.765883000000002","2014-01-06T00:00:48.000","2014-01-05T23:53:45.000","2","1.6000000000000001"
"-73.994079999999997","40.751261999999997","-73.848725000000002","40.666570999999998","2014-01-06T00:00:48.000","2014-01-05T23:12:41.000","1","13.4"
"-73.844223999999997","40.721310000000003","-73.812515000000005","40.712974000000003","2014-01-06T00:00:50.000","2014-01-05T23:52:52.000","1","2"
"-73.985793000000001","40.762847000000001","-73.951414999999997","40.770881000000003","2014-01-06T00:00:51.000","2014-01-05T23:52:57.000","1","2.7000000000000002"
"-73.998862000000003","40.728169999999999","-73.945777000000007","40.825266999999997","2014-01-06T00:00:51.000","2014-01-05T23:34:54.000","1","10.4"
"0","0","0","0","2014-01-06T00:00:51.000","2014-01-05T23:40:48.000","1","9.8000000000000007"
"-73.985091999999995","40.718927000000001","-73.957598000000004","40.722219000000003","2014-01-06T00:00:52.000","2014-01-05T23:49:30.000","1","3.1000000000000001"
"-73.975834000000006","40.760339999999999","-73.990716000000006","40.750903999999998","2014-01-06T00:00:53.000","2014-01-05T23:57:37.000","1","1.2"
"0","0","0","0","2014-01-06T00:00:54.000","2014-01-05T23:51:08.000","1","3"
"-73.996900999999994","40.729661999999998","-73.991838000000001","40.734878000000002","2014-01-06T00:00:56.000","2014-01-05T23:59:13.000","1","0.40000000000000002"
"-73.987485000000007","40.729269000000002","-73.987735000000001","40.739139999999999","2014-01-06T00:00:57.000","2014-01-05T23:56:41.000","2","0.80000000000000004"
"-73.994372999999996","40.750597999999997","-73.977423999999999","40.761873000000001","2014-01-06T00:00:57.000","2014-01-05T23:51:49.000","2","1.5"
"-73.976237999999995","40.76061","-73.952449999999999","40.786382000000003","2014-01-06T00:00:59.000","2014-01-05T23:49:46.000","1","2.7000000000000002"
"-73.994069999999994","40.724564999999998","-73.988529999999997","40.720117000000002","2014-01-06T00:01:00.000","2014-01-05T23:58:00.000","1","0.58999999999999997"
"-73.920157000000003","40.758921999999998","-73.884437000000005","40.750362000000003","2014-01-06T00:01:00.000","2014-01-05T23:50:00.000","1","2.54"
"-73.987387999999996","40.728490000000001","-73.978672000000003","40.744877000000002","2014-01-06T00:01:00.000","2014-01-05T23:55:00.000","2","1.6200000000000001"
"-73.911668000000006","40.744472000000002","-73.926204999999996","40.744096999999996","2014-01-06T00:01:00.000","2014-01-05T23:56:00.000","1","1.0800000000000001"
"-73.973510000000005","40.7483","-73.988290000000006","40.748429999999999","2014-01-06T00:01:00.000","2014-01-05T23:51:00.000","1","3.0600000000000001"
"-73.970761999999993","40.765402000000002","-73.960947000000004","40.766531999999998","2014-01-06T00:01:00.000","2014-01-05T23:58:00.000","1","0.72999999999999998"
"-73.875005000000002","40.773981999999997","-73.954454999999996","40.713966999999997","2014-01-06T00:01:00.000","2014-01-05T23:51:00.000","1","7.0999999999999996"
"-73.971576999999996","40.762841999999999","-73.959575000000001","40.813760000000002","2014-01-06T00:01:00.000","2014-01-05T23:46:00.000","5","4.6100000000000003"
"-73.984286999999995","40.764721999999999","-73.982241999999999","40.781351999999998","2014-01-06T00:01:00.000","2014-01-05T23:55:00.000","2","1.3100000000000001"
"-73.980507000000003","40.742516999999999","-73.891822000000005","40.744301999999998","2014-01-06T00:01:00.000","2014-01-05T23:34:00.000","6","7.25"
"-73.989118000000005","40.725316999999997","-74.007835","40.705637000000003","2014-01-06T00:01:00.000","2014-01-05T23:53:00.000","5","1.96"
"-73.997005000000001","40.720032000000003","-73.992337000000006","40.731377000000002","2014-01-06T00:01:00.000","2014-01-05T23:54:00.000","1","1.0800000000000001"
"-73.976612000000003","40.733606999999999","-73.995165","40.717219999999998","2014-01-06T00:01:00.000","2014-01-05T23:53:00.000","1","2.75"
"-74.003235000000004","40.727457000000001","-73.961669999999998","40.713751999999999","2014-01-06T00:01:00.000","2014-01-05T23:50:00.000","1","3.2999999999999998"
"-73.959298000000004","40.771427000000003","-73.918346999999997","40.812175000000003","2014-01-06T00:01:00.000","2014-01-05T23:50:00.000","1","4.0999999999999996"
"-73.910837999999998","40.776285000000001","-73.914308000000005","40.779969999999999","2014-01-06T00:01:00.000","2014-01-05T23:59:00.000","1","0.39000000000000001"
"-73.989502000000002","40.762946999999997","-73.919191999999995","40.778844999999997","2014-01-06T00:01:00.000","2014-01-05T23:37:00.000","1","6.5700000000000003"
"-73.968260000000001","40.755557000000003","-73.959834999999998","40.770682000000001","2014-01-06T00:01:00.000","2014-01-05T23:58:00.000","1","1.27"
"-73.870827000000006","40.773721999999999","-73.972542000000004","40.743434999999998","2014-01-06T00:01:00.000","2014-01-05T23:45:00.000","2","8.3800000000000008"
"-74.001784999999998","40.740834999999997","-73.985947999999993","40.762712000000001","2014-01-06T00:01:00.000","2014-01-05T23:55:00.000","1","1.78"
"-74.003744999999995","40.750912","-73.979110000000006","40.747297000000003","2014-01-06T00:01:00.000","2014-01-05T23:51:00.000","1","1.97"
"-73.992001999999999","40.726255000000002","-73.983165","40.737941999999997","2014-01-06T00:01:00.000","2014-01-05T23:57:00.000","2","1.0700000000000001"
"-73.994607000000002","40.750345000000003","-73.952492000000007","40.771394999999998","2014-01-06T00:01:00.000","2014-01-05T23:44:00.000","5","3.6200000000000001"
"-73.987421999999995","40.770601999999997","-73.985622000000006","40.757465000000003","2014-01-06T00:01:00.000","2014-01-05T23:55:00.000","5","1.5900000000000001"
"-74.001917000000006","40.735104999999997","-73.984245000000001","40.729109999999999","2014-01-06T00:01:00.000","2014-01-05T23:55:00.000","5","1.1499999999999999"
"-73.878259999999997","40.771239999999999","-73.994370000000004","40.741937","2014-01-06T00:01:00.000","2014-01-05T23:45:00.000","2","8.9100000000000001"
"-73.980282000000003","40.760466999999998","-73.946560000000005","40.766182000000001","2014-01-06T00:01:00.000","2014-01-05T23:50:00.000","1","4.2300000000000004"
"-73.989922000000007","40.729456999999996","-73.989922000000007","40.729456999999996","2014-01-06T00:01:00.000","2014-01-05T23:59:00.000","1","0.83999999999999997"
"-73.985129999999998","40.747987000000002","-73.985754999999997","40.762794999999997","2014-01-06T00:01:00.000","2014-01-05T23:53:00.000","1","1.6499999999999999"
"-73.991943000000006","40.749251999999998","-73.977478000000005","40.732722000000003","2014-01-06T00:01:00.000","2014-01-05T23:54:00.000","1","2.0299999999999998"
"-74.003067000000001","40.733336999999999","-73.970027000000002","40.761305","2014-01-06T00:01:00.000","2014-01-05T23:51:00.000","1","3.29"
"-73.983917000000005","40.780287000000001","-73.971329999999995","40.783631999999997","2014-01-06T00:01:00.000","2014-01-05T23:54:00.000","6","1.0800000000000001"
"-73.988707000000005","40.745682000000002","-73.981970000000004","40.740892000000002","2014-01-06T00:01:00.000","2014-01-05T23:58:00.000","2","0.56000000000000005"
"-73.955939999999998","40.776119999999999","-73.991574999999997","40.749447000000004","2014-01-06T00:01:00.000","2014-01-05T23:46:00.000","1","3.3700000000000001"
"-73.987970000000004","40.732737","-73.991545000000002","40.761386999999999","2014-01-06T00:01:00.000","2014-01-05T23:51:00.000","1","2.98"
"-73.978882999999996","40.724007","-73.962986999999998","40.676051999999999","2014-01-06T00:01:00.000","2014-01-05T23:41:00.000","1","4.9900000000000002"
"-74.007232000000002","40.705027000000001","-73.940853000000004","40.843977000000002","2014-01-06T00:01:00.000","2014-01-05T23:42:00.000","1","12.98"
"-73.980796999999995","40.741956999999999","-73.991217000000006","40.748727000000002","2014-01-06T00:01:00.000","2014-01-05T23:50:00.000","2","1.47"
"-73.960526999999999","40.715319999999998","-73.985770000000002","40.759720000000002","2014-01-06T00:01:00.000","2014-01-05T23:33:00.000","1","17.530000000000001"
"-73.997536999999994","40.720827","-73.994052999999994","40.738796999999998","2014-01-06T00:01:00.000","2014-01-05T23:52:00.000","4","1.52"
"-73.977698000000004","40.78407","-73.975673","40.794607999999997","2014-01-06T00:01:00.000","2014-01-05T23:58:00.000","1","0.85999999999999999"
"-73.991088000000005","40.749642000000001","-73.997088000000005","40.722394999999999","2014-01-06T00:01:00.000","2014-01-05T23:49:00.000","1","2.6499999999999999"
"-74.001509999999996","40.739289999999997","-73.96181","40.654699999999998","2014-01-06T00:01:00.000","2014-01-05T23:42:00.000","2","6.6200000000000001"
"-73.938862","40.712372000000002","-73.933927999999995","40.696167000000003","2014-01-06T00:01:00.000","2014-01-05T23:53:00.000","1","1.4099999999999999"
"-73.983001999999999","40.730646999999998","-74.000735000000006","40.729647","2014-01-06T00:01:00.000","2014-01-05T23:54:00.000","1","1.3700000000000001"
"-73.994867999999997","40.744577","-73.965181999999999","40.691924999999998","2014-01-06T00:01:00.000","2014-01-05T23:44:00.000","1","5.4199999999999999"
"-73.989112000000006","40.741571999999998","-74.008442000000002","40.735137000000002","2014-01-06T00:01:00.000","2014-01-05T23:51:00.000","1","1.5"
"-74.006514999999993","40.743806999999997","-74.000607000000002","40.730714999999996","2014-01-06T00:01:00.000","2014-01-05T23:53:00.000","2","1.6499999999999999"
"-73.937449999999998","40.848616999999997","-73.916420000000002","40.825192000000001","2014-01-06T00:01:00.000","2014-01-05T23:48:00.000","1","2.5800000000000001"
"-73.988662000000005","40.722602000000002","-73.979967000000002","40.729317000000002","2014-01-06T00:01:00.000","2014-01-05T23:55:00.000","1","0.98999999999999999"
"-73.969534999999993","40.800127000000003","-73.985645000000005","40.759636999999998","2014-01-06T00:01:00.000","2014-01-05T23:47:00.000","1","3.6299999999999999"
"-73.930702999999994","40.694406999999998","-73.976190000000003","40.666829999999997","2014-01-06T00:01:00.000","2014-01-05T23:46:00.000","2","3.9300000000000002"
"-73.948774999999998","40.71123","-73.958763000000005","40.772447","2014-01-06T00:01:00.000","2014-01-05T23:42:00.000","1","6.5599999999999996"
"-73.946299999999994","40.781342000000002","-73.924137000000002","40.839930000000003","2014-01-06T00:01:00.000","2014-01-05T23:49:00.000","1","4.96"
"-73.953852999999995","40.790604999999999","-73.956102999999999","40.779764999999998","2014-01-06T00:01:00.000","2014-01-05T23:58:00.000","1","1"
"-73.996227000000005","40.732402","-73.991472000000002","40.730226999999999","2014-01-06T00:01:00.000","2014-01-05T23:59:00.000","1","0.40999999999999998"
"-73.985127000000006","40.727747000000001","-73.990602999999993","40.748522000000001","2014-01-06T00:01:00.000","2014-01-05T23:53:00.000","5","2.1499999999999999"
"-73.978920000000002","40.771720000000002","-73.954520000000002","40.778039999999997","2014-01-06T00:01:00.000","2014-01-05T23:55:00.000","5","1.8999999999999999"
"-73.981357000000003","40.778837000000003","-73.939369999999997","40.848692","2014-01-06T00:01:00.000","2014-01-05T23:50:00.000","2","5.79"
"-74.000309999999999","40.733981999999997","-73.940892000000005","40.844577000000001","2014-01-06T00:01:00.000","2014-01-05T23:40:00.000","2","9.9399999999999995"
"-74.008598000000006","40.713920000000002","-74.008764999999997","40.716017000000001","2014-01-06T00:01:00.000","2014-01-06T00:00:00.000","1","0.20000000000000001"
"-73.986125000000001","40.722540000000002","-73.957566999999997","40.711494999999999","2014-01-06T00:01:00.000","2014-01-05T23:52:00.000","2","2.23"
"-73.996167","40.732322000000003","-73.987195","40.750450000000001","2014-01-06T00:01:00.000","2014-01-05T23:57:00.000","1","0.91000000000000003"
"-73.974126999999996","40.759616999999999","-73.969364999999996","40.762706999999999","2014-01-06T00:01:00.000","2014-01-05T23:58:00.000","1","0.5"
"-73.969327000000007","40.75365","-73.986912000000004","40.729731999999998","2014-01-06T00:01:00.000","2014-01-05T23:56:00.000","1","1.9299999999999999"
"-73.949245000000005","40.680461999999999","-73.955524999999994","40.714105000000004","2014-01-06T00:01:00.000","2014-01-05T23:51:00.000","4","3.1499999999999999"
"-73.970299999999995","40.788589999999999","-73.955804999999998","40.812772000000002","2014-01-06T00:01:00.000","2014-01-05T23:54:00.000","6","2.1499999999999999"
"-73.951958000000005","40.777647000000002","-73.975157999999993","40.741486999999999","2014-01-06T00:01:00.000","2014-01-05T23:53:00.000","5","2.96"
"-73.989256999999995","40.762897000000002","-73.993049999999997","40.762782000000001","2014-01-06T00:01:00.000","2014-01-05T23:59:00.000","1","0.31"
"-73.968339999999998","40.802016999999999","-73.976763000000005","40.792665","2014-01-06T00:01:00.000","2014-01-05T23:52:00.000","1","0.88"
"-74.005471999999997","40.738526999999998","-74.008921999999998","40.707859999999997","2014-01-06T00:01:00.000","2014-01-05T23:54:00.000","1","2.4100000000000001"
"-73.979217000000006","40.7819","-73.971540000000005","40.762991999999997","2014-01-06T00:01:00.000","2014-01-05T23:54:00.000","1","2.0499999999999998"
"-73.986684999999994","40.747681999999998","-73.929597000000001","40.758631999999999","2014-01-06T00:01:00.000","2014-01-05T23:46:00.000","6","4.6299999999999999"
"-73.990977000000001","40.727986999999999","-73.973039999999997","40.754241999999998","2014-01-06T00:01:00.000","2014-01-05T23:53:00.000","6","2.1400000000000001"
"-73.981802000000002","40.749785000000003","-73.994622000000007","40.755271999999998","2014-01-06T00:01:00.000","2014-01-05T23:57:00.000","2","0.79000000000000004"
"-73.955712000000005","40.768636999999998","-73.972470000000001","40.754095","2014-01-06T00:01:00.000","2014-01-05T23:55:00.000","6","1.5900000000000001"
"-73.776750000000007","40.645457","-73.946736999999999","40.836784999999999","2014-01-06T00:01:00.000","2014-01-05T23:25:00.000","1","21.84"
"-73.985325000000003","40.727525","-73.978954999999999","40.683861999999998","2014-01-06T00:01:00.000","2014-01-05T23:48:00.000","1","3.8399999999999999"
"-73.993264999999994","40.727927000000001","-73.918854999999994","40.687570000000001","2014-01-06T00:01:00.000","2014-01-05T23:42:00.000","1","5.3399999999999999"
"-73.977622999999994","40.752111999999997","-73.962549999999993","40.758741999999998","2014-01-06T00:01:00.000","2014-01-05T23:56:00.000","1","1.25"
"-74.007377000000005","40.726787000000002","-74.008206999999999","40.711432000000002","2014-01-06T00:01:00.000","2014-01-05T23:57:00.000","1","1.49"
"-73.984110000000001","40.729300000000002","-73.949932000000004","40.775795000000002","2014-01-06T00:01:00.000","2014-01-05T23:51:00.000","1","3.7599999999999998"
"-73.995817000000002","40.759059999999998","-73.984582000000003","40.759459999999997","2014-01-06T00:01:00.000","2014-01-05T23:58:00.000","3","0.90000000000000002"
"-73.957346999999999","40.765856999999997","-73.946209999999994","40.781014999999996","2014-01-06T00:01:00.000","2014-01-05T23:59:00.000","1","1.22"
"-73.965801999999996","40.768490999999997","-73.980275000000006","40.725465999999997","2014-01-06T00:01:01.000","2014-01-05T23:44:00.000","1","3.7000000000000002"
"-73.981511999999995","40.677688000000003","-73.987686999999994","40.732416999999998","2014-01-06T00:01:03.000","2014-01-05T23:43:14.000","1","4.5"
"-74.003938000000005","40.725656000000001","-73.995310000000003","40.739393999999997","2014-01-06T00:01:03.000","2014-01-05T23:58:34.000","1","1.1000000000000001"
"-74.005148000000005","40.720213000000001","-73.980669000000006","40.735407000000002","2014-01-06T00:01:03.000","2014-01-05T23:51:52.000","1","2.2999999999999998"
"-73.939926999999997","40.75638","-73.954278000000002","40.764167","2014-01-06T00:01:05.000","2014-01-05T23:51:43.000","2","2.6000000000000001"
"-73.984962999999993","40.779367999999998","-73.936216999999999","40.754105000000003","2014-01-06T00:01:05.000","2014-01-05T23:45:01.000","1","4.4000000000000004"
"-73.989690999999993","40.723173000000003","-73.952741000000003","40.710672000000002","2014-01-06T00:01:06.000","2014-01-05T23:51:03.000","1","2.7999999999999998"
"-73.973799","40.791381999999999","-73.948082999999997","40.784658999999998","2014-01-06T00:01:06.000","2014-01-05T23:52:09.000","1","1.6000000000000001"
"-73.943327999999994","40.820830999999998","-73.936327000000006","40.799010000000003","2014-01-06T00:01:06.000","2014-01-05T23:55:19.000","1","2"
"-74.004255000000001","40.742952000000002","-74.000639000000007","40.729664999999997","2014-01-06T00:01:07.000","2014-01-05T23:50:49.000","1","1.8999999999999999"
"-73.789434","40.646642999999997","-73.999883999999994","40.717941000000003","2014-01-06T00:01:08.000","2014-01-05T23:36:50.000","1","20"
"-73.999998000000005","40.726872999999998","-73.954881999999998","40.716467000000002","2014-01-06T00:01:08.000","2014-01-05T23:52:01.000","1","3.2999999999999998"
"-74.003887000000006","40.737578999999997","-74.002020000000002","40.740290999999999","2014-01-06T00:01:09.000","2014-01-05T23:59:05.000","1","0.20000000000000001"
"-73.989022000000006","40.752952999999998","-73.923630000000003","40.698625","2014-01-06T00:01:09.000","2014-01-05T23:33:00.000","1","7"
"-74.006608999999997","40.739750999999998","-73.966791000000001","40.764001999999998","2014-01-06T00:01:10.000","2014-01-05T23:41:07.000","2","3.6000000000000001"
"-73.979768000000007","40.722861999999999","-73.986943999999994","40.750905000000003","2014-01-06T00:01:10.000","2014-01-05T23:49:53.000","1","2.7000000000000002"
"-73.990711000000005","40.755516999999998","-73.927209000000005","40.762801000000003","2014-01-06T00:01:11.000","2014-01-05T23:45:56.000","3","5"
"-73.995244999999997","40.717315999999997","-73.989284999999995","40.759579000000002","2014-01-06T00:01:12.000","2014-01-05T23:44:21.000","1","3.7999999999999998"
"-73.991865000000004","40.715812","-73.949941999999993","40.727817000000002","2014-01-06T00:01:13.000","2014-01-05T23:53:07.000","1","3.7000000000000002"
"-73.982529999999997","40.767214000000003","-73.913777999999994","40.804332000000002","2014-01-06T00:01:13.000","2014-01-05T23:44:36.000","2","6.2000000000000002"
"-73.954083999999995","40.806347000000002","-73.949886000000006","40.826608999999998","2014-01-06T00:01:13.000","2014-01-05T23:52:27.000","1","1.8999999999999999"
"-73.991077000000004","40.734982000000002","-73.993159000000006","40.729520000000001","2014-01-06T00:01:14.000","2014-01-05T23:59:22.000","1","0.29999999999999999"
"-73.988557999999998","40.764218999999997","-73.948528999999994","40.823829000000003","2014-01-06T00:01:14.000","2014-01-05T23:46:46.000","2","4.9000000000000004"
"-73.980986999999999","40.758555000000001","-74.006292999999999","40.733102000000002","2014-01-06T00:01:14.000","2014-01-05T23:51:26.000","1","2.7999999999999998"
"-73.973528000000002","40.784602","-73.940872999999996","40.750208000000001","2014-01-06T00:01:15.000","2014-01-05T23:50:50.000","1","3.7999999999999998"
"-73.955872999999997","40.778852999999998","-73.997176999999994","40.760449000000001","2014-01-06T00:01:16.000","2014-01-05T23:49:50.000","1","3.3999999999999999"
"-73.789063999999996","40.641257000000003","-73.983725000000007","40.660027999999997","2014-01-06T00:01:17.000","2014-01-05T23:23:24.000","1","22.899999999999999"
"-74.002863000000005","40.733649999999997","-73.941389000000001","40.714654000000003","2014-01-06T00:01:19.000","2014-01-05T23:40:17.000","1","4.7999999999999998"
"-73.954329999999999","40.821359999999999","-73.951189999999997","40.813682999999997","2014-01-06T00:01:20.000","2014-01-05T23:56:03.000","1","0.69999999999999996"
"-73.978837999999996","40.777312999999999","-73.992992000000001","40.757297999999999","2014-01-06T00:01:21.000","2014-01-05T23:56:43.000","1","1.6000000000000001"
"-73.998544999999993","40.760705999999999","-73.995788000000005","40.759175999999997","2014-01-06T00:01:21.000","2014-01-05T23:58:29.000","1","0.29999999999999999"
"-74.004811000000004","40.721184000000001","-73.980683999999997","40.728847999999999","2014-01-06T00:01:21.000","2014-01-05T23:52:08.000","1","1.8"
"-73.994574999999998","40.755639000000002","-73.985310999999996","40.750312000000001","2014-01-06T00:01:22.000","2014-01-05T23:57:55.000","1","0.69999999999999996"
"-73.978949999999998","40.724119999999999","-74.002796000000004","40.760553999999999","2014-01-06T00:01:23.000","2014-01-05T23:44:12.000","1","4.7999999999999998"
"-73.988449000000003","40.764282000000001","-74.001465999999994","40.746265000000001","2014-01-06T00:01:24.000","2014-01-05T23:57:34.000","2","1.3999999999999999"
"-73.987851000000006","40.721151999999996","-73.926985000000002","40.770816000000003","2014-01-06T00:01:24.000","2014-01-05T23:40:27.000","1","6.2999999999999998"
"-73.987817000000007","40.737997999999997","-73.987038999999996","40.757162000000001","2014-01-06T00:01:25.000","2014-01-05T23:51:55.000","1","1.8"
"-73.781448999999995","40.644871000000002","-73.993589","40.764662000000001","2014-01-06T00:01:26.000","2014-01-05T23:26:08.000","2","19.199999999999999"
"-73.959901000000002","40.773496999999999","-73.943712000000005","40.793011999999997","2014-01-06T00:01:27.000","2014-01-05T23:55:44.000","1","1.8"
"-73.986130000000003","40.762039999999999","-73.979288999999994","40.727792000000001","2014-01-06T00:01:29.000","2014-01-05T23:48:49.000","1","3.3999999999999999"
"-73.989894000000007","40.757007999999999","-73.981964000000005","40.756793999999999","2014-01-06T00:01:29.000","2014-01-05T23:56:30.000","1","0.90000000000000002"
"-73.978661000000002","40.741123999999999","-74.004251999999994","40.723115","2014-01-06T00:01:29.000","2014-01-05T23:52:51.000","1","2.2000000000000002"
"-73.989547999999999","40.757038999999999","-73.976043000000004","40.782165999999997","2014-01-06T00:01:31.000","2014-01-05T23:53:26.000","1","2.2999999999999998"
"-73.988990999999999","40.726939000000002","-73.957252999999994","40.801715999999999","2014-01-06T00:01:32.000","2014-01-05T23:40:21.000","1","6.4000000000000004"
"-74.006135999999998","40.739634000000002","-74.004593999999997","40.721285999999999","2014-01-06T00:01:33.000","2014-01-05T23:54:53.000","1","1.8"
"-73.985696000000004","40.738551000000001","-73.975690999999998","40.732664999999997","2014-01-06T00:01:33.000","2014-01-05T23:55:57.000","1","0.80000000000000004"
"-73.983386999999993","40.749636000000002","-73.952372999999994","40.718189000000002","2014-01-06T00:01:34.000","2014-01-05T23:47:32.000","1","5.2000000000000002"
"-73.995688999999999","40.687587999999998","-73.951452000000003","40.786146000000002","2014-01-06T00:01:34.000","2014-01-05T23:42:34.000","1","10.1"
"-73.992492999999996","40.750391999999998","-73.953322999999997","40.767943000000002","2014-01-06T00:01:36.000","2014-01-05T23:51:16.000","1","3.2999999999999998"
"-73.975093999999999","40.787739000000002","-73.948216000000002","40.824261999999997","2014-01-06T00:01:37.000","2014-01-05T23:51:25.000","2","2.8999999999999999"
"-73.958516000000003","40.708613","-73.919437000000002","40.704414999999997","2014-01-06T00:01:38.000","2014-01-05T23:49:18.000","1","2.5"
"-73.977609999999999","40.787182999999999","-73.987296000000001","40.768586999999997","2014-01-06T00:01:39.000","2014-01-05T23:56:37.000","2","1.5"
"0","0","0","0","2014-01-06T00:01:39.000","2014-01-05T23:58:12.000","1","0.40000000000000002"
"-73.992048999999994","40.749203999999999","-74.003936999999993","40.716876999999997","2014-01-06T00:01:40.000","2014-01-05T23:49:24.000","1","2.8999999999999999"
"-73.950304000000003","40.81138","-73.946175999999994","40.816960000000002","2014-01-06T00:01:41.000","2014-01-06T00:00:51.000","1","0.40000000000000002"
"-73.993948000000003","40.751418000000001","-73.974204","40.778750000000002","2014-01-06T00:01:41.000","2014-01-05T23:51:44.000","1","2.2000000000000002"
"-73.954023000000007","40.778688000000002","-73.950021000000007","40.785530000000001","2014-01-06T00:01:41.000","2014-01-05T23:59:28.000","2","0.5"
"-73.870801999999998","40.733426999999999","-73.861407","40.719383000000001","2014-01-06T00:01:42.000","2014-01-05T23:56:26.000","1","1.2"
"-74.004170999999999","40.738197999999997","-73.993842000000001","40.737882999999997","2014-01-06T00:01:42.000","2014-01-05T23:59:10.000","1","0.69999999999999996"
"-73.986968000000005","40.760621","-73.981712999999999","40.752209000000001","2014-01-06T00:01:42.000","2014-01-05T23:57:07.000","1","0.69999999999999996"
"-73.959354000000005","40.767631000000002","-73.950496999999999","40.775391999999997","2014-01-06T00:01:43.000","2014-01-05T23:58:30.000","1","1"
"-74.012950000000004","40.716487999999998","-73.962249999999997","40.763751999999997","2014-01-06T00:01:43.000","2014-01-05T23:41:20.000","1","5.7999999999999998"
"-73.983761999999999","40.764848000000001","-73.944626999999997","40.821416999999997","2014-01-06T00:01:44.000","2014-01-05T23:42:40.000","1","5"
"-73.960637000000006","40.772393999999998","-73.966271000000006","40.789642999999998","2014-01-06T00:01:45.000","2014-01-05T23:54:31.000","2","1.7"
"-73.991416999999998","40.735146999999998","-74.013737000000006","40.648977000000002","2014-01-06T00:01:45.000","2014-01-05T23:38:55.000","2","8.6999999999999993"
"-73.979906","40.735126000000001","-73.961843000000002","40.797908","2014-01-06T00:01:48.000","2014-01-05T23:44:14.000","1","5.7000000000000002"
"-73.958979999999997","40.76361","-73.948627999999999","40.785797000000002","2014-01-06T00:01:48.000","2014-01-05T23:56:50.000","1","1.8"
"-74.001647000000006","40.735585","-73.994815000000003","40.750140000000002","2014-01-06T00:01:49.000","2014-01-05T23:56:09.000","1","1.3"
"-73.972268999999997","40.755678000000003","-73.969404999999995","40.760435999999999","2014-01-06T00:01:50.000","2014-01-05T23:58:55.000","2","0.5"
"-73.980157000000005","40.759121999999998","-73.994291000000004","40.759149999999998","2014-01-06T00:01:51.000","2014-01-05T23:55:55.000","1","0.90000000000000002"
"-73.989051000000003","40.669877999999997","-73.975762000000003","40.749186000000002","2014-01-06T00:01:52.000","2014-01-05T23:41:46.000","1","6.2000000000000002"
"-73.987966999999998","40.743858000000003","-73.956858999999994","40.776648999999999","2014-01-06T00:01:53.000","2014-01-05T23:49:59.000","1","3.2000000000000002"
"-74.001517000000007","40.735813","-74.006101000000001","40.738767000000003","2014-01-06T00:01:53.000","2014-01-05T23:57:43.000","1","0.59999999999999998"
"-74.008369999999999","40.716698000000001","-73.990419000000003","40.730910999999999","2014-01-06T00:01:53.000","2014-01-05T23:50:58.000","1","1.8"
"-73.956748000000005","40.716765000000002","-73.957577999999998","40.711444","2014-01-06T00:01:54.000","2014-01-05T23:59:32.000","1","0.59999999999999998"
"-74.006208000000001","40.711444","-73.979883999999998","40.713611","2014-01-06T00:01:55.000","2014-01-05T23:53:11.000","2","1.5"
"-73.782022999999995","40.644799999999996","-73.816491999999997","40.784457000000003","2014-01-06T00:01:55.000","2014-01-05T23:44:55.000","1","12.699999999999999"
"-73.862487000000002","40.769841","-73.964008000000007","40.761921999999998","2014-01-06T00:01:55.000","2014-01-05T23:42:55.000","1","6.9000000000000004"
"-74.002551999999994","40.730414000000003","-74.007964999999999","40.717194999999997","2014-01-06T00:01:56.000","2014-01-05T23:57:44.000","1","1"
"-73.991772999999995","40.749718000000001","-73.946085999999994","40.777310999999997","2014-01-06T00:01:56.000","2014-01-05T23:47:48.000","1","4.0999999999999996"
"-73.981527999999997","40.737144000000001","-73.983655999999996","40.725945000000003","2014-01-06T00:01:57.000","2014-01-05T23:58:18.000","1","0.90000000000000002"
"-73.999350000000007","40.733907000000002","-73.981604000000004","40.780244000000003","2014-01-06T00:01:58.000","2014-01-05T23:52:35.000","1","3.7999999999999998"
"-73.990167","40.714232000000003","-73.987584999999996","40.718297","2014-01-06T00:02:00.000","2014-01-06T00:00:00.000","6","0.34999999999999998"
"-73.993222000000003","40.746957000000002","-73.986772000000002","40.761226999999998","2014-01-06T00:02:00.000","2014-01-05T23:56:00.000","5","1.45"
"-73.955579999999998","40.804490000000001","-73.964596999999998","40.805016999999999","2014-01-06T00:02:00.000","2014-01-05T23:57:00.000","1","0.95999999999999996"
"-73.980577999999994","40.764052","-73.988477000000003","40.746012","2014-01-06T00:02:00.000","2014-01-05T23:56:00.000","1","1.53"
"-73.953502","40.771202000000002","-73.973731999999998","40.789752","2014-01-06T00:02:00.000","2014-01-05T23:55:00.000","1","2.1299999999999999"
"-73.991455000000002","40.749727","-74.007769999999994","40.708466999999999","2014-01-06T00:02:00.000","2014-01-05T23:53:00.000","1","3.4100000000000001"
"-74.007377000000005","40.726497000000002","-73.984527999999997","40.774757000000001","2014-01-06T00:02:00.000","2014-01-05T23:52:00.000","1","4.1200000000000001"
"-74.008021999999997","40.742082000000003","-73.979376999999999","40.766706999999997","2014-01-06T00:02:00.000","2014-01-05T23:49:00.000","1","3.4700000000000002"
"0","0","0","0","2014-01-06T00:02:00.000","2014-01-05T23:58:00.000","1","0.47999999999999998"
"-73.995777000000004","40.738836999999997","-73.992337000000006","40.744382000000002","2014-01-06T00:02:00.000","2014-01-06T00:01:00.000","6","0.48999999999999999"
"-73.989739999999998","40.762357000000002","-73.990264999999994","40.751196999999998","2014-01-06T00:02:00.000","2014-01-05T23:59:00.000","1","1.0600000000000001"
"-73.977329999999995","40.745817000000002","-73.775637000000003","40.763047","2014-01-06T00:02:00.000","2014-01-05T23:40:00.000","1","13.609999999999999"
"-74.010857000000001","40.72607","-73.988146999999998","40.741076999999997","2014-01-06T00:02:00.000","2014-01-05T23:52:00.000","1","2.6699999999999999"
"-73.979855000000001","40.772775000000003","-73.994091999999995","40.751272","2014-01-06T00:02:00.000","2014-01-05T23:53:00.000","1","2.1899999999999999"
"-74.001840000000001","40.740782000000003","-73.949087000000006","40.771725000000004","2014-01-06T00:02:00.000","2014-01-05T23:48:00.000","6","4.5999999999999996"
"-73.957808","40.711151000000001","-73.945255000000003","40.708590999999998","2014-01-06T00:02:00.000","2014-01-05T23:56:37.000","1","1.1000000000000001"
"-73.987532000000002","40.756582000000002","-73.970950000000002","40.755234999999999","2014-01-06T00:02:00.000","2014-01-05T23:57:00.000","3","1.1699999999999999"
"-73.978149999999999","40.759011999999998","-73.972980000000007","40.757106999999998","2014-01-06T00:02:00.000","2014-01-05T23:59:00.000","2","0.34000000000000002"
"-73.959365000000005","40.775212000000003","-73.949122000000003","40.781756999999999","2014-01-06T00:02:00.000","2014-01-05T23:56:00.000","2","1.0800000000000001"
"-73.961332999999996","40.714436999999997","-73.942634999999996","40.725819999999999","2014-01-06T00:02:00.000","2014-01-05T23:54:00.000","5","1.3999999999999999"
"-73.979671999999994","40.743465","-73.975040000000007","40.750096999999997","2014-01-06T00:02:00.000","2014-01-05T23:58:00.000","1","0.56999999999999995"
"-73.971964999999997","40.757060000000003","-73.971964999999997","40.757060000000003","2014-01-06T00:02:00.000","2014-01-05T23:58:00.000","1","1.25"
"-73.957562999999993","40.770242000000003","-73.978367000000006","40.72954","2014-01-06T00:02:00.000","2014-01-05T23:40:00.000","1","4.2199999999999998"
"-73.9221","40.767257000000001","-73.981733000000006","40.761645000000001","2014-01-06T00:02:00.000","2014-01-05T23:39:00.000","6","4.4800000000000004"
"-73.997979999999998","40.740991999999999","-73.986739999999998","40.731442000000001","2014-01-06T00:02:00.000","2014-01-05T23:42:00.000","1","5.9299999999999997"
"-73.989028000000005","40.736510000000003","-73.973977000000005","40.750292000000002","2014-01-06T00:02:00.000","2014-01-05T23:56:00.000","1","1.46"
"-73.960251999999997","40.770592000000001","-73.967792000000003","40.768856999999997","2014-01-06T00:02:00.000","2014-01-06T00:00:00.000","6","0.63"
"-73.956173000000007","40.778702000000003","-73.96611","40.765101999999999","2014-01-06T00:02:00.000","2014-01-05T23:59:00.000","5","1.1100000000000001"
"-73.970312000000007","40.762374999999999","-73.958624999999998","40.778015000000003","2014-01-06T00:02:00.000","2014-01-05T23:58:00.000","2","1.27"
"-73.982832999999999","40.692827000000001","-73.990103000000005","40.729157000000001","2014-01-06T00:02:00.000","2014-01-05T23:54:00.000","6","2.7799999999999998"
"-73.973510000000005","40.789546999999999","-73.941095000000004","40.818752000000003","2014-01-06T00:02:00.000","2014-01-05T23:58:00.000","3","1.27"
"-73.973519999999994","40.743679999999998","-74.011497000000006","40.702657000000002","2014-01-06T00:02:00.000","2014-01-05T23:56:00.000","1","4.3300000000000001"
"-73.990651999999997","40.718266999999997","-73.964617000000004","40.712556999999997","2014-01-06T00:02:00.000","2014-01-05T23:57:00.000","1","2.1699999999999999"
"-74.000765000000001","40.737192","-73.991007999999994","40.744619999999998","2014-01-06T00:02:00.000","2014-01-05T23:58:00.000","1","1.0800000000000001"
"-73.988887000000005","40.748282000000003","-73.988825000000006","40.774979999999999","2014-01-06T00:02:00.000","2014-01-05T23:54:00.000","1","2.5499999999999998"
"-73.972262000000001","40.794935000000002","-73.898477","40.898487000000003","2014-01-06T00:02:00.000","2014-01-05T23:48:00.000","1","9.1500000000000004"
"-73.990836999999999","40.750867","-73.929806999999997","40.686447000000001","2014-01-06T00:02:00.000","2014-01-05T23:33:00.000","1","7.2999999999999998"
"-73.991848000000005","40.749442000000002","-74.001644999999996","40.732926999999997","2014-01-06T00:02:00.000","2014-01-05T23:58:00.000","1","1.3100000000000001"
"-73.98218","40.768341999999997","-73.968716999999998","40.756509999999999","2014-01-06T00:02:00.000","2014-01-05T23:56:00.000","5","1.4299999999999999"
"-73.985860000000002","40.732807000000001","-73.971987999999996","40.762881999999998","2014-01-06T00:02:00.000","2014-01-05T23:51:00.000","1","2.5499999999999998"
"-74.009671999999995","40.705022","-73.900571999999997","40.744821999999999","2014-01-06T00:02:00.000","2014-01-05T23:41:00.000","1","8.9199999999999999"
"-73.963267000000002","40.798867000000001","-74.005553000000006","40.738197","2014-01-06T00:02:00.000","2014-01-05T23:49:00.000","5","4.8200000000000003"
"-73.967622000000006","40.75947","-73.998113000000004","40.754196999999998","2014-01-06T00:02:00.000","2014-01-05T23:55:00.000","2","2.21"
"-74.000919999999994","40.731744999999997","-73.984639999999999","40.765770000000003","2014-01-06T00:02:00.000","2014-01-05T23:56:00.000","1","2.9300000000000002"
"-73.998294999999999","40.72287","-73.980789999999999","40.714232000000003","2014-01-06T00:02:00.000","2014-01-05T23:56:00.000","5","1.3300000000000001"
"-74.000619999999998","40.718561999999999","-74.006829999999994","40.743917000000003","2014-01-06T00:02:00.000","2014-01-05T23:53:00.000","1","2.0699999999999998"
"-74.002049999999997","40.740340000000003","-73.994985","40.760171999999997","2014-01-06T00:02:00.000","2014-01-05T23:55:00.000","1","1.74"
"-73.99736","40.732711999999999","-73.950986999999998","40.8001","2014-01-06T00:02:00.000","2014-01-05T23:40:00.000","1","6.4000000000000004"
"-73.871359999999996","40.774047000000003","-73.979551999999998","40.660007","2014-01-06T00:02:00.000","2014-01-05T23:41:00.000","1","14.57"
"-73.806111999999999","40.665641999999998","-73.805002000000002","40.650292","2014-01-06T00:02:00.000","2014-01-05T23:59:00.000","1","1.4199999999999999"
"-73.955832999999998","40.772241999999999","-73.963347999999996","40.761822000000002","2014-01-06T00:02:00.000","2014-01-06T00:00:00.000","1","0.91000000000000003"
"-73.938215","40.796512","-73.938694999999996","40.795842","2014-01-06T00:02:00.000","2014-01-06T00:02:00.000","3","0.14000000000000001"
"-73.942340000000002","40.708207000000002","-73.981825000000001","40.677754999999998","2014-01-06T00:02:00.000","2014-01-05T23:45:00.000","2","5.0599999999999996"
"-73.989580000000004","40.756374999999998","-73.991358000000005","40.750027000000003","2014-01-06T00:02:00.000","2014-01-05T23:55:00.000","6","0.98999999999999999"
"-73.783843000000005","40.646357000000002","-74.000559999999993","40.732171999999998","2014-01-06T00:02:00.000","2014-01-05T23:32:00.000","5","18.760000000000002"
"-73.987735000000001","40.719622000000001","-73.932642000000001","40.713994999999997","2014-01-06T00:02:00.000","2014-01-05T23:44:00.000","1","5.0700000000000003"
"-73.984677000000005","40.747982","-73.980457000000001","40.780101999999999","2014-01-06T00:02:00.000","2014-01-05T23:52:00.000","1","3.1600000000000001"
"-73.985740000000007","40.748842000000003","-73.988380000000006","40.750036999999999","2014-01-06T00:02:00.000","2014-01-06T00:01:00.000","1","0.19"
"-73.982742000000002","40.749389999999998","-73.952673000000004","40.677320000000002","2014-01-06T00:02:00.000","2014-01-05T23:41:00.000","1","8.6300000000000008"
"-73.988456999999997","40.749119999999998","-73.970645000000005","40.753222000000001","2014-01-06T00:02:00.000","2014-01-05T23:55:00.000","1","1.6100000000000001"
"-73.953140000000005","40.780161999999997","-73.941824999999994","40.787877000000002","2014-01-06T00:02:00.000","2014-01-05T23:58:00.000","2","1.0800000000000001"
"-74.001779999999997","40.740676999999998","-73.987892000000002","40.765501999999998","2014-01-06T00:02:00.000","2014-01-05T23:52:00.000","6","2.0600000000000001"
"-73.957977","40.721846999999997","-73.982095000000001","40.686970000000002","2014-01-06T00:02:00.000","2014-01-05T23:49:00.000","2","4.0999999999999996"
"-73.980417000000003","40.763572000000003","-73.908036999999993","40.768411999999998","2014-01-06T00:02:00.000","2014-01-05T23:41:00.000","1","5.3099999999999996"
"-73.994979999999998","40.727981999999997","-73.987831999999997","40.713566999999998","2014-01-06T00:02:00.000","2014-01-05T23:50:00.000","6","1.8300000000000001"
"-73.976984999999999","40.764629999999997","-73.992099999999994","40.749042000000003","2014-01-06T00:02:00.000","2014-01-05T23:56:00.000","1","1.6599999999999999"
"-73.960097000000005","40.762096999999997","-73.944541999999998","40.808881999999997","2014-01-06T00:02:00.000","2014-01-05T23:40:00.000","1","5.6399999999999997"
"-73.985560000000007","40.732680000000002","-73.985560000000007","40.732680000000002","2014-01-06T00:02:00.000","2014-01-05T23:59:00.000","1","0.76000000000000001"
"-73.977414999999993","40.752319999999997","-73.939279999999997","40.694282000000001","2014-01-06T00:02:00.000","2014-01-05T23:35:00.000","6","7.1600000000000001"
"-73.985982000000007","40.762022000000002","-73.98854","40.774897000000003","2014-01-06T00:02:00.000","2014-01-05T23:57:00.000","1","1.23"
"-73.985027000000002","40.741841999999998","-73.970262000000005","40.74982","2014-01-06T00:02:00.000","2014-01-05T23:57:00.000","2","1.28"
"-74.004671999999999","40.722901999999998","-74.007180000000005","40.707701999999998","2014-01-06T00:02:00.000","2014-01-05T23:56:00.000","2","1.3999999999999999"
"-73.968896999999998","40.689456999999997","-73.982759999999999","40.725002000000003","2014-01-06T00:02:00.000","2014-01-05T23:51:00.000","4","3.7599999999999998"
"-73.987054999999998","40.760266999999999","-73.978504999999998","40.752476999999999","2014-01-06T00:02:00.000","2014-01-05T23:54:00.000","1","1.3"
"-74.008606999999998","40.719839999999998","-73.983249999999998","40.696702000000002","2014-01-06T00:02:00.000","2014-01-05T23:52:00.000","6","2.9900000000000002"
"-73.928629999999998","40.823231999999997","-73.913871999999998","40.847172","2014-01-06T00:02:00.000","2014-01-05T23:54:00.000","1","1.98"
"-73.980912000000004","40.782615","-73.989346999999995","40.763027000000001","2014-01-06T00:02:00.000","2014-01-05T23:58:00.000","1","1.47"
"-74.000225","40.734022000000003","-74.018488000000005","40.640721999999997","2014-01-06T00:02:00.000","2014-01-05T23:38:00.000","1","9.3399999999999999"
"-73.993052000000006","40.692737000000001","-74.006155000000007","40.674242","2014-01-06T00:02:00.000","2014-01-05T23:52:00.000","1","2.04"
"-73.996729999999999","40.725487000000001","-74.005103000000005","40.736645000000003","2014-01-06T00:02:00.000","2014-01-05T23:56:00.000","1","1.24"
"-73.982938000000004","40.771816999999999","-74.005632000000006","40.734516999999997","2014-01-06T00:02:00.000","2014-01-05T23:56:00.000","1","3"
"-73.982505000000003","40.757263000000002","-73.920918","40.741554000000001","2014-01-06T00:02:02.000","2014-01-05T23:49:30.000","1","4.2000000000000002"
"-73.993227000000005","40.747180999999998","-73.975483999999994","40.787087","2014-01-06T00:02:03.000","2014-01-05T23:51:05.000","1","3.3999999999999999"
"-73.986801999999997","40.755608000000002","-73.984039999999993","40.723928000000001","2014-01-06T00:02:03.000","2014-01-05T23:48:36.000","1","3"
"-73.984495999999993","40.736758999999999","-73.983624000000006","40.738430999999999","2014-01-06T00:02:04.000","2014-01-05T23:35:48.000","1","1.5"
"-73.782246000000001","40.644444999999997","-73.980389000000002","40.743398999999997","2014-01-06T00:02:05.000","2014-01-05T23:35:15.000","1","17"
"-73.990599000000003","40.745902000000001","-73.999644000000004","40.734794000000001","2014-01-06T00:02:05.000","2014-01-05T23:57:39.000","1","1.3999999999999999"
"-73.983952000000002","40.721494999999997","-73.984191999999993","40.757396","2014-01-06T00:02:05.000","2014-01-05T23:51:09.000","1","3.8999999999999999"
"-73.955646000000002","40.764108","-73.96123","40.764696999999998","2014-01-06T00:02:06.000","2014-01-05T23:59:41.000","1","0.29999999999999999"
"-73.970186999999996","40.761620999999998","-73.949461999999997","40.710349999999998","2014-01-06T00:02:07.000","2014-01-05T23:41:58.000","1","7.2999999999999998"
"-73.988277999999994","40.749282999999998","-73.957560999999998","40.765624000000003","2014-01-06T00:02:08.000","2014-01-05T23:50:54.000","1","2.6000000000000001"
"-73.995142999999999","40.717671000000003","-73.981350000000006","40.741244000000002","2014-01-06T00:02:08.000","2014-01-05T23:55:13.000","1","1.8"
"-73.982569999999996","40.751072000000001","-73.982309000000001","40.750976000000001","2014-01-06T00:02:09.000","2014-01-05T23:45:13.000","1","6.2999999999999998"
"-73.990594999999999","40.730553","-74.008144000000001","40.731122999999997","2014-01-06T00:02:09.000","2014-01-05T23:53:20.000","1","1.3"
"-73.987921999999998","40.732520000000001","-73.993217999999999","40.724404","2014-01-06T00:02:10.000","2014-01-05T23:59:16.000","1","0.59999999999999998"
"-74.002331999999996","40.739623999999999","-73.977547999999999","40.722783999999997","2014-01-06T00:02:10.000","2014-01-05T23:51:00.000","1","2"
"-73.976196000000002","40.788809999999998","-73.977992","40.736567999999998","2014-01-06T00:02:12.000","2014-01-05T23:46:30.000","1","4.7999999999999998"
"-73.955939999999998","40.772029000000003","-73.961769000000004","40.770885999999997","2014-01-06T00:02:13.000","2014-01-05T23:54:57.000","2","1.1000000000000001"
"-73.950693999999999","40.794806000000001","-73.998340999999996","40.750779000000001","2014-01-06T00:02:13.000","2014-01-05T23:50:59.000","1","4.5999999999999996"
"-73.986045000000004","40.763278","-73.965755000000001","40.760376999999998","2014-01-06T00:02:14.000","2014-01-05T23:51:57.000","1","2.2999999999999998"
"-73.993467999999993","40.747472999999999","-73.983406000000002","40.766972000000003","2014-01-06T00:02:14.000","2014-01-05T23:54:08.000","1","1.8999999999999999"
"-73.980208000000005","40.775576999999998","-73.976742000000002","40.787539000000002","2014-01-06T00:02:15.000","2014-01-05T23:58:27.000","1","1"
"-73.991820000000004","40.749288","-73.985979999999998","40.736072","2014-01-06T00:02:16.000","2014-01-05T23:54:40.000","1","1.3999999999999999"
"-73.985620999999995","40.756300000000003","-73.978586000000007","40.762428","2014-01-06T00:02:17.000","2014-01-05T23:55:07.000","1","1"
"-74.008234000000002","40.738155999999996","-74.004915999999994","40.707185000000003","2014-01-06T00:02:18.000","2014-01-05T23:50:22.000","1","3.2000000000000002"
"-73.980309000000005","40.745663","-73.992085000000003","40.749142999999997","2014-01-06T00:02:20.000","2014-01-05T23:58:25.000","1","0.69999999999999996"
"-73.980676000000003","40.724139999999998","-73.964505000000003","40.803328999999998","2014-01-06T00:02:20.000","2014-01-05T23:38:21.000","1","7.2999999999999998"
"-73.994927000000004","40.723027999999999","-74.007002999999997","40.743777999999999","2014-01-06T00:02:20.000","2014-01-05T23:51:47.000","1","2.1000000000000001"
"-74.000647000000001","40.729880999999999","-73.946917999999997","40.681409000000002","2014-01-06T00:02:23.000","2014-01-05T23:38:17.000","1","5.7999999999999998"
"-73.781994999999995","40.644711000000001","-73.815084999999996","40.702534999999997","2014-01-06T00:02:23.000","2014-01-05T23:40:58.000","4","7"
"-73.987745000000004","40.749563000000002","-73.972596999999993","40.746403000000001","2014-01-06T00:02:23.000","2014-01-05T23:57:16.000","2","1"
"-73.950237999999999","40.728070000000002","-73.919155000000003","40.765543000000001","2014-01-06T00:02:23.000","2014-01-05T23:47:50.000","1","4.0999999999999996"
"-73.983615999999998","40.749518999999999","-73.927676000000005","40.740979000000003","2014-01-06T00:02:25.000","2014-01-05T23:47:47.000","1","4.5"
"-73.955572000000004","40.720982999999997","-74.004243000000002","40.722993000000002","2014-01-06T00:02:25.000","2014-01-05T23:49:08.000","2","3.7999999999999998"
"-73.998018999999999","40.736179","-73.986632999999998","40.740406","2014-01-06T00:02:25.000","2014-01-05T23:59:21.000","1","0.90000000000000002"
"-73.784651999999994","40.645949999999999","-73.983999999999995","40.738245999999997","2014-01-06T00:02:26.000","2014-01-05T23:40:05.000","1","16.699999999999999"
"-73.991540000000001","40.749678000000003","-73.974385999999996","40.742434000000003","2014-01-06T00:02:26.000","2014-01-05T23:54:32.000","1","1.2"
"-73.776912999999993","40.644849999999998","-73.972216000000003","40.765154000000003","2014-01-06T00:02:27.000","2014-01-05T23:32:36.000","1","17.5"
"-73.988605000000007","40.722529000000002","-73.982669000000001","40.736885999999998","2014-01-06T00:02:27.000","2014-01-05T23:58:25.000","1","1.2"
"-73.983080000000001","40.762670999999997","-73.988071000000005","40.757252000000001","2014-01-06T00:02:28.000","2014-01-05T23:57:49.000","1","0.59999999999999998"
"-73.973298999999997","40.743969","-73.962902999999997","40.758485","2014-01-06T00:02:28.000","2014-01-05T23:59:58.000","1","1.1000000000000001"
"-73.871503000000004","40.774008000000002","-73.867118000000005","40.768740000000001","2014-01-06T00:02:29.000","2014-01-05T23:57:04.000","1","1.1000000000000001"
"-73.940599000000006","40.711852","-73.925865999999999","40.698124","2014-01-06T00:02:30.000","2014-01-05T23:55:46.000","1","1.6000000000000001"
"-74.006853000000007","40.741667999999997","-73.992114999999998","40.763905000000001","2014-01-06T00:02:30.000","2014-01-05T23:57:59.000","1","1.8"
"-73.994681999999997","40.750377","-73.922497000000007","40.809607999999997","2014-01-06T00:02:30.000","2014-01-05T23:39:55.000","1","6.7999999999999998"
"-73.870707999999993","40.773716999999998","-73.960246999999995","40.762151000000003","2014-01-06T00:02:33.000","2014-01-05T23:47:08.000","1","8.0999999999999996"
"-73.943004000000002","40.75356","-73.997787000000002","40.761664000000003","2014-01-06T00:02:33.000","2014-01-05T23:44:52.000","1","4.2999999999999998"
"-73.990775999999997","40.751018000000002","-73.983491000000001","40.739216999999996","2014-01-06T00:02:34.000","2014-01-05T23:57:21.000","1","1.2"
"-73.783758000000006","40.64866","-73.974181000000002","40.750666000000002","2014-01-06T00:02:35.000","2014-01-05T23:38:41.000","1","16.800000000000001"
"-73.970451999999995","40.764732000000002","-73.956068999999999","40.773721999999999","2014-01-06T00:02:36.000","2014-01-05T23:57:27.000","1","1.3"
"-73.977440000000001","40.766179999999999","-73.985848000000004","40.749794999999999","2014-01-06T00:02:36.000","2014-01-05T23:58:20.000","1","1.6000000000000001"
"-73.977695999999995","40.746276000000002","-73.979668000000004","40.749257","2014-01-06T00:02:36.000","2014-01-06T00:00:57.000","1","0.29999999999999999"
"-73.988667000000007","40.745274999999999","-73.951977999999997","40.769514999999998","2014-01-06T00:02:37.000","2014-01-05T23:50:14.000","2","3.2000000000000002"
"-74.001088999999993","40.676572999999998","-73.952794999999995","40.714058999999999","2014-01-06T00:02:39.000","2014-01-05T23:54:34.000","1","5"
"-73.962798000000006","40.716416000000002","-73.943119999999993","40.720041000000002","2014-01-06T00:02:39.000","2014-01-05T23:51:53.000","1","1.7"
"-73.982913999999994","40.750894000000002","-73.884707000000006","40.751595000000002","2014-01-06T00:02:39.000","2014-01-05T23:47:57.000","1","6.7000000000000002"
"-74.001564999999999","40.735973000000001","-73.993690000000001","40.724395999999999","2014-01-06T00:02:40.000","2014-01-05T23:56:22.000","2","1.1000000000000001"
"-73.992129000000006","40.749279999999999","-73.986570999999998","40.727339999999998","2014-01-06T00:02:41.000","2014-01-05T23:48:25.000","1","3"
"-74.002824000000004","40.749707999999998","-73.989271000000002","40.722408999999999","2014-01-06T00:02:41.000","2014-01-05T23:50:24.000","4","3"
"-73.970411999999996","40.764875000000004","-73.980926999999994","40.764570999999997","2014-01-06T00:02:41.000","2014-01-05T23:58:00.000","1","0.69999999999999996"
"-73.987756000000005","40.719597","-73.932648","40.713999999999999","2014-01-06T00:02:43.000","2014-01-05T23:43:01.000","3","5"
"-73.988978000000003","40.702531999999998","-73.926680000000005","40.824565","2014-01-06T00:02:43.000","2014-01-05T23:41:30.000","2","12.4"
"-73.979167000000004","40.787205","-74.001745999999997","40.733767999999998","2014-01-06T00:02:43.000","2014-01-05T23:48:47.000","1","4.5999999999999996"
"-74.004476999999994","40.721629999999998","-74.007587999999998","40.737012","2014-01-06T00:02:44.000","2014-01-05T23:53:57.000","1","1.5"
"-73.980695999999995","40.720644999999998","-73.982585999999998","40.732909999999997","2014-01-06T00:02:44.000","2014-01-05T23:57:36.000","1","1.2"
"-73.970860000000002","40.761346000000003","-73.962975999999998","40.755830000000003","2014-01-06T00:02:47.000","2014-01-06T00:00:26.000","1","0.59999999999999998"
"-73.991952999999995","40.736158000000003","-73.980360000000005","40.744283000000003","2014-01-06T00:02:48.000","2014-01-05T23:56:45.000","1","1.3999999999999999"
"-74.001208000000005","40.731403999999998","-73.892809","40.866180999999997","2014-01-06T00:02:49.000","2014-01-05T23:26:46.000","1","13.4"
"-73.985225","40.735951","-73.991919999999993","40.744095999999999","2014-01-06T00:02:50.000","2014-01-05T23:58:14.000","1","0.80000000000000004"
"-73.987198000000006","40.733418","-73.966049999999996","40.753822999999997","2014-01-06T00:02:51.000","2014-01-05T23:55:49.000","1","2"
"-73.998684999999995","40.745314","-73.985485999999995","40.738982999999998","2014-01-06T00:02:51.000","2014-01-05T23:58:08.000","1","0.90000000000000002"
"-73.992576","40.738078999999999","-73.915509","40.781495","2014-01-06T00:02:53.000","2014-01-05T23:42:45.000","1","7"
"-73.986750000000001","40.729711999999999","-73.957151999999994","40.720390999999999","2014-01-06T00:02:53.000","2014-01-05T23:49:41.000","1","3.7999999999999998"
"-73.972309999999993","40.796461000000001","-73.981403999999998","40.781222","2014-01-06T00:02:55.000","2014-01-05T23:58:59.000","1","1.2"
"-73.993951999999993","40.751387999999999","-73.951611","40.827008999999997","2014-01-06T00:02:55.000","2014-01-05T23:45:40.000","1","6.9000000000000004"
"-73.961539999999999","40.764465000000001","-73.939852999999999","40.813312000000003","2014-01-06T00:02:55.000","2014-01-05T23:48:15.000","1","4.5"
"-73.999864000000002","40.726799","-73.968885999999998","40.693586000000003","2014-01-06T00:02:56.000","2014-01-05T23:51:56.000","1","3.3999999999999999"
"-73.982422","40.682825000000001","-73.973121000000006","40.674329999999998","2014-01-06T00:02:57.000","2014-01-05T23:57:32.000","1","1"
"-73.965658000000005","40.800555000000003","-73.992031999999995","40.759165000000003","2014-01-06T00:02:59.000","2014-01-05T23:54:10.000","1","3.5"
"-73.949003000000005","40.71172","-73.946709999999996","40.714317000000001","2014-01-06T00:03:00.000","2014-01-06T00:01:00.000","1","0.31"
"-74.006893000000005","40.709764999999997","-74.004540000000006","40.722805000000001","2014-01-06T00:03:00.000","2014-01-05T23:58:00.000","1","1.1299999999999999"
"-73.995075","40.724891999999997","-73.966920000000002","40.675376999999997","2014-01-06T00:03:00.000","2014-01-05T23:48:00.000","5","4.1299999999999999"
"-73.990812000000005","40.718119999999999","-74.004244999999997","40.742564999999999","2014-01-06T00:03:00.000","2014-01-05T23:52:00.000","2","2.5600000000000001"
"-73.990392","40.757241999999998","-74.009114999999994","40.706017000000003","2014-01-06T00:03:00.000","2014-01-05T23:38:00.000","1","5.9299999999999997"
"-73.988617000000005","40.736916999999998","-73.903755000000004","40.751486999999997","2014-01-06T00:03:00.000","2014-01-05T23:47:00.000","2","5.9000000000000004"
"-73.991287","40.750031999999997","-73.954652999999993","40.765700000000002","2014-01-06T00:03:00.000","2014-01-05T23:47:00.000","1","3.0600000000000001"
"-73.991585000000001","40.749687000000002","-73.998745","40.742131999999998","2014-01-06T00:03:00.000","2014-01-06T00:01:00.000","1","0.70999999999999996"
"-73.985429999999994","40.727572000000002","-73.990300000000005","40.757756999999998","2014-01-06T00:03:00.000","2014-01-05T23:51:00.000","2","2.8900000000000001"
"-73.982866999999999","40.763322000000002","-73.943205000000006","40.833412000000003","2014-01-06T00:03:00.000","2014-01-05T23:48:00.000","1","6.75"
"-73.987844999999993","40.721102000000002","-73.992617999999993","40.682732000000001","2014-01-06T00:03:00.000","2014-01-05T23:49:00.000","2","3.71"
"-73.989519999999999","40.718895000000003","-73.928143000000006","40.697786999999998","2014-01-06T00:03:00.000","2014-01-05T23:43:00.000","3","4.7199999999999998"
"-73.909887999999995","40.824697","-73.909952000000004","40.824660000000002","2014-01-06T00:03:00.000","2014-01-05T23:51:00.000","1","0.45000000000000001"
"-73.98903","40.769306999999998","-73.980559999999997","40.739384999999999","2014-01-06T00:03:00.000","2014-01-05T23:53:00.000","1","3.04"
"-73.991882000000004","40.759442","-73.973326999999998","40.748035000000002","2014-01-06T00:03:00.000","2014-01-05T23:56:00.000","5","1.46"
"-73.988242999999997","40.721907000000002","-73.945587000000003","40.776167000000001","2014-01-06T00:03:00.000","2014-01-05T23:50:00.000","2","6.5099999999999998"
"-73.954132000000001","40.790239999999997","-73.990692999999993","40.755907000000001","2014-01-06T00:03:00.000","2014-01-05T23:50:00.000","6","3.7200000000000002"
"-73.987504999999999","40.728752","-73.980517000000006","40.745862000000002","2014-01-06T00:03:00.000","2014-01-05T23:56:00.000","1","1.5600000000000001"
"-73.98433","40.760652","-74.006372999999996","40.743901999999999","2014-01-06T00:03:00.000","2014-01-05T23:56:00.000","1","2.02"
"-73.981200000000001","40.741362000000002","-73.99485","40.750275000000002","2014-01-06T00:03:00.000","2014-01-05T23:56:00.000","1","1.1299999999999999"
"-74.006730000000005","40.730936999999997","-73.997370000000004","40.721361999999999","2014-01-06T00:03:00.000","2014-01-05T23:56:00.000","1","1.1299999999999999"
"-73.990319999999997","40.717962","-73.987842000000001","40.710712000000001","2014-01-06T00:03:00.000","2014-01-05T23:56:00.000","5","1.04"
"-73.990101999999993","40.756174999999999","-73.984812000000005","40.765810000000002","2014-01-06T00:03:00.000","2014-01-05T23:59:00.000","1","0.77000000000000002"
"-73.781959999999998","40.644820000000003","-73.967686999999998","40.798791999999999","2014-01-06T00:03:00.000","2014-01-05T23:29:00.000","1","20.420000000000002"
"-73.976347000000004","40.750821999999999","-73.981915000000001","40.724632","2014-01-06T00:03:00.000","2014-01-05T23:55:00.000","4","2.3900000000000001"
"-73.97954","40.755181999999998","-73.984407000000004","40.750990000000002","2014-01-06T00:03:00.000","2014-01-06T00:01:00.000","1","0.46999999999999997"
"-73.982737","40.751055000000001","-73.878967000000003","40.756191999999999","2014-01-06T00:03:00.000","2014-01-05T23:45:00.000","1","7.3499999999999996"
"-74.003072000000003","40.738776999999999","-73.989658000000006","40.74568","2014-01-06T00:03:00.000","2014-01-05T23:53:00.000","1","1.8799999999999999"
"-73.983407","40.750186999999997","-73.997405000000001","40.683607000000002","2014-01-06T00:03:00.000","2014-01-05T23:45:00.000","6","5.71"
"-74.008714999999995","40.718722","-73.963200000000001","40.757717","2014-01-06T00:03:00.000","2014-01-05T23:48:00.000","1","4.54"
"-73.957367000000005","40.779769999999999","-73.961275000000001","40.76023","2014-01-06T00:03:00.000","2014-01-05T23:53:00.000","1","1.99"
"-74.006252000000003","40.739736999999998","-73.999602999999993","40.719582000000003","2014-01-06T00:03:00.000","2014-01-05T23:49:00.000","1","2.48"
"-73.968577999999994","40.754601999999998","-73.939295000000001","40.763832000000001","2014-01-06T00:03:00.000","2014-01-05T23:53:00.000","6","3.4500000000000002"
"-73.994622000000007","40.750264999999999","-73.951615000000004","40.772832000000001","2014-01-06T00:03:00.000","2014-01-05T23:50:00.000","1","3.6800000000000002"
"-73.989727999999999","40.717387000000002","-73.960132999999999","40.807941999999997","2014-01-06T00:03:00.000","2014-01-05T23:29:00.000","1","7.9400000000000004"
"-73.956519999999998","40.771259999999998","-73.882621999999998","40.731831999999997","2014-01-06T00:03:00.000","2014-01-05T23:45:00.000","2","6.6299999999999999"
"0","0","0","0","2014-01-06T00:03:00.000","2014-01-06T00:03:00.000","1","0"
"-73.997124999999997","40.747171999999999","-73.998765000000006","40.68918","2014-01-06T00:03:00.000","2014-01-05T23:43:00.000","1","5.3600000000000003"
"-73.986746999999994","40.761355000000002","-73.962879999999998","40.760821999999997","2014-01-06T00:03:00.000","2014-01-05T23:56:00.000","1","2.0299999999999998"
"-73.981307000000001","40.741326999999998","-73.990688000000006","40.736651999999999","2014-01-06T00:03:00.000","2014-01-05T23:58:00.000","1","0.80000000000000004"
"-73.97645","40.764887000000002","-73.962262999999993","40.796497000000002","2014-01-06T00:03:00.000","2014-01-05T23:53:00.000","1","2.6600000000000001"
"-73.947622999999993","40.787692","-73.939329999999998","40.816105","2014-01-06T00:03:00.000","2014-01-05T23:55:00.000","5","2.7000000000000002"
"-73.986729999999994","40.755487000000002","-73.988394999999997","40.748365","2014-01-06T00:03:00.000","2014-01-05T23:59:00.000","1","0.69999999999999996"
"-73.984279999999998","40.759521999999997","-73.982309999999998","40.749412","2014-01-06T00:03:00.000","2014-01-05T23:59:00.000","1","1.0600000000000001"
"-73.956507000000002","40.714325000000002","-73.915267","40.701872000000002","2014-01-06T00:03:00.000","2014-01-05T23:44:00.000","1","3.7599999999999998"
"-73.987669999999994","40.732512","-73.988405","40.748919999999998","2014-01-06T00:03:00.000","2014-01-05T23:56:00.000","1","1.55"
"-74.005667000000003","40.715471999999998","-73.989329999999995","40.771236999999999","2014-01-06T00:03:00.000","2014-01-05T23:48:00.000","3","4.8499999999999996"
"-73.954373000000004","40.774236999999999","-73.968130000000002","40.75553","2014-01-06T00:03:00.000","2014-01-05T23:59:00.000","5","1.52"
"-73.971532999999994","40.757829999999998","-73.978067999999993","40.734250000000003","2014-01-06T00:03:00.000","2014-01-05T23:56:00.000","1","2.0899999999999999"
"-73.951537000000002","40.713909999999998","-73.933475000000001","40.690069999999999","2014-01-06T00:03:00.000","2014-01-05T23:53:00.000","1","0.20999999999999999"
"-73.979169999999996","40.686630000000001","-73.992310000000003","40.694491999999997","2014-01-06T00:03:00.000","2014-01-05T23:56:00.000","2","1.0800000000000001"
"-74.003590000000003","40.732396999999999","-73.966130000000007","40.758876999999998","2014-01-06T00:03:00.000","2014-01-05T23:51:00.000","1","3.5099999999999998"
"-73.972596999999993","40.763416999999997","-73.988167000000004","40.761577000000003","2014-01-06T00:03:00.000","2014-01-05T23:57:00.000","3","1.3300000000000001"
"-73.981219999999993","40.747165000000003","-74.009467000000001","40.725982000000002","2014-01-06T00:03:00.000","2014-01-05T23:54:00.000","1","2.6600000000000001"
"-73.952352000000005","40.781556999999999","-73.980582999999996","40.727964999999998","2014-01-06T00:03:00.000","2014-01-05T23:50:00.000","1","5.2000000000000002"
"-73.997834999999995","40.736032000000002","-73.994136999999995","40.755021999999997","2014-01-06T00:03:00.000","2014-01-05T23:57:00.000","6","1.78"
"-73.953881999999993","40.767032","-73.987472999999994","40.768684999999998","2014-01-06T00:03:00.000","2014-01-05T23:52:00.000","6","2.3700000000000001"
"-74.002416999999994","40.750236999999998","-73.987690000000001","40.749957000000002","2014-01-06T00:03:00.000","2014-01-05T23:58:00.000","1","1.0600000000000001"
"-73.959074999999999","40.771625","-73.951149999999998","40.770871999999997","2014-01-06T00:03:00.000","2014-01-06T00:01:00.000","6","0.56999999999999995"
"-73.947995000000006","40.783112000000003","-73.975712000000001","40.745001999999999","2014-01-06T00:03:00.000","2014-01-05T23:55:00.000","1","3.0499999999999998"
"-74.016052000000002","40.706755000000001","-74.015922000000003","40.715012000000002","2014-01-06T00:03:00.000","2014-01-05T23:56:00.000","1","0.78000000000000003"
"-73.971069999999997","40.795507000000001","-73.978907000000007","40.783377000000002","2014-01-06T00:03:00.000","2014-01-05T23:58:00.000","2","1.1200000000000001"
"-73.890901999999997","40.746932000000001","-73.883457000000007","40.755516999999998","2014-01-06T00:03:00.000","2014-01-05T23:59:00.000","1","1.02"
"-73.778417000000005","40.646728000000003","-73.941434999999998","40.717613","2014-01-06T00:03:01.000","2014-01-05T23:41:01.000","2","15.1"
"-74.006180999999998","40.739775000000002","-73.971513000000002","40.752668","2014-01-06T00:03:01.000","2014-01-05T23:48:22.000","1","2.7000000000000002"
"-73.974232000000001","40.762796999999999","-73.981847000000002","40.724572000000002","2014-01-06T00:03:01.000","2014-01-05T23:51:32.000","1","3.3999999999999999"
"-73.955876000000004","40.787722000000002","-73.976026000000005","40.776378999999999","2014-01-06T00:03:02.000","2014-01-05T23:57:03.000","1","1.8"
"-74.005701999999999","40.740526000000003","-73.979016000000001","40.740496999999998","2014-01-06T00:03:02.000","2014-01-05T23:54:55.000","1","1.8999999999999999"
"-73.871041000000005","40.773525999999997","-73.976951","40.593125999999998","2014-01-06T00:03:03.000","2014-01-05T23:30:25.000","1","18.699999999999999"
"-73.967832000000001","40.762687999999997","-73.891705000000002","40.746716999999997","2014-01-06T00:03:04.000","2014-01-05T23:49:22.000","1","4.4000000000000004"
"-73.951041000000004","40.770677999999997","-73.966232000000005","40.764783999999999","2014-01-06T00:03:06.000","2014-01-05T23:57:43.000","1","1.2"
"-73.989518000000004","40.756807999999999","-74.013114999999999","40.707639","2014-01-06T00:03:07.000","2014-01-05T23:44:04.000","4","4.7000000000000002"
"-73.999937000000003","40.733184999999999","-73.982119999999995","40.740859999999998","2014-01-06T00:03:07.000","2014-01-05T23:57:36.000","1","1.3999999999999999"
"-73.999959000000004","40.738582000000001","-73.980833000000004","40.750560999999998","2014-01-06T00:03:08.000","2014-01-05T23:56:26.000","1","1.6000000000000001"
"-73.990014000000002","40.746873000000001","-73.963115000000002","40.766302000000003","2014-01-06T00:03:10.000","2014-01-05T23:56:26.000","2","2.3999999999999999"
"-73.960953000000003","40.714905999999999","-73.957891000000004","40.731741","2014-01-06T00:03:10.000","2014-01-05T23:58:38.000","1","1.3999999999999999"
"-73.984117999999995","40.743417000000001","-73.989766000000003","40.680011999999998","2014-01-06T00:03:10.000","2014-01-05T23:44:36.000","1","7.2000000000000002"
"0","0","0","0","2014-01-06T00:03:10.000","2014-01-05T23:47:02.000","1","6.7999999999999998"
"-73.949573000000001","40.796458000000001","-73.990665000000007","40.734732999999999","2014-01-06T00:03:11.000","2014-01-05T23:51:58.000","1","4.9000000000000004"
"-73.996274","40.748322000000002","-73.991152999999997","40.765270000000001","2014-01-06T00:03:12.000","2014-01-05T23:56:54.000","1","1.3999999999999999"
"-73.985310999999996","40.750464999999998","-73.976793000000001","40.727003000000003","2014-01-06T00:03:12.000","2014-01-05T23:53:16.000","1","2.3999999999999999"
"-74.003362999999993","40.738684999999997","-73.982378999999995","40.767094999999998","2014-01-06T00:03:13.000","2014-01-05T23:54:46.000","1","2.2000000000000002"
"-74.004707999999994","40.718826999999997","-74.005197999999993","40.743385000000004","2014-01-06T00:03:13.000","2014-01-05T23:53:15.000","4","2.2000000000000002"
"-73.969798999999995","40.756860000000003","-73.957324999999997","40.765853","2014-01-06T00:03:14.000","2014-01-06T00:00:20.000","1","1.1000000000000001"
"-73.983007000000001","40.734875000000002","-74.005703999999994","40.743592999999997","2014-01-06T00:03:14.000","2014-01-05T23:56:50.000","4","1.3"
"-73.976175999999995","40.755552999999999","-73.955788999999996","40.776195999999999","2014-01-06T00:03:15.000","2014-01-05T23:55:11.000","2","2.2999999999999998"
"-73.983035999999998","40.744957999999997","-73.941256999999993","40.688046","2014-01-06T00:03:16.000","2014-01-05T23:42:28.000","1","6.2000000000000002"
"-73.992214000000004","40.727348999999997","-73.979836000000006","40.739348","2014-01-06T00:03:16.000","2014-01-05T23:59:20.000","1","1.2"
"-73.989926999999994","40.757556999999998","-73.993300000000005","40.733182999999997","2014-01-06T00:03:16.000","2014-01-05T23:56:04.000","1","2.5"
"-73.776718000000002","40.645350000000001","-73.810142999999997","40.756686999999999","2014-01-06T00:03:16.000","2014-01-05T23:46:21.000","1","11.1"
"-73.971142","40.753283000000003","-73.971222999999995","40.753264999999999","2014-01-06T00:03:17.000","2014-01-06T00:03:10.000","1","0"
"-73.990171000000004","40.717697999999999","-73.965332000000004","40.693758000000003","2014-01-06T00:03:18.000","2014-01-05T23:51:30.000","1","3.2000000000000002"
"-74.001295999999996","40.731065999999998","-73.981705000000005","40.740654999999997","2014-01-06T00:03:18.000","2014-01-05T23:57:55.000","1","1.6000000000000001"
"-74.007006000000004","40.739913000000001","-73.984549000000001","40.721620999999999","2014-01-06T00:03:19.000","2014-01-05T23:48:57.000","1","2.1000000000000001"
"-73.978468000000007","40.724815999999997","-73.982009000000005","40.740639999999999","2014-01-06T00:03:20.000","2014-01-05T23:57:02.000","1","1.6000000000000001"
"-73.959867000000003","40.766691000000002","-73.920412999999996","40.743122999999997","2014-01-06T00:03:21.000","2014-01-05T23:54:34.000","1","3.1000000000000001"
"-73.999926000000002","40.731051999999998","-73.982804999999999","40.731195","2014-01-06T00:03:23.000","2014-01-05T23:56:36.000","1","1.2"
"-73.940864000000005","40.792873","-73.962372000000002","40.760669999999998","2014-01-06T00:03:23.000","2014-01-05T23:55:59.000","4","2.6000000000000001"
"-73.971765000000005","40.76285","-73.955014000000006","40.804267000000003","2014-01-06T00:03:24.000","2014-01-05T23:54:26.000","1","3.5"
"-74.007624000000007","40.740926999999999","-73.983461000000005","40.755555000000001","2014-01-06T00:03:25.000","2014-01-05T23:54:57.000","2","2.1000000000000001"
"-73.982562000000001","40.764662999999999","-74.003275000000002","40.724065000000003","2014-01-06T00:03:25.000","2014-01-05T23:51:46.000","1","3.2000000000000002"
"-74.007341999999994","40.707034999999998","-73.987870999999998","40.714225999999996","2014-01-06T00:03:26.000","2014-01-05T23:56:33.000","2","1.3999999999999999"
"-73.988832000000002","40.736694","-73.961357000000007","40.764907999999998","2014-01-06T00:03:28.000","2014-01-05T23:52:54.000","1","2.8999999999999999"
"-73.992716000000001","40.753464999999998","-73.936521999999997","40.670636999999999","2014-01-06T00:03:28.000","2014-01-05T23:34:26.000","1","10.9"
"-73.990437999999997","40.746639000000002","-73.982493000000005","40.761040000000001","2014-01-06T00:03:29.000","2014-01-05T23:59:20.000","4","1.2"
"-73.955969999999994","40.776276000000003","-73.991174999999998","40.749983","2014-01-06T00:03:29.000","2014-01-05T23:48:19.000","1","3.2999999999999998"
"-73.986115999999996","40.755758999999998","-73.990246999999997","40.725200999999998","2014-01-06T00:03:29.000","2014-01-05T23:52:42.000","1","2.7999999999999998"
"-73.988640000000004","40.731180000000002","-73.970794999999995","40.750855999999999","2014-01-06T00:03:29.000","2014-01-05T23:58:50.000","1","1.8"
"-73.994832000000002","40.759827000000001","-73.987609000000006","40.770288000000001","2014-01-06T00:03:29.000","2014-01-05T23:56:44.000","1","1.1000000000000001"
"-73.987798999999995","40.732438999999999","-73.942487","40.692413999999999","2014-01-06T00:03:30.000","2014-01-05T23:37:16.000","2","6.2999999999999998"
"-73.977485000000001","40.784410999999999","-73.989113000000003","40.774330999999997","2014-01-06T00:03:31.000","2014-01-05T23:58:26.000","1","1.1000000000000001"
"-73.870750000000001","40.773611000000002","-73.968147000000002","40.768234999999997","2014-01-06T00:03:32.000","2014-01-05T23:44:33.000","1","9.5"
"-73.994443000000004","40.726573999999999","-74.007436999999996","40.741042","2014-01-06T00:03:32.000","2014-01-05T23:56:16.000","1","1.7"
"-73.991529999999997","40.726936000000002","-73.976650000000006","40.735067000000001","2014-01-06T00:03:32.000","2014-01-05T23:58:06.000","1","1.3"
"-73.991327999999996","40.750019000000002","-73.981396000000004","40.775055000000002","2014-01-06T00:03:32.000","2014-01-05T23:54:35.000","1","2.2999999999999998"
"-73.981768000000002","40.757986000000002","-74.007435000000001","40.713918","2014-01-06T00:03:33.000","2014-01-05T23:52:01.000","1","3.7000000000000002"
"-73.966352999999998","40.714803000000003","-73.951930000000004","40.701453000000001","2014-01-06T00:03:33.000","2014-01-05T23:53:41.000","1","1.8"
"-73.968843000000007","40.754441","-73.982622000000006","40.723382000000001","2014-01-06T00:03:33.000","2014-01-05T23:53:51.000","1","2.6000000000000001"
"-73.986452","40.749074999999998","-73.978667000000002","40.752721999999999","2014-01-06T00:03:34.000","2014-01-06T00:00:59.000","1","0.59999999999999998"
"-73.968216999999996","40.796861999999997","-73.955506999999997","40.772643000000002","2014-01-06T00:03:34.000","2014-01-05T23:51:00.000","1","2.7999999999999998"
"-73.998205999999996","40.714194999999997","-73.985681999999997","40.768203999999997","2014-01-06T00:03:35.000","2014-01-05T23:48:49.000","2","4.5999999999999996"
"-73.989086999999998","40.691009000000001","-73.864816000000005","40.854064000000001","2014-01-06T00:03:36.000","2014-01-05T23:36:00.000","1","17"
"-74.000703999999999","40.729683000000001","-73.995824999999996","40.736049999999999","2014-01-06T00:03:37.000","2014-01-05T23:57:39.000","2","1"
"-73.976847000000006","40.755674999999997","-74.008013000000005","40.704442999999998","2014-01-06T00:03:38.000","2014-01-05T23:47:55.000","1","5.7000000000000002"
"-74.004448999999994","40.741734000000001","-73.983536999999998","40.757218000000002","2014-01-06T00:03:38.000","2014-01-05T23:56:14.000","2","2.2999999999999998"
"-73.975305000000006","40.755144999999999","-73.986559","40.762098999999999","2014-01-06T00:03:38.000","2014-01-05T23:59:06.000","1","0.80000000000000004"
"-73.994050000000001","40.751398000000002","-73.993996999999993","40.761564","2014-01-06T00:03:39.000","2014-01-06T00:00:02.000","1","0.90000000000000002"
"-73.969542000000004","40.797674999999998","-73.962755000000001","40.760736999999999","2014-01-06T00:03:41.000","2014-01-05T23:48:44.000","1","3.2999999999999998"
"-73.953795","40.764192999999999","-73.976918999999995","40.726855","2014-01-06T00:03:42.000","2014-01-05T23:55:09.000","1","3.1000000000000001"
"-73.985386000000005","40.727500999999997","-73.986082999999994","40.753784000000003","2014-01-06T00:03:42.000","2014-01-05T23:52:17.000","3","2.7999999999999998"
"-73.973875000000007","40.791086","-73.957588000000001","40.821615999999999","2014-01-06T00:03:44.000","2014-01-05T23:55:36.000","3","2.3999999999999999"
"-73.987446000000006","40.756252000000003","-73.974422000000004","40.736545999999997","2014-01-06T00:03:45.000","2014-01-05T23:53:50.000","1","2.1000000000000001"
"-73.992630000000005","40.725349000000001","-73.994170999999994","40.717590000000001","2014-01-06T00:03:45.000","2014-01-06T00:00:43.000","2","0.59999999999999998"
"-73.987699000000006","40.747312000000001","-73.996126000000004","40.753297000000003","2014-01-06T00:03:46.000","2014-01-05T23:59:17.000","1","0.69999999999999996"
"-73.986705999999998","40.747922000000003","-73.978511999999995","40.753554999999999","2014-01-06T00:03:46.000","2014-01-05T23:59:23.000","1","0.80000000000000004"
"-74.004624000000007","40.742308000000001","-74.007423000000003","40.741056","2014-01-06T00:03:46.000","2014-01-05T23:58:35.000","3","0.69999999999999996"
"-73.953316000000001","40.775852999999998","-73.985213999999999","40.747543","2014-01-06T00:03:46.000","2014-01-05T23:54:27.000","1","3"
"-73.992215999999999","40.684044999999998","-73.966074000000006","40.793168000000001","2014-01-06T00:03:47.000","2014-01-05T23:38:19.000","1","10.4"
"-73.785483999999997","40.649239999999999","-73.971575000000001","40.757038999999999","2014-01-06T00:03:48.000","2014-01-05T23:36:46.000","2","16.800000000000001"
"-73.962980000000002","40.777923000000001","-73.962956000000005","40.777917000000002","2014-01-06T00:03:49.000","2014-01-05T23:56:34.000","2","1.2"
"-73.974057000000002","40.756985","-73.989725000000007","40.735565000000001","2014-01-06T00:03:49.000","2014-01-05T23:57:41.000","1","1.7"
"-73.988043000000005","40.743521999999999","-74.006062","40.739868000000001","2014-01-06T00:03:49.000","2014-01-05T23:52:11.000","2","2.2000000000000002"
"-73.91592","40.764344000000001","-73.794675999999995","40.714056999999997","2014-01-06T00:03:50.000","2014-01-05T23:48:20.000","1","10"
"-73.988949000000005","40.758656000000002","-73.988354999999999","40.769294000000002","2014-01-06T00:03:52.000","2014-01-06T00:00:24.000","1","0.90000000000000002"
"-73.994043000000005","40.736297","-73.950277999999997","40.823855000000002","2014-01-06T00:03:53.000","2014-01-05T23:40:59.000","1","7.7999999999999998"
"-73.911618000000004","40.776803000000001","-73.918306999999999","40.782516999999999","2014-01-06T00:03:53.000","2014-01-06T00:01:25.000","1","0.5"
"-73.994048000000006","40.751305000000002","-73.966470000000001","40.755685999999997","2014-01-06T00:03:54.000","2014-01-05T23:51:16.000","1","2.1000000000000001"
"-73.989845000000003","40.725714000000004","-73.965873999999999","40.710546999999998","2014-01-06T00:03:55.000","2014-01-05T23:56:27.000","1","2.3999999999999999"
"-73.990449999999996","40.755420000000001","-73.975407000000004","40.763832999999998","2014-01-06T00:03:56.000","2014-01-05T23:58:07.000","1","1.2"
"-73.939964000000003","40.708544000000003","-73.940509000000006","40.724384000000001","2014-01-06T00:03:57.000","2014-01-05T23:57:17.000","1","1.3999999999999999"
"-73.982067999999998","40.804662","-73.999382999999995","40.792152999999999","2014-01-06T00:03:58.000","2014-01-06T00:00:06.000","3","1.3"
"-73.961341000000004","40.771785000000001","-73.978650000000002","40.762503000000002","2014-01-06T00:03:59.000","2014-01-05T23:56:07.000","1","1.5"
"-73.972442000000001","40.758446999999997","-73.969426999999996","40.753884999999997","2014-01-06T00:04:00.000","2014-01-06T00:01:00.000","1","0.66000000000000003"
"-73.982011999999997","40.771622000000001","-73.969475000000003","40.788716999999998","2014-01-06T00:04:00.000","2014-01-05T23:57:00.000","1","1.6399999999999999"
"-73.965073000000004","40.763407000000001","-73.956343000000004","40.774735","2014-01-06T00:04:00.000","2014-01-06T00:01:00.000","1","0.93999999999999995"
"-73.993191999999993","40.727812","-73.986037999999994","40.755845000000001","2014-01-06T00:04:00.000","2014-01-05T23:55:00.000","6","2.4100000000000001"
"-73.988977000000006","40.745072","-73.982551999999998","40.750027000000003","2014-01-06T00:04:00.000","2014-01-06T00:00:00.000","2","0.85999999999999999"
"-73.982292999999999","40.666001999999999","-73.979641999999998","40.676127000000001","2014-01-06T00:04:00.000","2014-01-05T23:59:00.000","1","0.94999999999999996"
"-73.994657000000004","40.750346999999998","-73.952723000000006","40.787506999999998","2014-01-06T00:04:00.000","2014-01-05T23:51:00.000","5","4.1500000000000004"
"-73.969611999999998","40.797350000000002","-73.958079999999995","40.811411999999997","2014-01-06T00:04:00.000","2014-01-05T23:59:00.000","1","1.3400000000000001"
"-73.988275000000002","40.718494999999997","-73.937517999999997","40.701766999999997","2014-01-06T00:04:00.000","2014-01-05T23:54:00.000","5","2.9900000000000002"
"-73.989057000000003","40.745482000000003","-73.951385000000002","40.826819999999998","2014-01-06T00:04:00.000","2014-01-05T23:43:00.000","1","7.2999999999999998"
"-73.977568000000005","40.77908","-74.003020000000006","40.741692","2014-01-06T00:04:00.000","2014-01-05T23:54:00.000","3","3.2200000000000002"
"-73.971062000000003","40.794355000000003","-73.932742000000005","40.799774999999997","2014-01-06T00:04:00.000","2014-01-05T23:52:00.000","1","2.9500000000000002"
"-73.984459999999999","40.755070000000003","-73.991242","40.691811999999999","2014-01-06T00:04:00.000","2014-01-05T23:44:00.000","2","5.6699999999999999"
"-73.989041999999998","40.748216999999997","-73.984802000000002","40.769266999999999","2014-01-06T00:04:00.000","2014-01-05T23:58:00.000","1","1.99"
"-74.009872999999999","40.705517","-74.004165","40.724981999999997","2014-01-06T00:04:00.000","2014-01-05T23:57:00.000","1","1.5900000000000001"
"-73.863027000000002","40.769112","-73.942355000000006","40.845317000000001","2014-01-06T00:04:00.000","2014-01-05T23:40:00.000","1","10.529999999999999"
"-73.950896999999998","40.711011999999997","-73.941668000000007","40.707487","2014-01-06T00:04:00.000","2014-01-05T23:59:00.000","1","0.77000000000000002"
"-73.964927000000003","40.791747000000001","-73.940955000000002","40.806792000000002","2014-01-06T00:04:00.000","2014-01-05T23:57:00.000","1","2.2400000000000002"
"-73.971846999999997","40.763202","-73.992272","40.767375000000001","2014-01-06T00:04:00.000","2014-01-05T23:56:00.000","3","1.51"
"-73.984302999999997","40.764921999999999","-73.993249000000006","40.752363000000003","2014-01-06T00:04:00.000","2014-01-05T23:57:36.000","1","1.5"
"-73.988332","40.737636999999999","-74.004041999999998","40.716771999999999","2014-01-06T00:04:00.000","2014-01-05T23:59:00.000","1","1.75"
"-74.005065000000002","40.735686999999999","-74.004968000000005","40.716321999999998","2014-01-06T00:04:00.000","2014-01-05T23:58:00.000","1","1.51"
"-74.004990000000006","40.721499999999999","-73.893782000000002","40.747599999999998","2014-01-06T00:04:00.000","2014-01-05T23:49:00.000","1","7.5999999999999996"
"-73.951395000000005","40.712850000000003","-73.960840000000005","40.711151999999998","2014-01-06T00:04:00.000","2014-01-06T00:00:00.000","2","0.75"
"-73.997540000000001","40.732756999999999","-73.927610000000001","40.86551","2014-01-06T00:04:00.000","2014-01-05T23:37:00.000","1","11.119999999999999"
"-73.957251999999997","40.775142000000002","-73.951402999999999","40.782175000000002","2014-01-06T00:04:00.000","2014-01-06T00:03:00.000","2","0.62"
"-73.972887999999998","40.744231999999997","-73.972887999999998","40.744231999999997","2014-01-06T00:04:00.000","2014-01-05T23:59:00.000","1","0.73999999999999999"
"-73.988034999999996","40.718646999999997","-73.983711999999997","40.726166999999997","2014-01-06T00:04:00.000","2014-01-06T00:00:00.000","2","0.60999999999999999"
"-73.985411999999997","40.763066999999999","-73.999414999999999","40.732652000000002","2014-01-06T00:04:00.000","2014-01-05T23:52:00.000","1","2.7000000000000002"
"-73.959986999999998","40.773612","-73.967572000000004","40.763092","2014-01-06T00:04:00.000","2014-01-06T00:01:00.000","2","0.91000000000000003"
"-73.997461999999999","40.721111999999998","-73.986981999999998","40.728341999999998","2014-01-06T00:04:00.000","2014-01-05T23:59:00.000","1","0.95999999999999996"
"-73.988332","40.768991999999997","-73.985292000000001","40.749651999999998","2014-01-06T00:04:00.000","2014-01-05T23:57:00.000","1","2.0499999999999998"
"-73.988315","40.753827000000001","-73.982952999999995","40.725071999999997","2014-01-06T00:04:00.000","2014-01-05T23:53:00.000","3","2.7999999999999998"
"-73.993472999999994","40.752042000000003","-73.985802000000007","40.748719999999999","2014-01-06T00:04:00.000","2014-01-05T23:59:00.000","1","0.46999999999999997"
"-73.987395000000006","40.770626999999998","-73.964457999999993","40.794877","2014-01-06T00:04:00.000","2014-01-05T23:58:00.000","2","2.3500000000000001"
"-73.997012999999995","40.714919999999999","-74.004159999999999","40.710355","2014-01-06T00:04:00.000","2014-01-06T00:00:00.000","1","0.68000000000000005"
"-73.991024999999993","40.750399999999999","-73.979280000000003","40.773597000000002","2014-01-06T00:04:00.000","2014-01-05T23:55:00.000","3","2.1699999999999999"
"-74.013140000000007","40.707636999999998","-73.986445000000003","40.731324999999998","2014-01-06T00:04:00.000","2014-01-05T23:54:00.000","1","2.6600000000000001"
"-73.985112000000001","40.741987000000002","-74.022092000000001","40.632902000000001","2014-01-06T00:04:00.000","2014-01-05T23:42:00.000","1","10.210000000000001"
"-74.002566999999999","40.728867000000001","-73.948907000000005","40.823315000000001","2014-01-06T00:04:00.000","2014-01-05T23:41:00.000","1","8.5299999999999994"
"-73.983107000000004","40.730576999999997","-74.002492000000004","40.739812000000001","2014-01-06T00:04:00.000","2014-01-05T23:57:00.000","1","1.5900000000000001"
"-73.995351999999997","40.739372000000003","-73.998954999999995","40.744540000000001","2014-01-06T00:04:00.000","2014-01-06T00:00:00.000","1","0.57999999999999996"
"-73.998441999999997","40.72383","-73.952183000000005","40.659306999999998","2014-01-06T00:04:00.000","2014-01-05T23:45:00.000","1","5.6299999999999999"
"-74.005331999999996","40.751142000000002","-73.940952999999993","40.816676999999999","2014-01-06T00:04:00.000","2014-01-05T23:36:00.000","1","9.3699999999999992"
"-73.991747000000004","40.684907000000003","-73.984016999999994","40.725411999999999","2014-01-06T00:04:00.000","2014-01-05T23:51:00.000","4","3.54"
"-73.992237000000003","40.721316999999999","-73.996392","40.686022000000001","2014-01-06T00:04:00.000","2014-01-05T23:41:00.000","1","5.8899999999999997"
"-73.980767","40.747332","-73.972049999999996","40.755434999999999","2014-01-06T00:04:00.000","2014-01-06T00:00:00.000","1","0.98999999999999999"
"-73.989800000000002","40.733375000000002","-73.986180000000004","40.746617000000001","2014-01-06T00:04:00.000","2014-01-05T23:59:00.000","1","1.1599999999999999"
"-73.996542000000005","40.723669999999998","-73.964286999999999","40.635044999999998","2014-01-06T00:04:00.000","2014-01-05T23:41:00.000","4","8.6199999999999992"
"-73.871122","40.77393","-73.942854999999994","40.692346999999998","2014-01-06T00:04:00.000","2014-01-05T23:43:00.000","1","8.8599999999999994"
"-74.005484999999993","40.740609999999997","-73.983242000000004","40.722259999999999","2014-01-06T00:04:00.000","2014-01-05T23:52:00.000","1","2.21"
"-73.990966999999998","40.750509999999998","-73.988207000000003","40.734684999999999","2014-01-06T00:04:00.000","2014-01-05T23:57:00.000","2","1.6499999999999999"
"-74.005156999999997","40.728589999999997","-73.978099999999998","40.687739999999998","2014-01-06T00:04:00.000","2014-01-05T23:50:00.000","1","3.3199999999999998"
"-73.981714999999994","40.763191999999997","-73.994799999999998","40.744546999999997","2014-01-06T00:04:00.000","2014-01-05T23:59:00.000","2","1.51"
"-73.963470000000001","40.803412000000002","-73.960539999999995","40.806581999999999","2014-01-06T00:04:00.000","2014-01-06T00:02:00.000","1","0.33000000000000002"
"-73.781895000000006","40.644905000000001","-73.715890000000002","40.726857000000003","2014-01-06T00:04:00.000","2014-01-05T23:45:00.000","1","11.15"
"-73.865229999999997","40.770209999999999","-73.962329999999994","40.755009999999999","2014-01-06T00:04:00.000","2014-01-05T23:45:00.000","2","9.0299999999999994"
"-73.995266999999998","40.740012","-73.984714999999994","40.756712","2014-01-06T00:04:00.000","2014-01-05T23:55:00.000","1","1.9099999999999999"
"-73.982259999999997","40.768647000000001","-73.989293000000004","40.777062000000001","2014-01-06T00:04:00.000","2014-01-05T23:59:00.000","1","0.97999999999999998"
"-74.006784999999994","40.706727000000001","-73.986994999999993","40.697785000000003","2014-01-06T00:04:00.000","2014-01-05T23:57:00.000","1","2.21"
"-73.989725000000007","40.729675","-73.977144999999993","40.74953","2014-01-06T00:04:00.000","2014-01-06T00:00:00.000","3","1.6000000000000001"
"-73.981728000000004","40.779995","-73.993077","40.744632000000003","2014-01-06T00:04:00.000","2014-01-05T23:53:00.000","1","3.1000000000000001"
"-73.999233000000004","40.739127000000003","-73.992407","40.682662000000001","2014-01-06T00:04:00.000","2014-01-05T23:46:00.000","5","5.0300000000000002"
"-73.981776999999994","40.740606999999997","-73.982325000000003","40.773502000000001","2014-01-06T00:04:00.000","2014-01-05T23:50:00.000","1","3.21"
"-73.987235999999996","40.692349","-73.98236","40.695816000000001","2014-01-06T00:04:00.000","2014-01-06T00:01:03.000","1","0.5"
"-73.994631999999996","40.750436999999998","-73.997297000000003","40.717942000000001","2014-01-06T00:04:00.000","2014-01-05T23:52:00.000","1","3.1600000000000001"
"-73.988427000000001","40.731431999999998","-74.006617000000006","40.744014999999997","2014-01-06T00:04:00.000","2014-01-05T23:57:00.000","3","1.55"
"-73.966128999999995","40.761771000000003","-73.955838","40.772171","2014-01-06T00:04:01.000","2014-01-06T00:00:43.000","2","1.1000000000000001"
"-73.982669999999999","40.777152999999998","-73.945357999999999","40.830070999999997","2014-01-06T00:04:01.000","2014-01-05T23:49:35.000","2","4.2999999999999998"
"-73.996701999999999","40.725636000000002","-73.980536000000001","40.730217000000003","2014-01-06T00:04:02.000","2014-01-05T23:57:07.000","1","1.6000000000000001"
"-73.980058","40.780580999999998","-73.968186000000003","40.796497000000002","2014-01-06T00:04:03.000","2014-01-06T00:00:43.000","1","1.2"
"-73.983242000000004","40.738734000000001","-73.943838999999997","40.721623999999998","2014-01-06T00:04:04.000","2014-01-05T23:50:16.000","1","4.7000000000000002"
"-73.972829000000004","40.756067999999999","-73.982969999999995","40.769387999999999","2014-01-06T00:04:06.000","2014-01-05T23:54:39.000","1","1.5"
"-73.933063000000004","40.737341000000001","-74.000465000000005","40.757655","2014-01-06T00:04:06.000","2014-01-05T23:49:45.000","1","4"
"-73.999290000000002","40.728310999999998","-73.967414000000005","40.764304000000003","2014-01-06T00:04:06.000","2014-01-05T23:52:50.000","2","3.3999999999999999"
"-73.986322999999999","40.730383000000003","-73.975018000000006","40.729982999999997","2014-01-06T00:04:08.000","2014-01-05T23:59:41.000","1","0.90000000000000002"
"-73.982478","40.762352","-73.928263000000001","40.755682","2014-01-06T00:04:08.000","2014-01-05T23:52:02.000","1","3.5"
"-73.985508999999993","40.735463000000003","-73.965198999999998","40.763424000000001","2014-01-06T00:04:08.000","2014-01-05T23:55:18.000","1","2.1000000000000001"
"-73.961675999999997","40.764150000000001","-73.978508000000005","40.741086000000003","2014-01-06T00:04:08.000","2014-01-05T23:59:41.000","1","1.8"
"-74.001058","40.725884999999998","-73.961658","40.761102999999999","2014-01-06T00:04:09.000","2014-01-05T23:52:07.000","1","3.8999999999999999"
"-73.986722999999998","40.725684000000001","-74.000489000000002","40.737403","2014-01-06T00:04:09.000","2014-01-05T23:56:02.000","1","1.7"
"-73.974815000000007","40.680486000000002","-73.957488999999995","40.732059","2014-01-06T00:04:09.000","2014-01-05T23:49:07.000","2","5.7000000000000002"
"-73.968044000000006","40.801264000000003","-73.952905999999999","40.767896999999998","2014-01-06T00:04:11.000","2014-01-05T23:45:48.000","1","3.2999999999999998"
"-73.996328000000005","40.738118999999998","-73.994560000000007","40.750279999999997","2014-01-06T00:04:11.000","2014-01-06T00:00:17.000","1","1.1000000000000001"
"-73.991331000000002","40.744796999999998","-73.979338999999996","40.752986999999997","2014-01-06T00:04:12.000","2014-01-06T00:00:25.000","1","1.1000000000000001"
"-73.984183000000002","40.764831999999998","-73.982431000000005","40.779840999999998","2014-01-06T00:04:12.000","2014-01-05T23:57:58.000","1","1.1000000000000001"
"-73.873091000000002","40.773927999999998","-73.991433000000001","40.767690000000002","2014-01-06T00:04:12.000","2014-01-05T23:41:58.000","2","9.9000000000000004"
"-73.957776999999993","40.779386000000002","-73.979820000000004","40.770718000000002","2014-01-06T00:04:13.000","2014-01-05T23:55:53.000","1","1.8"
"-73.983013","40.768481000000001","-73.990044999999995","40.748663999999998","2014-01-06T00:04:15.000","2014-01-05T23:57:36.000","1","1.7"
"-73.987307000000001","40.720447999999998","-73.962639999999993","40.760733999999999","2014-01-06T00:04:15.000","2014-01-05T23:52:01.000","1","3.5"
"-73.967590999999999","40.787869999999998","-73.996643000000006","40.742401000000001","2014-01-06T00:04:16.000","2014-01-05T23:52:43.000","2","3.8999999999999999"
"-73.998497","40.760688999999999","-73.983266","40.741295000000001","2014-01-06T00:04:16.000","2014-01-05T23:56:10.000","1","2.1000000000000001"
"-73.988642999999996","40.721232999999998","-73.948875999999998","40.779186000000003","2014-01-06T00:04:17.000","2014-01-05T23:52:34.000","1","4.5999999999999996"
"-73.945420999999996","40.719338","-73.958021000000002","40.732500999999999","2014-01-06T00:04:19.000","2014-01-05T23:58:55.000","1","1.3"
"-73.987020999999999","40.744540999999998","-73.964105000000004","40.754643999999999","2014-01-06T00:04:20.000","2014-01-05T23:56:44.000","2","1.8999999999999999"
"-73.982048000000006","40.758006999999999","-73.98169","40.763821999999998","2014-01-06T00:04:21.000","2014-01-06T00:00:00.000","3","0.80000000000000004"
"-73.932935000000001","40.703581","-73.934951999999996","40.698746","2014-01-06T00:04:21.000","2014-01-06T00:00:51.000","2","0.59999999999999998"
"-73.984420999999998","40.763148999999999","-73.961164999999994","40.777386","2014-01-06T00:04:21.000","2014-01-05T23:57:00.000","1","2"
"-73.980615","40.750909999999998","-73.959540000000004","40.774318000000001","2014-01-06T00:04:23.000","2014-01-05T23:58:49.000","2","2.1000000000000001"
"-73.993239000000003","40.734203999999998","-73.987689000000003","40.724409000000001","2014-01-06T00:04:24.000","2014-01-05T23:58:32.000","1","1.1000000000000001"
"-73.939960999999997","40.708308000000002","-74.008576000000005","40.735480000000003","2014-01-06T00:04:26.000","2014-01-05T23:44:44.000","1","5.2999999999999998"
"-73.988504000000006","40.737138000000002","-73.983620000000002","40.758786999999998","2014-01-06T00:04:26.000","2014-01-05T23:55:15.000","1","1.8999999999999999"
"-73.981256999999999","40.733147000000002","-73.935874999999996","40.852120999999997","2014-01-06T00:04:26.000","2014-01-05T23:47:32.000","1","9.8000000000000007"
"-73.987291999999997","40.733162","-73.917764000000005","40.755220000000001","2014-01-06T00:04:28.000","2014-01-05T23:48:05.000","1","5.2000000000000002"
"-73.96293","40.804426999999997","-73.948468000000005","40.774262","2014-01-06T00:04:29.000","2014-01-05T23:51:46.000","1","3.2000000000000002"
"-73.994955000000004","40.724927000000001","-73.994327999999996","40.754114999999999","2014-01-06T00:04:30.000","2014-01-05T23:51:16.000","2","3"
"-73.986478000000005","40.751404999999998","-73.984617","40.757657000000002","2014-01-06T00:04:31.000","2014-01-06T00:02:56.000","4","0.5"
"-73.982163","40.778314000000002","-73.992768999999996","40.734011000000002","2014-01-06T00:04:32.000","2014-01-05T23:51:50.000","1","3.7999999999999998"
"-73.959119000000001","40.777594000000001","-73.953913","40.774845999999997","2014-01-06T00:04:32.000","2014-01-06T00:02:21.000","1","0.29999999999999999"
"-73.968618000000006","40.759048","-73.973532000000006","40.755146000000003","2014-01-06T00:04:32.000","2014-01-06T00:02:09.000","1","0.5"
"-73.781997000000004","40.644832999999998","-73.867140000000006","40.768835000000003","2014-01-06T00:04:33.000","2014-01-05T23:43:23.000","4","12.199999999999999"
"-73.989654999999999","40.756497000000003","-73.981099999999998","40.729267999999998","2014-01-06T00:04:33.000","2014-01-05T23:51:07.000","1","3.1000000000000001"
"-73.981672000000003","40.690094999999999","-73.969098000000002","40.756027000000003","2014-01-06T00:04:33.000","2014-01-05T23:37:26.000","1","7"
"-73.951023000000006","40.770887000000002","-73.958789999999993","40.759745000000002","2014-01-06T00:04:34.000","2014-01-06T00:00:50.000","1","0.80000000000000004"
"-73.984413000000004","40.769795999999999","-73.999574999999993","40.728337000000003","2014-01-06T00:04:35.000","2014-01-05T23:54:42.000","1","3.2000000000000002"
"-73.970560000000006","40.757575000000003","-73.978459000000001","40.764780000000002","2014-01-06T00:04:36.000","2014-01-05T23:59:50.000","1","1"
"-73.974494000000007","40.778390999999999","-73.996243000000007","40.732967000000002","2014-01-06T00:04:36.000","2014-01-05T23:52:54.000","1","3.7999999999999998"
"-73.989699999999999","40.756661999999999","-73.987881999999999","40.748111999999999","2014-01-06T00:04:37.000","2014-01-05T23:57:22.000","3","1.2"
"-74.007932999999994","40.745666999999997","-74.000264000000001","40.738804999999999","2014-01-06T00:04:38.000","2014-01-05T23:59:45.000","1","0.69999999999999996"
"-73.948537000000002","40.797665000000002","-73.984797999999998","40.748029000000002","2014-01-06T00:04:39.000","2014-01-05T23:54:56.000","1","3.8999999999999999"
"-73.995850000000004","40.738867999999997","-73.984470999999999","40.764049999999997","2014-01-06T00:04:40.000","2014-01-05T23:58:35.000","2","2.1000000000000001"
"-73.990977000000001","40.761352000000002","-73.974806000000001","40.751292999999997","2014-01-06T00:04:40.000","2014-01-05T23:57:56.000","1","1.2"
"-73.968473000000003","40.761716","-73.991938000000005","40.749502999999997","2014-01-06T00:04:41.000","2014-01-05T23:56:08.000","1","1.8999999999999999"
"-74.008762000000004","40.719425999999999","-73.987244000000004","40.759487999999997","2014-01-06T00:04:41.000","2014-01-05T23:56:05.000","1","3.1000000000000001"
"-73.969014999999999","40.790857000000003","-73.977104999999995","40.788632999999997","2014-01-06T00:04:41.000","2014-01-06T00:03:13.000","1","0.59999999999999998"
"-74.004007999999999","40.751919999999998","-74.003747000000004","40.747518999999997","2014-01-06T00:04:42.000","2014-01-06T00:01:45.000","1","0.59999999999999998"
"-73.986553999999998","40.747421000000003","-73.980830999999995","40.672426999999999","2014-01-06T00:04:44.000","2014-01-05T23:40:37.000","1","7.0999999999999996"
"-73.951115999999999","40.744478000000001","-73.980756999999997","40.678913000000001","2014-01-06T00:04:45.000","2014-01-05T23:45:32.000","1","6.2000000000000002"
"-74.003495000000001","40.731960999999998","-73.871996999999993","40.711190000000002","2014-01-06T00:04:45.000","2014-01-05T23:41:05.000","1","10.199999999999999"
"-74.412673999999996","40.861443999999999","-74.412679999999995","40.861445000000003","2014-01-06T00:04:47.000","2014-01-06T00:04:20.000","1","17.699999999999999"
"-74.000664999999998","40.729745999999999","-73.991515000000007","40.726953000000002","2014-01-06T00:04:48.000","2014-01-05T23:59:47.000","1","0.69999999999999996"
"-73.870880999999997","40.773665000000001","-73.976275000000001","40.749152000000002","2014-01-06T00:04:50.000","2014-01-05T23:51:07.000","1","8.0999999999999996"
"-73.910835000000006","40.706119000000001","-73.896659999999997","40.755099000000001","2014-01-06T00:04:50.000","2014-01-05T23:48:25.000","1","6.4000000000000004"
"-73.957111999999995","40.774360999999999","-73.951705000000004","40.774557999999999","2014-01-06T00:04:50.000","2014-01-06T00:02:58.000","1","0.40000000000000002"
"-73.958613","40.780861999999999","-73.964477000000002","40.802286000000002","2014-01-06T00:04:51.000","2014-01-05T23:56:25.000","2","2.1000000000000001"
"-73.987457000000006","40.765647999999999","-73.988609999999994","40.764467000000003","2014-01-06T00:04:52.000","2014-01-06T00:03:34.000","1","0.10000000000000001"
"-73.977283999999997","40.758175999999999","-73.975795000000005","40.756413999999999","2014-01-06T00:04:52.000","2014-01-06T00:00:57.000","2","0.29999999999999999"
"-73.988004000000004","40.748648000000003","-73.991754999999998","40.749029","2014-01-06T00:04:53.000","2014-01-06T00:01:44.000","1","0.29999999999999999"
"-74.000131999999994","40.718026000000002","-73.983804000000006","40.730147000000002","2014-01-06T00:04:53.000","2014-01-05T23:56:52.000","1","1.5"
"-73.990662","40.750799999999998","-73.948069000000004","40.784573999999999","2014-01-06T00:04:54.000","2014-01-05T23:51:02.000","1","3.8999999999999999"
"-73.985045","40.747847","-73.990454999999997","40.760838","2014-01-06T00:04:55.000","2014-01-05T23:57:32.000","1","1.6000000000000001"
"-74.002305000000007","40.728200000000001","-73.998108000000002","40.719538999999997","2014-01-06T00:04:56.000","2014-01-05T23:58:37.000","2","1.1000000000000001"
"-73.988556000000003","40.718519999999998","-73.943154000000007","40.706708999999996","2014-01-06T00:04:57.000","2014-01-05T23:55:38.000","1","2.6000000000000001"
"-73.978913000000006","40.761786000000001","-73.979687999999996","40.773702","2014-01-06T00:04:58.000","2014-01-06T00:00:44.000","1","1.1000000000000001"
"-73.982934999999998","40.734085","-73.990562999999995","40.756663000000003","2014-01-06T00:04:58.000","2014-01-05T23:56:40.000","1","2.2000000000000002"
"-73.990092000000004","40.760755000000003","-73.987367000000006","40.768588000000001","2014-01-06T00:04:58.000","2014-01-06T00:01:09.000","1","1.1000000000000001"
"-73.988425000000007","40.718497999999997","-73.944372000000001","40.715235999999997","2014-01-06T00:04:59.000","2014-01-05T23:59:23.000","1","3.1000000000000001"
"-73.993557999999993","40.747242999999997","-73.993193000000005","40.761715000000002","2014-01-06T00:04:59.000","2014-01-05T23:58:28.000","1","1.5"
"-73.980230000000006","40.754387000000001","-74.003600000000006","40.738202000000001","2014-01-06T00:05:00.000","2014-01-05T23:58:00.000","2","2.3399999999999999"
"-73.967127000000005","40.769531999999998","-73.937911999999997","40.843556999999997","2014-01-06T00:05:00.000","2014-01-05T23:47:00.000","1","6.3899999999999997"
"-73.996809999999996","40.752724999999998","-73.991681999999997","40.745460000000001","2014-01-06T00:05:00.000","2014-01-05T23:59:00.000","1","0.96999999999999997"
"-73.940612000000002","40.793286999999999","-73.880229999999997","40.828426999999998","2014-01-06T00:05:00.000","2014-01-05T23:46:00.000","1","4.9100000000000001"
"-73.967950000000002","40.755622000000002","-74.005421999999996","40.709181999999998","2014-01-06T00:05:00.000","2014-01-05T23:56:00.000","1","5.0999999999999996"
"-74.000662000000005","40.731965000000002","-73.991967000000002","40.749192000000001","2014-01-06T00:05:00.000","2014-01-06T00:01:00.000","1","1.45"
"-73.978457000000006","40.777867000000001","-73.971457000000001","40.796259999999997","2014-01-06T00:05:00.000","2014-01-05T23:59:00.000","1","1.74"
"-73.953142999999997","40.780251999999997","-73.988225","40.769072000000001","2014-01-06T00:05:00.000","2014-01-05T23:55:00.000","2","2.9199999999999999"
"-73.992157000000006","40.737851999999997","-73.994889999999998","40.723081999999998","2014-01-06T00:05:00.000","2014-01-05T23:58:00.000","1","1.3300000000000001"
"-73.969021999999995","40.798627000000003","-73.999582000000004","40.763227000000001","2014-01-06T00:05:00.000","2014-01-05T23:57:00.000","1","3.6400000000000001"
"-73.980500000000006","40.774932","-73.977530000000002","40.753667","2014-01-06T00:05:00.000","2014-01-05T23:59:00.000","2","2.1000000000000001"
"-73.988401999999994","40.764271999999998","-74.001324999999994","40.746361999999998","2014-01-06T00:05:00.000","2014-01-06T00:01:00.000","1","1.45"
"-73.953248000000002","40.771365000000003","-73.942927999999995","40.785677","2014-01-06T00:05:00.000","2014-01-06T00:02:00.000","1","1.0600000000000001"
"-73.989788000000004","40.775964999999999","-73.981452000000004","40.741261999999999","2014-01-06T00:05:00.000","2014-01-05T23:52:00.000","1","3.52"
"-73.982735000000005","40.771951999999999","-73.998518000000004","40.742097000000001","2014-01-06T00:05:00.000","2014-01-05T23:51:00.000","1","2.6600000000000001"
"-74.002904999999998","40.734026999999998","-73.978555","40.754412000000002","2014-01-06T00:05:00.000","2014-01-05T23:54:00.000","1","2.2599999999999998"
"-73.976917","40.686976999999999","-73.942644999999999","40.690886999999996","2014-01-06T00:05:00.000","2014-01-05T23:57:00.000","3","1.8400000000000001"
"-73.971237000000002","40.751151999999998","-73.973326999999998","40.782736999999997","2014-01-06T00:05:00.000","2014-01-05T23:55:00.000","1","3.0800000000000001"
"-73.983345","40.738967000000002","-73.989914999999996","40.714060000000003","2014-01-06T00:05:00.000","2014-01-05T23:57:00.000","2","2.1499999999999999"
"-73.986057000000002","40.729537000000001","-73.974412000000001","40.732615000000003","2014-01-06T00:05:00.000","2014-01-06T00:00:00.000","1","1.04"
"-73.974680000000006","40.778055000000002","-74.009299999999996","40.735407000000002","2014-01-06T00:05:00.000","2014-01-05T23:49:00.000","1","4.1699999999999999"
"-73.981575000000007","40.778632000000002","-73.972201999999996","40.786597","2014-01-06T00:05:00.000","2014-01-06T00:02:00.000","1","0.88"
"-73.991697000000002","40.741641999999999","-73.992756999999997","40.664565000000003","2014-01-06T00:05:00.000","2014-01-05T23:39:00.000","2","6.2000000000000002"
"-73.982461999999998","40.762802000000001","-73.980249999999998","40.751596999999997","2014-01-06T00:05:00.000","2014-01-06T00:00:00.000","5","1.1200000000000001"
"-73.989230000000006","40.730502000000001","-73.984733000000006","40.745196999999997","2014-01-06T00:05:00.000","2014-01-05T23:57:00.000","1","1.25"
"-73.980815000000007","40.782359999999997","-73.974036999999996","40.789791999999998","2014-01-06T00:05:00.000","2014-01-06T00:02:00.000","1","0.73999999999999999"
"-73.995864999999995","40.743532000000002","-74.008459999999999","40.734610000000004","2014-01-06T00:05:00.000","2014-01-05T23:56:00.000","1","1.3700000000000001"
"-73.956046999999998","40.768017","-73.978112999999993","40.783676999999997","2014-01-06T00:05:00.000","2014-01-05T23:56:00.000","2","2.1299999999999999"
"0","0","0","0","2014-01-06T00:05:00.000","2014-01-05T23:50:00.000","1","3.9700000000000002"
"-73.969283000000004","40.766624999999998","-73.974509999999995","40.758192000000001","2014-01-06T00:05:00.000","2014-01-06T00:00:00.000","3","1.1699999999999999"
"-73.996312000000003","40.753562000000002","-74.002741999999998","40.760646999999999","2014-01-06T00:05:00.000","2014-01-06T00:01:00.000","1","0.81000000000000005"
"-73.981707","40.731034999999999","-73.947451999999998","40.693325000000002","2014-01-06T00:05:00.000","2014-01-05T23:48:00.000","1","4.71"
"-74.004634999999993","40.741906999999998","-73.915395000000004","40.755312000000004","2014-01-06T00:05:00.000","2014-01-05T23:39:00.000","1","7.6399999999999997"
"-73.982951999999997","40.756317000000003","-73.991906999999998","40.770539999999997","2014-01-06T00:05:00.000","2014-01-05T23:58:00.000","5","1.52"
"-73.978238000000005","40.752099999999999","-73.844160000000002","40.680570000000003","2014-01-06T00:05:00.000","2014-01-05T23:37:00.000","1","11.210000000000001"
"-73.993746999999999","40.686909999999997","-73.948494999999994","40.693942999999997","2014-01-06T00:05:00.000","2014-01-05T23:54:00.000","1","3.0299999999999998"
"-73.781846999999999","40.644781999999999","-73.896082000000007","40.766637000000003","2014-01-06T00:05:00.000","2014-01-05T23:09:00.000","1","21.120000000000001"
"-73.970477000000002","40.752467000000003","-73.97363","40.747892","2014-01-06T00:05:00.000","2014-01-06T00:03:00.000","1","0.35999999999999999"
"-73.954442","40.714126999999998","-73.93432","40.702576999999998","2014-01-06T00:05:00.000","2014-01-05T23:57:00.000","4","1.8700000000000001"
"-73.986159999999998","40.755882","-73.977424999999997","40.755445000000002","2014-01-06T00:05:00.000","2014-01-05T23:51:00.000","1","2.4300000000000002"
"-73.962221999999997","40.716112000000003","-73.958707000000004","40.697851999999997","2014-01-06T00:05:00.000","2014-01-05T23:58:00.000","6","1.8799999999999999"
"-73.865195","40.770327000000002","-73.808547000000004","40.698442","2014-01-06T00:05:00.000","2014-01-05T23:53:00.000","1","7.46"
"-73.789879999999997","40.646771999999999","-73.966357000000002","40.754075","2014-01-06T00:05:00.000","2014-01-05T23:46:00.000","2","12.25"
"-73.973984999999999","40.762594999999997","-74.004175000000004","40.742576999999997","2014-01-06T00:05:00.000","2014-01-05T23:52:00.000","1","2.9399999999999999"
"-73.990191999999993","40.719312000000002","-73.987202999999994","40.765276999999998","2014-01-06T00:05:00.000","2014-01-05T23:44:00.000","1","4.2800000000000002"
"-73.967716999999993","40.802056999999998","-73.876427000000007","40.838200000000001","2014-01-06T00:05:00.000","2014-01-05T23:51:00.000","1","8.0700000000000003"
"-73.960290000000001","40.714120000000001","-73.916740000000004","40.757739999999998","2014-01-06T00:05:00.000","2014-01-05T23:47:00.000","2","4.8700000000000001"
"-73.874527","40.773992","-73.976202000000001","40.780532000000001","2014-01-06T00:05:00.000","2014-01-05T23:42:00.000","1","9.7300000000000004"
"-73.992445000000004","40.724601999999997","-73.978314999999995","40.727001999999999","2014-01-06T00:05:00.000","2014-01-06T00:00:00.000","1","1.22"
"-74.002437","40.755156999999997","-73.952560000000005","40.649664999999999","2014-01-06T00:05:00.000","2014-01-05T23:31:00.000","2","8.6300000000000008"
"-74.003173000000004","40.731485999999997","-73.985388","40.723539000000002","2014-01-06T00:05:00.000","2014-01-05T23:55:59.000","1","1.2"
"-73.949302000000003","40.793840000000003","-73.939571999999998","40.807307000000002","2014-01-06T00:05:00.000","2014-01-06T00:01:00.000","1","1.1799999999999999"
"-73.974722","40.742417000000003","-73.996080000000006","40.696874999999999","2014-01-06T00:05:00.000","2014-01-05T23:53:00.000","1","5.6100000000000003"
"-73.954954999999998","40.786275000000003","-73.916542000000007","40.846876999999999","2014-01-06T00:05:00.000","2014-01-05T23:53:00.000","1","5.5899999999999999"
"-73.993099999999998","40.752409999999998","-73.993611999999999","40.741615000000003","2014-01-06T00:05:00.000","2014-01-06T00:00:00.000","1","1.5700000000000001"
"-73.981660000000005","40.773617000000002","-73.995019999999997","40.744652000000002","2014-01-06T00:05:00.000","2014-01-05T23:57:00.000","1","2.46"
"-73.979972000000004","40.647368","-74.030739999999994","40.624200000000002","2014-01-06T00:05:00.000","2014-01-05T23:52:00.000","1","3.46"
"-73.97945","40.761395","-73.976281999999998","40.776454999999999","2014-01-06T00:05:00.000","2014-01-06T00:01:00.000","1","1.3200000000000001"
"-73.988609999999994","40.746046999999997","-73.991631999999996","40.74906","2014-01-06T00:05:00.000","2014-01-06T00:03:00.000","2","0.35999999999999999"
"-73.870904999999993","40.773805000000003","-73.977073000000004","40.751876000000003","2014-01-06T00:05:01.000","2014-01-05T23:46:29.000","1","8.1999999999999993"
"-73.992481999999995","40.689436000000001","-73.943214999999995","40.692314000000003","2014-01-06T00:05:02.000","2014-01-05T23:48:25.000","2","3.7000000000000002"
"-73.991825000000006","40.759616999999999","-73.964245000000005","40.802571999999998","2014-01-06T00:05:02.000","2014-01-05T23:51:10.000","1","4.2000000000000002"
"-74.002346000000003","40.738650999999997","-74.008251000000001","40.716676","2014-01-06T00:05:03.000","2014-01-05T23:59:01.000","3","1.8"
"-73.981904","40.773103999999996","-73.972678000000002","40.753433999999999","2014-01-06T00:05:05.000","2014-01-05T23:55:06.000","1","2"
"-73.941137999999995","40.700195999999998","-73.957848999999996","40.693578000000002","2014-01-06T00:05:05.000","2014-01-05T23:59:09.000","1","1.5"
"-74.007346999999996","40.726574999999997","-73.963386","40.758395999999998","2014-01-06T00:05:05.000","2014-01-05T23:49:28.000","1","4.2999999999999998"
"-73.974678999999995","40.778106999999999","-73.962715000000003","40.762593000000003","2014-01-06T00:05:06.000","2014-01-05T23:58:05.000","1","1.7"
"-73.948593000000002","40.784903","-73.946865000000003","40.776662000000002","2014-01-06T00:05:06.000","2014-01-06T00:01:44.000","2","0.69999999999999996"
"-73.998313999999993","40.722872000000002","-73.996662999999998","40.736378999999999","2014-01-06T00:05:07.000","2014-01-05T23:59:03.000","2","1.3"
"-73.984233000000003","40.761575000000001","-73.987199000000004","40.751074000000003","2014-01-06T00:05:08.000","2014-01-06T00:01:01.000","1","0.90000000000000002"
"-74.000583000000006","40.730003000000004","-74.009242999999998","40.738759000000002","2014-01-06T00:05:08.000","2014-01-05T23:57:27.000","1","1"
"-74.005064000000004","40.737389","-73.993650000000002","40.760596999999997","2014-01-06T00:05:09.000","2014-01-05T23:57:22.000","3","2.1000000000000001"
"-74.005420999999998","40.736885999999998","-73.997596000000001","40.761085000000001","2014-01-06T00:05:09.000","2014-01-05T23:58:38.000","1","2.1000000000000001"
"-73.983999999999995","40.759430000000002","-73.959760000000003","40.766902000000002","2014-01-06T00:05:09.000","2014-01-05T23:49:30.000","1","2.6000000000000001"
"-73.996579999999994","40.716448","-73.989689999999996","40.719146000000002","2014-01-06T00:05:09.000","2014-01-06T00:00:01.000","1","0.59999999999999998"
"-73.987765999999993","40.732433999999998","-73.988629000000003","40.748902000000001","2014-01-06T00:05:09.000","2014-01-05T23:55:08.000","3","1.7"
"-73.997123000000002","40.722171000000003","-73.833898000000005","40.850898999999998","2014-01-06T00:05:10.000","2014-01-05T23:34:51.000","1","16"
"-73.979139000000004","40.678417000000003","-73.938446999999996","40.680253999999998","2014-01-06T00:05:10.000","2014-01-05T23:53:27.000","1","2.8999999999999999"
"-73.870391999999995","40.773432","-73.993775999999997","40.746116999999998","2014-01-06T00:05:11.000","2014-01-05T23:40:19.000","2","10.800000000000001"
"-74.003232999999994","40.734186999999999","-73.983061000000006","40.732467999999997","2014-01-06T00:05:13.000","2014-01-05T23:55:35.000","2","1.3999999999999999"
"-74.001945000000006","40.727668000000001","-73.954222999999999","40.770181000000001","2014-01-06T00:05:14.000","2014-01-05T23:49:09.000","1","4.5999999999999996"
"-73.988709","40.768842999999997","-74.002736999999996","40.760623000000002","2014-01-06T00:05:15.000","2014-01-06T00:00:36.000","2","1.2"
"-74.000670999999997","40.729903999999998","-73.986448999999993","40.759228","2014-01-06T00:05:16.000","2014-01-05T23:48:22.000","2","3.8999999999999999"
"-73.974699999999999","40.757570000000001","-74.001638","40.735799","2014-01-06T00:05:16.000","2014-01-05T23:55:21.000","1","2.6000000000000001"
"-73.982969999999995","40.769387999999999","-73.982969999999995","40.769387999999999","2014-01-06T00:05:17.000","2014-01-06T00:05:13.000","1","0"
"-73.783569","40.648662999999999","-73.960976000000002","40.761625000000002","2014-01-06T00:05:18.000","2014-01-05T23:40:23.000","1","16.300000000000001"
"-73.994245000000006","40.766351999999998","-73.938942999999995","40.846268000000002","2014-01-06T00:05:18.000","2014-01-05T23:52:19.000","1","6.9000000000000004"
"-73.980131","40.726672000000001","-73.912389000000005","40.686307999999997","2014-01-06T00:05:18.000","2014-01-05T23:36:22.000","1","7.2999999999999998"
"-73.979939999999999","40.762811999999997","-73.972173999999995","40.750087999999998","2014-01-06T00:05:19.000","2014-01-05T23:58:16.000","1","1.5"
"-73.989113000000003","40.768366","-73.964979","40.802422","2014-01-06T00:05:21.000","2014-01-05T23:58:42.000","1","2.6000000000000001"
"-73.991484","40.750084999999999","-73.993037999999999","40.734050000000003","2014-01-06T00:05:21.000","2014-01-06T00:00:55.000","1","1.3999999999999999"
"-73.863375000000005","40.769778000000002","-73.920160999999993","40.628135","2014-01-06T00:05:22.000","2014-01-05T23:37:07.000","1","17.800000000000001"
"-73.968762999999996","40.754649999999998","-73.973384999999993","40.743611000000001","2014-01-06T00:05:22.000","2014-01-06T00:03:14.000","1","0.90000000000000002"
"-74.003360000000001","40.747463000000003","-73.987917999999993","40.760382","2014-01-06T00:05:25.000","2014-01-05T23:57:46.000","1","2.1000000000000001"
"-73.978655000000003","40.745137","-73.971914999999996","40.756965000000001","2014-01-06T00:05:25.000","2014-01-06T00:02:42.000","2","0.90000000000000002"
"-74.006808000000007","40.731076000000002","-73.956242000000003","40.784194999999997","2014-01-06T00:05:26.000","2014-01-05T23:45:59.000","4","5.7000000000000002"
"-73.983949999999993","40.721473000000003","-73.998054999999994","40.660592000000001","2014-01-06T00:05:26.000","2014-01-05T23:44:15.000","1","7.2999999999999998"
"-73.992287000000005","40.749259000000002","-73.993562999999995","40.689999999999998","2014-01-06T00:05:26.000","2014-01-05T23:33:54.000","1","7.7000000000000002"
"-73.997028","40.742386000000003","-73.979793999999998","40.739882999999999","2014-01-06T00:05:26.000","2014-01-05T23:59:24.000","1","1.3"
"-73.920113999999998","40.768276999999998","-73.920218000000006","40.774065999999998","2014-01-06T00:05:27.000","2014-01-06T00:01:40.000","1","1"
"0","0","0","0","2014-01-06T00:05:28.000","2014-01-06T00:04:11.000","1","0.29999999999999999"
"-73.961375000000004","40.771203","-73.967212000000004","40.752383000000002","2014-01-06T00:05:28.000","2014-01-05T23:58:00.000","2","1.8"
"-73.992267999999996","40.763933999999999","-73.984835000000004","40.776653000000003","2014-01-06T00:05:29.000","2014-01-06T00:02:14.000","1","1.1000000000000001"
"-73.911373999999995","40.768310999999997","-73.986626000000001","40.757773","2014-01-06T00:05:30.000","2014-01-05T23:44:24.000","3","5.5999999999999996"
"-74.007036999999997","40.730409999999999","-73.858226999999999","40.701352999999997","2014-01-06T00:05:31.000","2014-01-05T23:29:47.000","2","9.3000000000000007"
"-73.920168000000004","40.757624","-73.921364999999994","40.756165000000003","2014-01-06T00:05:31.000","2014-01-06T00:04:05.000","1","0.10000000000000001"
"-73.995762999999997","40.721724000000002","-73.949937000000006","40.717193000000002","2014-01-06T00:05:32.000","2014-01-05T23:56:42.000","1","3.6000000000000001"
"-73.999601999999996","40.737636999999999","-73.981864000000002","40.778343999999997","2014-01-06T00:05:33.000","2014-01-05T23:52:37.000","1","3.2000000000000002"
"-73.989547000000002","40.769483999999999","-73.952599000000006","40.747261000000002","2014-01-06T00:05:34.000","2014-01-05T23:54:29.000","4","3.7000000000000002"
"-73.982106000000002","40.727764999999998","-73.985361999999995","40.735698999999997","2014-01-06T00:05:35.000","2014-01-06T00:02:27.000","2","0.80000000000000004"
"-73.997570999999994","40.746492000000003","-73.985522000000003","40.766164000000003","2014-01-06T00:05:35.000","2014-01-05T23:58:25.000","1","1.5"
"-73.919421","40.743442999999999","-73.950049000000007","40.674919000000003","2014-01-06T00:05:36.000","2014-01-05T23:45:28.000","1","7"
"-73.962297000000007","40.716107000000001","-73.956485999999998","40.681317","2014-01-06T00:05:37.000","2014-01-05T23:55:07.000","1","2.7999999999999998"
"-73.957960999999997","40.801039000000003","-73.986352999999994","40.745744999999999","2014-01-06T00:05:37.000","2014-01-05T23:52:59.000","1","4.5"
"-73.958177000000006","40.710270000000001","-73.990917999999994","40.766064","2014-01-06T00:05:40.000","2014-01-05T23:43:41.000","2","6.4000000000000004"
"-73.954479000000006","40.769725999999999","-73.942966999999996","40.798279000000001","2014-01-06T00:05:40.000","2014-01-05T23:58:36.000","3","2.5"
"-73.994185999999999","40.751156999999999","-73.951353999999995","40.777493","2014-01-06T00:05:40.000","2014-01-05T23:50:49.000","1","3.8999999999999999"
"-74.005454","40.740779000000003","-73.924966999999995","40.758578999999997","2014-01-06T00:05:41.000","2014-01-05T23:47:01.000","1","6.0999999999999996"
"-73.983531999999997","40.665322000000003","-73.962961000000007","40.661105999999997","2014-01-06T00:05:41.000","2014-01-05T23:57:45.000","1","2"
"-73.948725999999994","40.744844000000001","-73.948725999999994","40.744844000000001","2014-01-06T00:05:42.000","2014-01-06T00:00:11.000","1","1.5"
"-73.998504999999994","40.713583","-74.006034999999997","40.740355999999998","2014-01-06T00:05:42.000","2014-01-05T23:56:18.000","3","2.2000000000000002"
"-74.000259999999997","40.742770999999998","-74.005928999999995","40.733359","2014-01-06T00:05:43.000","2014-01-06T00:00:30.000","2","1"
"-73.984829000000005","40.696255999999998","-73.982685000000004","40.674176000000003","2014-01-06T00:05:43.000","2014-01-05T23:56:37.000","1","1.7"
"-73.980570999999998","40.767459000000002","-73.979230999999999","40.675097999999998","2014-01-06T00:05:44.000","2014-01-05T23:42:15.000","1","7.7000000000000002"
"0","0","0","0","2014-01-06T00:05:44.000","2014-01-05T23:50:13.000","1","4.7999999999999998"
"-73.981263999999996","40.744436","-74.004608000000005","40.717129999999997","2014-01-06T00:05:45.000","2014-01-06T00:00:24.000","1","2.3999999999999999"
"-73.961905999999999","40.759684","-73.972717000000003","40.764588000000003","2014-01-06T00:05:47.000","2014-01-06T00:01:08.000","1","0.80000000000000004"
"-73.956553","40.771279999999997","-73.963678000000002","40.761617999999999","2014-01-06T00:05:48.000","2014-01-06T00:04:19.000","1","0.80000000000000004"
"-74.005806000000007","40.740287000000002","-73.98509","40.729146999999998","2014-01-06T00:05:48.000","2014-01-05T23:57:20.000","4","1.5"
"-73.970482000000004","40.794172000000003","-73.979285000000004","40.790447999999998","2014-01-06T00:05:48.000","2014-01-06T00:03:47.000","1","0.69999999999999996"
"-73.954505999999995","40.686385000000001","-73.954199000000003","40.663753","2014-01-06T00:05:49.000","2014-01-05T23:57:19.000","1","1.8999999999999999"
"-73.781530000000004","40.644871999999999","-73.981224999999995","40.747278000000001","2014-01-06T00:05:49.000","2014-01-05T23:41:39.000","2","17"
"0","0","0","0","2014-01-06T00:05:50.000","2014-01-05T23:54:43.000","3","3"
"-73.985375000000005","40.757899999999999","-73.991298","40.749872000000003","2014-01-06T00:05:50.000","2014-01-06T00:01:27.000","4","0.59999999999999998"
"-73.956209999999999","40.799844","-73.985900000000001","40.7697","2014-01-06T00:05:50.000","2014-01-05T23:55:33.000","1","2.8999999999999999"
"-73.958190999999999","40.769638","-73.988911999999999","40.776746000000003","2014-01-06T00:05:51.000","2014-01-05T23:58:15.000","1","2"
"-73.986532999999994","40.746862","-73.987825000000001","40.779417000000002","2014-01-06T00:05:51.000","2014-01-05T23:52:52.000","1","2.8999999999999999"
"-73.844352999999998","40.721336000000001","-73.836492000000007","40.707678000000001","2014-01-06T00:05:52.000","2014-01-05T23:58:16.000","1","1.6000000000000001"
"-73.957644999999999","40.717768","-73.965581","40.710293999999998","2014-01-06T00:05:54.000","2014-01-06T00:01:50.000","1","0.90000000000000002"
"-73.985623000000004","40.749586000000001","-73.989507000000003","40.743129000000003","2014-01-06T00:05:56.000","2014-01-06T00:00:30.000","1","0.90000000000000002"
"-73.956680000000006","40.770659999999999","-73.983022000000005","40.731650999999999","2014-01-06T00:05:56.000","2014-01-05T23:56:29.000","1","4"
"-73.955101999999997","40.779240000000001","-73.919394999999994","40.818089999999998","2014-01-06T00:05:56.000","2014-01-05T23:49:33.000","1","4"
"-73.985600000000005","40.727024","-73.950047999999995","40.779677","2014-01-06T00:05:57.000","2014-01-05T23:55:02.000","1","4.2000000000000002"
"-73.994726999999997","40.750402999999999","-73.422431000000003","40.728712999999999","2014-01-06T00:05:59.000","2014-01-05T23:14:24.000","2","36.799999999999997"
"-73.981433999999993","40.764265999999999","-73.969359999999995","40.761142999999997","2014-01-06T00:06:00.000","2014-01-06T00:02:40.000","1","0.80000000000000004"
"-74.004409999999993","40.743057","-74.000141999999997","40.762385000000002","2014-01-06T00:06:00.000","2014-01-06T00:01:00.000","1","1.76"
"-73.994152","40.751126999999997","-73.923209999999997","40.745471999999999","2014-01-06T00:06:00.000","2014-01-05T23:52:00.000","1","4.9699999999999998"
"-74.009896999999995","40.72043","-73.985119999999995","40.764347000000001","2014-01-06T00:06:00.000","2014-01-05T23:54:00.000","1","3.9399999999999999"
"-73.990172000000001","40.750810000000001","-73.947422000000003","40.788581999999998","2014-01-06T00:06:00.000","2014-01-05T23:54:00.000","3","4.2699999999999996"
"-74.015178000000006","40.708437000000004","-74.010959999999997","40.710597","2014-01-06T00:06:00.000","2014-01-06T00:04:00.000","3","0.40999999999999998"
"-73.954206999999997","40.778511999999999","-73.947577999999993","40.789492000000003","2014-01-06T00:06:00.000","2014-01-06T00:03:00.000","1","0.89000000000000001"
"-73.974158000000003","40.761467000000003","-73.981054999999998","40.752671999999997","2014-01-06T00:06:00.000","2014-01-06T00:03:00.000","1","0.69999999999999996"
"-73.942660000000004","40.794494999999998","-73.908874999999995","40.850822000000001","2014-01-06T00:06:00.000","2014-01-05T23:53:00.000","5","6.4199999999999999"
"-73.992711999999997","40.731487000000001","-73.989563000000004","40.756622","2014-01-06T00:06:00.000","2014-01-05T23:56:00.000","1","2.3399999999999999"
"-73.983446999999998","40.744002000000002","-74.005566999999999","40.726951999999997","2014-01-06T00:06:00.000","2014-01-05T23:57:00.000","2","2.1800000000000002"
"-73.989396999999997","40.769421999999999","-73.975142000000005","40.790292000000001","2014-01-06T00:06:00.000","2014-01-06T00:02:00.000","6","1.77"
"-73.956694999999996","40.72092","-73.950147000000001","40.722651999999997","2014-01-06T00:06:00.000","2014-01-06T00:04:00.000","1","0.47999999999999998"
"-73.993795000000006","40.751719999999999","-73.986383000000004","40.739322000000001","2014-01-06T00:06:00.000","2014-01-05T23:54:00.000","2","3.0899999999999999"
"-73.965801999999996","40.765324999999997","-73.952340000000007","40.781011999999997","2014-01-06T00:06:00.000","2014-01-06T00:02:00.000","1","1.46"
"-73.984632000000005","40.747565000000002","-73.980502000000001","40.764721999999999","2014-01-06T00:06:00.000","2014-01-05T23:59:00.000","3","1.8600000000000001"
"-74.005054999999999","40.709567","-73.993177000000003","40.607970000000002","2014-01-06T00:06:00.000","2014-01-05T23:41:00.000","1","9.9499999999999993"
"-73.982547999999994","40.772117000000001","-73.954542000000004","40.765647000000001","2014-01-06T00:06:00.000","2014-01-05T23:57:00.000","1","2.1000000000000001"
"-73.984245000000001","40.725136999999997","-73.955278000000007","40.776885","2014-01-06T00:06:00.000","2014-01-05T23:52:00.000","1","4.6100000000000003"
"-73.984058000000005","40.759802000000001","-73.974067000000005","40.750725000000003","2014-01-06T00:06:00.000","2014-01-06T00:01:00.000","2","1.1200000000000001"
"-73.991853000000006","40.664144999999998","-73.998332000000005","40.677419999999998","2014-01-06T00:06:00.000","2014-01-06T00:00:00.000","1","1.3300000000000001"
"-73.968451999999999","40.754841999999996","-73.942515","40.786231999999998","2014-01-06T00:06:00.000","2014-01-05T23:58:00.000","1","2.73"
"-73.864232000000001","40.770477","-73.972227000000004","40.757064999999997","2014-01-06T00:06:00.000","2014-01-05T23:44:00.000","1","9.1300000000000008"
"-73.920240000000007","40.757376999999998","-73.907617000000002","40.770637000000001","2014-01-06T00:06:00.000","2014-01-06T00:01:00.000","1","1.2"
"-73.977424999999997","40.752682","-73.928434999999993","40.760942","2014-01-06T00:06:00.000","2014-01-05T23:47:00.000","1","4.2199999999999998"
"-73.955719999999999","40.764315000000003","-73.902677999999995","40.756884999999997","2014-01-06T00:06:00.000","2014-01-05T23:50:00.000","2","4.6200000000000001"
"-73.986727000000002","40.751165","-73.98348","40.764377000000003","2014-01-06T00:06:00.000","2014-01-06T00:00:00.000","2","1.27"
"-73.949797000000004","40.652760000000001","-74.000742000000002","40.646630000000002","2014-01-06T00:06:00.000","2014-01-05T23:52:00.000","1","3.1099999999999999"
"-73.789377000000002","40.646971999999998","-73.978285","40.765070000000001","2014-01-06T00:06:00.000","2014-01-05T23:32:00.000","5","17.23"
"-74.002471999999997","40.733654999999999","-73.930351999999999","40.755921999999998","2014-01-06T00:06:00.000","2014-01-05T23:40:00.000","6","5.75"
"-74.003083000000004","40.733262000000003","-73.993386999999998","40.757297000000001","2014-01-06T00:06:00.000","2014-01-05T23:56:00.000","1","2.3999999999999999"
"-73.994074999999995","40.751089999999998","-73.987142000000006","40.766862000000003","2014-01-06T00:06:00.000","2014-01-05T23:59:00.000","1","1.3400000000000001"
"-73.982685000000004","40.777262","-73.950311999999997","40.803182","2014-01-06T00:06:00.000","2014-01-05T23:55:00.000","2","2.6299999999999999"
"-74.006321999999997","40.733400000000003","-73.925250000000005","40.758769999999998","2014-01-06T00:06:00.000","2014-01-05T23:47:00.000","1","6.4100000000000001"
"-73.982387000000003","40.767560000000003","-73.971969999999999","40.781619999999997","2014-01-06T00:06:00.000","2014-01-06T00:01:00.000","1","1.1499999999999999"
"-73.886893000000001","40.747557","-73.894782000000006","40.746746999999999","2014-01-06T00:06:00.000","2014-01-06T00:05:00.000","1","0.53000000000000003"
"-73.981516999999997","40.729205","-73.996015","40.720224999999999","2014-01-06T00:06:00.000","2014-01-05T23:58:00.000","5","1.5800000000000001"
"-73.98854","40.670501999999999","-73.952060000000003","40.683816999999998","2014-01-06T00:06:00.000","2014-01-05T23:53:00.000","1","3.6299999999999999"
"-73.982268000000005","40.773857","-73.912987999999999","40.762962000000002","2014-01-06T00:06:00.000","2014-01-05T23:50:00.000","1","4.9900000000000002"
"-74.000432000000004","40.730142000000001","-73.994771999999998","40.716597","2014-01-06T00:06:00.000","2014-01-05T23:57:00.000","5","1.3500000000000001"
"-73.870772000000002","40.773634999999999","-73.989975000000001","40.747112000000001","2014-01-06T00:06:00.000","2014-01-05T23:47:00.000","5","8.8599999999999994"
"-73.990407000000005","40.728802000000002","-73.987052000000006","40.760297000000001","2014-01-06T00:06:00.000","2014-01-05T23:53:00.000","1","2.9700000000000002"
"-73.995822000000004","40.749046999999997","-74.008341999999999","40.735377","2014-01-06T00:06:00.000","2014-01-06T00:00:00.000","2","1.48"
"-73.951447999999999","40.772680000000001","-73.947732000000002","40.770994999999999","2014-01-06T00:06:00.000","2014-01-06T00:05:00.000","1","0.28000000000000003"
"-73.904037000000002","40.745465000000003","-73.889601999999996","40.746944999999997","2014-01-06T00:06:00.000","2014-01-06T00:02:00.000","2","0.88"
"-73.987359999999995","40.738737","-73.986902999999998","40.733122000000002","2014-01-06T00:06:00.000","2014-01-06T00:02:00.000","5","0.57999999999999996"
"-73.986671999999999","40.757976999999997","-73.993262000000001","40.719327","2014-01-06T00:06:00.000","2014-01-05T23:52:00.000","4","3.7000000000000002"
"-73.999702999999997","40.723199999999999","-74.013907000000003","40.702407000000001","2014-01-06T00:06:00.000","2014-01-06T00:00:00.000","1","1.6799999999999999"
"-73.960030000000003","40.710661999999999","-73.984937000000002","40.768405000000001","2014-01-06T00:06:00.000","2014-01-05T23:45:00.000","1","6.5800000000000001"
"-73.948480000000004","40.786369999999998","-73.945059999999998","40.796621999999999","2014-01-06T00:06:00.000","2014-01-06T00:03:00.000","2","0.90000000000000002"
"-73.874515000000002","40.774070000000002","-73.833510000000004","40.760697","2014-01-06T00:06:00.000","2014-01-05T23:58:00.000","1","3.5800000000000001"
"-73.991844999999998","40.738202000000001","-73.995756999999998","40.736919999999998","2014-01-06T00:06:00.000","2014-01-06T00:06:00.000","1","0.37"
"-73.992914999999996","40.751907000000003","-73.979887000000005","40.722704999999998","2014-01-06T00:06:00.000","2014-01-05T23:55:00.000","2","2.7999999999999998"
"-73.980040000000002","40.760429999999999","-73.978489999999994","40.728929999999998","2014-01-06T00:06:00.000","2014-01-05T23:56:00.000","2","3.1000000000000001"
"-73.993542000000005","40.747042","-73.952371999999997","40.786462","2014-01-06T00:06:00.000","2014-01-05T23:51:00.000","5","4.2199999999999998"
"-74.008042000000003","40.704706999999999","-73.975892000000002","40.673917000000003","2014-01-06T00:06:00.000","2014-01-05T23:52:00.000","3","4.1900000000000004"
"-74.007727000000003","40.740982000000002","-73.965969999999999","40.759627000000002","2014-01-06T00:06:00.000","2014-01-05T23:52:00.000","3","3.6899999999999999"
"-74.002662999999998","40.728872000000003","-73.938928000000004","40.673909999999999","2014-01-06T00:06:00.000","2014-01-05T23:46:00.000","2","6.2000000000000002"
"-73.972440000000006","40.754607","-73.974422000000004","40.752502","2014-01-06T00:06:00.000","2014-01-06T00:05:00.000","1","0.19"
"-73.803652","40.678592000000002","-73.984340000000003","40.780701999999998","2014-01-06T00:06:00.000","2014-01-05T23:36:00.000","6","18.890000000000001"
"-73.962862000000001","40.799385000000001","-73.987296999999998","40.774372","2014-01-06T00:06:00.000","2014-01-05T23:58:00.000","1","2.5299999999999998"
"-73.987803","40.724086999999997","-73.962969999999999","40.766652000000001","2014-01-06T00:06:00.000","2014-01-05T23:57:00.000","6","3.5499999999999998"
"-73.962104999999994","40.763621999999998","-73.979939999999999","40.732427000000001","2014-01-06T00:06:00.000","2014-01-05T23:58:00.000","4","2.5699999999999998"
"-74.007864999999995","40.740651999999997","-73.984742999999995","40.768422000000001","2014-01-06T00:06:00.000","2014-01-05T23:50:00.000","1","3.2799999999999998"
"-73.984217000000001","40.761152000000003","-73.989945000000006","40.740752000000001","2014-01-06T00:06:00.000","2014-01-06T00:00:00.000","1","1.79"
"-73.789564999999996","40.643411999999998","-73.946376999999998","40.816457","2014-01-06T00:06:00.000","2014-01-05T23:36:00.000","1","18.850000000000001"
"-73.985249999999994","40.735889999999998","-73.963419999999999","40.762","2014-01-06T00:06:00.000","2014-01-05T23:58:00.000","2","2.3799999999999999"
"-73.776775000000001","40.645685","-73.779737999999995","40.710887","2014-01-06T00:06:00.000","2014-01-05T23:48:00.000","1","9.6600000000000001"
"-74.007462000000004","40.726722000000002","-73.971907000000002","40.756855000000002","2014-01-06T00:06:00.000","2014-01-05T23:52:00.000","1","3.7599999999999998"
"-73.997960000000006","40.751264999999997","-74.00403","40.741931999999998","2014-01-06T00:06:00.000","2014-01-06T00:04:00.000","6","0.68999999999999995"
"-73.991707000000005","40.726464999999997","-73.953033000000005","40.771639999999998","2014-01-06T00:06:00.000","2014-01-05T23:54:00.000","5","3.98"
"-73.974896999999999","40.753701999999997","-73.967186999999996","40.75271","2014-01-06T00:06:00.000","2014-01-06T00:03:00.000","3","0.64000000000000001"
"-74.016220000000004","40.710680000000004","-74.006668000000005","40.715777000000003","2014-01-06T00:06:00.000","2014-01-06T00:00:00.000","1","0.10000000000000001"
"-73.982572000000005","40.727395000000001","-73.978468000000007","40.782871999999998","2014-01-06T00:06:00.000","2014-01-05T23:50:00.000","3","5.1900000000000004"
